ACFT_SERIES,ICAO,ENGINE_ID,ENG_TYPE,NB_ENG,BADA3,BADA4,BADA_TYPE
520T,EGRT,TPE331-14B,TPE331-14F-801L,1,Q9,,T
A26B INVADER,B26,Prop>500hp,R-2800,2,S2P,,P
A300B2 103,A30B,3GE070,CF6-50C,2,A30B,A300B4-203,J
A300B2 1C,A30B,3GE074,CF6-50C2,2,A30B,A300B4-203,J
A300B2 203,A30B,3GE074,CF6-50C2,2,A30B,A300B4-203,J
A300B2 2C,A30B,3GE074,CF6-50C2,2,A30B,A300B4-203,J
A300B2K 3C,A30B,3GE074,CF6-50C2,2,A30B,A300B4-203,J
A300B4 103,A30B,3GE074,CF6-50C2,2,A30B,A300B4-203,J
A300B4 103 F,A30B,3GE074,CF6-50C2,2,A30B,A300B4-203,J
A300B4 203,A30B,3GE074,CF6-50C2,2,A30B,A300B4-203,J
A300B4 203 F,A30B,3GE074,CF6-50C2,2,A30B,A300B4-203,J
A300B4 601,A306,2GE036,CF6-80C2A1,2,A306,A300B4-601,J
A300B4 603,A306,2GE038,CF6-80C2A3,2,A306,A300B4-601,J
A300B4 605R,A306,2GE039,CF6-80C2A5,2,A306,A300B4-601,J
A300B4 605R F,A306,2GE039,CF6-80C2A5,2,A306,A300B4-601,J
A300B4 608ST,A3ST,2GE040,CF6-80C2A8,2,A3ST,A300B4-608ST,J
A300B4 620,A306,1PW030,JT9D-7R4H1,2,A306,A300B4-622,J
A300B4 622 F,A306,1PW048,PW4158,2,A306,A300B4-622,J
A300B4 622R,A306,1PW048,PW4158,2,A306,A300B4-622,J
A300B4 622R F,A306,1PW048,PW4158,2,A306,A300B4-622,J
A300C4 203 F,A30B,3GE074,CF6-50C2,2,A30B,A300B4-203,J
A300C4 605F,A306,2GE039,CF6-80C2A5,2,A306,A300B4-601,J
A300C4 605F,A306,3GE056,CF6-80C2A5F,2,A306,A300B4-601,J
A300C4 620,A306,1PW030,JT9D-7R4H1,2,A306,A300B4-622,J
A300F4 203,A30B,3GE074,CF6-50C2,2,A30B,A300B4-203,J
A300F4 605R,A306,2GE039,CF6-80C2A5,2,A306,A300B4-601,J
A300F4 605R,A306,3GE056,CF6-80C2A5F,2,A306,A300B4-601,J
A300F4 622R,A306,1PW048,PW4158,2,A306,A300B4-622,J
A310 203,A310,1GE013,CF6-80A3,2,A310,A310-204,J
A310 203 F,A310,1GE013,CF6-80A3,2,A310,A310-204,J
A310 204,A310,2GE037,CF6-80C2A2,2,A310,A310-204,J
A310 221 F,A310,1PW026,JT9D-7R4D1,2,A310,A310-222,J
A310 222,A310,1PW027,JT9D-7R4E1,2,A310,A310-222,J
A310 222 F,A310,1PW027,JT9D-7R4E1,2,A310,A310-222,J
A310 304,A310,2GE037,CF6-80C2A2,2,A310,A310-308,J
A310 304 F,A310,2GE037,CF6-80C2A2,2,A310,A310-308,J
A310 304ET,A310,2GE037,CF6-80C2A2,2,A310,A310-308,J
A310 304MRTT,A310,2GE037,CF6-80C2A2,2,A310,A310-308,J
A310 308,A310,2GE037,CF6-80C2A2,2,A310,A310-308,J
A310 308,A310,2GE040,CF6-80C2A8,2,A310,A310-308,J
A310 308 F,A310,2GE040,CF6-80C2A8,2,A310,A310-308,J
A310 322,A310,1PW027,JT9D-7R4E1,2,A310,A310-322,J
A310 322ET,A310,1PW027,JT9D-7R4E1,2,A310,A310-322,J
A310 324,A310,1PW045,PW4152,2,A310,A310-324,J
A310 324 F,A310,1PW045,PW4152,2,A310,A310-324,J
A310 324ET,A310,1PW045,PW4152,2,A310,A310-324,J
A310 324ET F,A310,1PW045,PW4152,2,A310,A310-324,J
A310 325,A310,1PW047,PW4156A,2,A310,A310-324,J
A310 325ET,A310,1PW047,PW4156A,2,A310,A310-324,J
A318 111,A318,7CM048,CFM56-5B8/P,2,A318,A318-112,J
A318 111 ELITE,A318,7CM048,CFM56-5B8/P,2,A318,A318-112,J
A318 112,A318,7CM048,CFM56-5B8/P,2,A318,A318-112,J
A318 112 ELITE,A318,7CM048,CFM56-5B8/P,2,A318,A318-112,J
A318 121,A318,7CM048,UNKNOWN,2,A318,A318-112,J
A318 121,A318,7PW083,PW6122,2,A318,A318-112,J
A318 122,A318,7PW084,PW6124A,2,A318,A318-112,J
A319 111,A319,01P08CM106,CFM56-5B5/3,2,A319,A319-114,J
A319 111,A319,3CM027,CFM56-5B5/P,2,A319,A319-114,J
A319 111,A319,3CM028,CFM56-5B6/P,2,A319,A319-114,J
A319 112,A319,3CM022,CFM56-5B6/2P,2,A319,A319-114,J
A319 112,A319,3CM027,CFM56-5B5/P,2,A319,A319-114,J
A319 112,A319,3CM028,CFM56-5B6/P,2,A319,A319-114,J
A319 112 SL,A319,3CM028,CFM56-5B6/P,2,A319,A319-114,J
A319 112X,A319,3CM027,CFM56-5B5/P,2,A319,A319-114,J
A319 113,A319,4CM035,CFM56-5A4,2,A319,A319-114,J
A319 114,A319,4CM036,CFM56-5A5,2,A319,A319-114,J
A319 115,A319,01P08CM108,CFM56-5B7,2,A319,A319-114,J
A319 115,A319,6CM044,CFM56-5B7/P,2,A319,A319-114,J
A319 115 SL,A319,01P08CM108,CFM56-5B7,2,A319,A319-114,J
A319 115 SL,A319,3CM028,CFM56-5B6/P,2,A319,A319-114,J
A319 115 SL,A319,6CM044,CFM56-5B7/P,2,A319,A319-114,J
A319 115LR,A319,6CM044,CFM56-5B7/P,2,A319,A319-114,J
A319 115X,A319,01P08CM108,CFM56-5B7,2,A319,A319-114,J
A319 115X,A319,3CM027,CFM56-5B5/P,2,A319,A319-114,J
A319 115X,A319,4CM036,CFM56-5A5,2,A319,A319-114,J
A319 115X,A319,6CM044,CFM56-5B7/P,2,A319,A319-114,J
A319 115X SL,A319,01P08CM108,CFM56-5B7,2,A319,A319-114,J
A319 115X SL,A319,3CM027,CFM56-5B5/P,2,A319,A319-114,J
A319 115X SL,A319,6CM044,CFM56-5B7/P,2,A319,A319-114,J
A319 131,A319,3IA006,V2522-A5,2,A319,A319-131,J
A319 132,A319,3IA007,V2524-A5,2,A319,A319-131,J
A319 132 SL,A319,3IA007,V2524-A5,2,A319,A319-131,J
A319 132LR,A319,3IA006,V2522-A5,2,A319,A319-131,J
A319 132X,A319,3IA007,V2524-A5,2,A319,A319-131,J
A319 133,A319,8IA009,V2527M-A5,2,A319,A319-131,J
A319 133 SL,A319,8IA009,V2527M-A5,2,A319,A319-131,J
A319 133LR,A319,1IA003,V2527-A5,2,A319,A319-131,J
A319 133LR,A319,8IA009,V2527M-A5,2,A319,A319-131,J
A319 133X,A319,1IA003,V2527-A5,2,A319,A319-131,J
A319 133X,A319,3IA007,UNKNOWN,2,A319,A319-131,J
A319 133X,A319,8IA009,V2527M-A5,2,A319,A319-131,J
A319 153N,A19N,01P20CM128,LEAP-1A26,2,A20N,,J
A319 153N CJ,A19N,01P20CM128,LEAP-1A26,2,A20N,,J
A320 111,A320,1CM008,CFM56-5A1,2,A320,A320-212,J
A320 211,A320,1CM008,CFM56-5A1,2,A320,A320-212,J
A320 211 SL,A320,1CM009,CFM56-5A3,2,A320,A320-212,J
A320 212,A320,1CM009,CFM56-5A3,2,A320,A320-212,J
A320 214,A320,01P08CM105,CFM56-5B4/3,2,A320,A320-214,J
A320 214,A320,2CM014,CFM56,2,A320,A320-214,J
A320 214,A320,2CM018,CFM56-5B4/2,2,A320,A320-214,J
A320 214,A320,3CM021,CFM56-5B4/2P,2,A320,A320-214,J
A320 214,A320,3CM026,CFM56-5B4/P,2,A320,A320-214,J
A320 214 SL,A320,01P08CM105,CFM56-5B4/3,2,A320,A320-214,J
A320 214 SL,A320,3CM021,CFM56-5B4/2P,2,A320,A320-214,J
A320 214 SL,A320,3CM026,CFM56-5B4/P,2,A320,A320-214,J
A320 214X,A320,3CM026,CFM56-5B4/P,2,A320,A320-214,J
A320 214X SL,A320,3CM026,CFM56-5B4/P,2,A320,A320-214,J
A320 216,A320,3CM026,CFM56-5B4/P,2,A320,A320-214,J
A320 216,A320,3CM028,CFM56-5B6/P,2,A320,A320-214,J
A320 216 SL,A320,3CM026,CFM56-5B4/P,2,A320,A320-214,J
A320 216 SL,A320,3CM028,CFM56-5B6/P,2,A320,A320-214,J
A320 231,A320,1IA001,V2500-A1,2,A320,A320-231,J
A320 232,A320,1IA003,V2527-A5,2,A320,A320-232,J
A320 232 P2F,A320,1IA003,V2527-A5,2,A320,A320-232,J
A320 232 SL,A320,1IA003,V2527-A5,2,A320,A320-232,J
A320 232X,A320,1IA003,V2527-A5,2,A320,A320-232,J
A320 232X SL,A320,1IA003,V2527-A5,2,A320,A320-232,J
A320 233,A320,1IA003,V2527-A5,2,A320,A320-232,J
A320 233,A320,8IA010,V2527E-A5,2,A320,A320-232,J
A320 233 SL,A320,8IA010,V2527E-A5,2,A320,A320-232,J
A320 251N,A20N,01P20CM128,LEAP-1A26,2,A20N,A320-271N,J
A320 251N ACJ,A20N,01P20CM128,LEAP-1A26,2,A20N,A320-271N,J
A320 252N,A20N,01P20CM127,LEAP-1A24,2,A20N,A320-271N,J
A320 252N,A20N,01P20CM128,LEAP-1A26,2,A20N,A320-271N,J
A320 271N,A20N,01P22PW163,PW1127G-JM,2,A20N,A320-271N,J
A320 272N,A20N,01P22PW160,PW1124G-JM,2,A20N,A320-271N,J
A320 272N,A20N,01P22PW163,PW1124G,2,A20N,A320-271N,J
A321 111,A321,2CM012,CFM56-5B1,2,A321,A321-111,J
A321 112,A321,2CM013,CFM56-5B2,2,A321,A321-111,J
A321 131,A321,1IA005,V2530-A5,2,A321,A321-131,J
A321 211,A321,01P08CM104,CFM56-5B3,2,A321,A321-111,J
A321 211,A321,3CM025,CFM56-5B3/P,2,A321,A321-111,J
A321 211,A321,3IA008,UNKNOWN,2,A321,A321-111,J
A321 211 P2F,A321,01P08CM104,CFM56-5B3,2,A321,A321-111,J
A321 211 P2F,A321,3CM025,CFM56-5B3/P,2,A321,A321-111,J
A321 211 PCF,A321,3CM025,CFM56-5B3/P,2,A321,A321-111,J
A321 211 SL,A321,01P08CM104,CFM56-5B3,2,A321,A321-111,J
A321 211 SL,A321,2CM012,CFM56-5B1,2,A321,A321-131,J
A321 211 SL,A321,3CM020,CFM56-5B1/2P,2,A321,A321-131,J
A321 211 SL,A321,3CM025,CFM56-5B3/P,2,A321,A321-111,J
A321 211 SL,A321,3CM026,CFM56-5B4/P,2,A321,A321-111,J
A321 212,A321,3CM020,CFM56-5B1/2P,2,A321,A321-111,J
A321 213,A321,2CM013,CFM56-5B2,2,A321,A321-111,J
A321 213 SL,A321,2CM013,CFM56-5B2,2,A321,A321-111,J
A321 213 SL,A321,3CM025,CFM56-5B3/P,2,A321,A321-111,J
A321 231,A321,3IA008,V2533-A5,2,A321,A321-131,J
A321 231 P2F,A321,3IA008,V2533-A5,2,A321,A321-131,J
A321 231 PCF,A321,3IA008,V2533-A5,2,A321,A321-131,J
A321 231 SL,A321,3IA008,V2533-A5,2,A321,A321-131,J
A321 232,A321,1IA005,V2530-A5,2,A321,A321-131,J
A321 232 PCF,A321,1IA005,V2530-A5,2,A321,A321-131,J
A321 232 SL,A321,1IA005,V2530-A5,2,A321,A321-131,J
A321 251N,A21N,01P20CM132,LEAP-1A32,2,A21N,,J
A321 251NX,A21N,01P20CM132,LEAP-1A32,2,A21N,,J
A321 251NX LR,A21N,01P20CM132,LEAP-1A32,2,A21N,,J
A321 251NY XLR,A21N,01P20CM132,LEAP-1A32,2,A21N,,J
A321 252NX,A21N,01P20CM132,LEAP-1A30,2,A21N,,J
A321 253N,A21N,01P20CM132,LEAP-1A33,2,A21N,,J
A321 253NX,A21N,01P20CM132,LEAP-1A33,2,A21N,,J
A321 253NX LR,A21N,01P20CM132,LEAP-1A33,2,A21N,,J
A321 253NY XLR,A21N,01P20CM132,LEAP-1A32,2,A21N,,J
A321 271N,A21N,01P22PW167,PW1133G-JM,2,A21N,,J
A321 271NX,A21N,01P22PW167,PW1133G-JM,2,A21N,,J
A321 271NXLR,A21N,01P22PW167,PW1133G-JM,2,A21N,,J
A321 272N,A21N,01P22PW165,PW1130G-JM,2,A21N,,J
A321 272NX,A21N,01P22PW165,PW1130G-JM,2,A21N,,J
A330 201,A332,2GE051,CF6-80E1A2,2,A332,A330-203,J
A330 201 MRTT,A332,2GE051,CF6-80E1A2,2,A332,A330-203,J
A330 202,A332,2GE051,CF6-80E1A2,2,A332,A330-203,J
A330 202,A332,4GE081,CF6-80E1A4,2,A332,A330-203,J
A330 202,A332,5GE085,CF6-80E1A3,2,A332,A330-203,J
A330 202 P2F,A332,5GE085,CF6-80E1A3,2,A332,A330-203,J
A330 202MRTT,A332,4GE081,CF6-80E1A4,2,A332,A330-203,J
A330 202MRTT,A332,5GE085,CF6-80E1A3,2,A332,A330-203,J
A330 203,A332,2GE051,CF6-80E1A2,2,A332,A330-203,J
A330 203,A332,5GE085,CF6-80E1A3,2,A332,A330-203,J
A330 203MRTT,A332,5GE085,CF6-80E1A3,2,A332,A330-203,J
A330 223,A332,01P14RR102,TRENT 772B-60,2,A332,A330-223,J
A330 223,A332,2GE051,CF6-80E1A2,2,A332,A330-223,J
A330 223,A332,4GE081,CF6-80E1A4,2,A332,A330-223,J
A330 223,A332,5GE085,CF6-80E1A3,2,A332,A330-223,J
A330 223,A332,7PW082,PW4168A,2,A332,A330-223,J
A330 223F,A332,7PW082,PW4168A,2,A332,A330-223,J
A330 243,A332,01P14RR102,TRENT 772B-60,2,A332,A330-243,J
A330 243,A332,7PW082,PW4168A,2,A332,A330-223,J
A330 243 F,A332,01P14RR102,TRENT 772B-60,2,A332,A330-243,J
A330 243 MRTT,A332,01P14RR102,TRENT 772B-60,2,A332,A330-243,J
A330 243 P2F,A332,01P14RR102,TRENT 772B-60,2,A332,A330-243,J
A330 243F,A332,01P14RR102,TRENT 772B-60,2,A332,A330-243,J
A330 243F,A332,7PW082,PW4168A,2,A332,A330-223,J
A330 243MRTT,A332,5GE085,CF6-80E1A3,2,A332,A330-223,J
A330 301,A333,2GE051,CF6-80E1A2,2,A333,A330-301,J
A330 302,A333,2GE051,CF6-80E1A2,2,A333,A330-301,J
A330 302,A333,4GE081,CF6-80E1A4,2,A333,A330-301,J
A330 302,A333,7PW082,PW4168A,2,A333,A330-321,J
A330 303,A333,2GE051,CF6-80E1A2,2,A333,A330-301,J
A330 321,A333,7PW081,PW4164,2,A333,A330-321,J
A330 322,A333,5PW075,PW4168,2,A333,A330-321,J
A330 322 F,A333,5PW075,PW4168,2,A333,A330-321,J
A330 323,A333,01P14RR102,TRENT 772B-60,2,A333,A330-341,J
A330 323,A333,7PW082,PW4168A,2,A333,A330-321,J
A330 323X,A333,7PW082,PW4168A,2,A333,A330-321,J
A330 323X,A333,9PW093,PW4168-1D,2,A333,A330-321,J
A330 341,A333,01P14RR101,TRENT 668,2,A333,A330-341,J
A330 342,A333,01P14RR102,TRENT 772-60,2,A333,A330-341,J
A330 343,A333,01P14RR102,TRENT 772B-60,2,A333,A330-341,J
A330 343 P2F,A333,01P14RR102,TRENT 772B-60,2,A333,A330-341,J
A330 343E,A333,01P14RR102,TRENT 772B-60,2,A333,A330-341,J
A330 743L,A337,01P14RR102,TRENT 772B-60,2,A3ST, A300B4-608ST,J
A330 841,A338,04P24RR146,TRENT 7000-72,2,A339,,J
A330 941,A339,04P24RR146,TRENT 7000-72,2,A339,,J
A340 211,A342,1CM010,CFM56-5C2,4,A342,A340-213,J
A340 212,A342,1CM010,CFM56-5C2,4,A342,A340-213,J
A340 212,A342,1CM011,CFM56-5C3,4,A342,A340-213,J
A340 213,A342,1CM010,CFM56-5C2,4,A342,A340-213,J
A340 213,A342,1CM011,CFM56-5C3,4,A342,A340-213,J
A340 311,A343,1CM010,CFM56-5C2,4,A343,A340-313,J
A340 312,A343,1CM011,CFM56-5C3,4,A343,A340-313,J
A340 312,A343,7CM046,CFM56-5C3/F,4,A343,A340-313,J
A340 313,A343,1CM010,CFM56-5C2,4,A343,A340-313,J
A340 313,A343,2CM015,CFM56-5C4,4,A343,A340-313,J
A340 313,A343,7CM047,CFM56-5C4/P,4,A343,A340-313,J
A340 313E,A343,7CM047,CFM56-5C4/P,4,A343,A340-313,J
A340 541,A345,8RR044,TRENT 553,4,A345,A340-541,J
A340 542,A345,8RR045,TRENT 556,4,A345,A340-541,J
A340 642,A346,8RR044,TRENT 553,4,A346,A340-642,J
A340 642,A346,8RR045,TRENT 556-61,4,A346,A340-642,J
A340 642 HGW,A346,8RR045,TRENT 556-61,4,A346,A340-642,J
A340 642HGW,A346,8RR045,TRENT 556-61,4,A346,A340-642,J
A350 1041,A35K,01P21RR125,TRENT XWB-97,2,A35K,,J
A350 941,A359,01P18RR124,TRENT XWB-84,2,A359,A350-941,J
A350 941 CJ,A359,01P18RR124,TRENT XWB-84,2,A359,A350-941,J
A350 941 ULR,A359,01P18RR124,TRENT XWB-84,2,A359,A350-941,J
A350 942,A359,01P18RR124,TRENT XWB-84,2,A359,A350-941,J
A380 841,A388,01P18RR103,TRENT 970-84,4,A388,A380-841,J
A380 842,A388,01P18RR103,TRENT 970-84,4,A388,A380-841,J
A380 861,A388,01P18RR103,TRENT 970-84,4,A388,A380-841,J
A380 861,A388,9EA001,GP7270,4,A388,A380-861,J
ACJ320 251N,A20N,01P20CM128,LEAP-1A26,2,A20N,A320-271N,J
AEROSTAR 602P,AEST,IO-540-T4A5D,IO-540-A1A5,2,BE58,,P
AIRBUS ACJ TWOTWENTY,BCS1,04P20PW196,PW1524G,2,B736,,J
AN 3T,AN3,BIZLIGHTPROP_F,TVD-20,1,Q9,,T
AN12,AN12,AI-24VT,AI-20M,4,AN12,,T
AN124,A124,1ZM001,D-18T,4,A124,,J
AN124 100,A124,1ZM001,D-18T,4,A124,,J
AN124 100M,A124,1ZM001,D-18T,4,A124,,J
AN124 100M 150,A124,1ZM001,D-18T,4,A124,,J
AN12B,AN12,AI-24VT,AI-20M,4,AN12,,T
AN12BK,AN12,AI-24VT,AI-20M,4,AN12,,T
AN12BP,AN12,AI-24VT,AI-20M,4,AN12,,T
AN12TA,AN12,AI-24VT,AI-20M,4,AN12,,T
AN12TB,AN12,AI-24VT,AI-20M,4,AN12,,T
AN12V,AN12,AI-24VT,AI-20M,4,AN12,,T
AN132D,AN32,PW150A,PW150,2,AN32,,T
AN140,A140,13ZM004,TV3-117VMA-SBM1,2,A140,,T
AN140 100,A140,13ZM004,TV3-117VMA-SBM1,2,A140,,T
AN148,A148,13ZM004,D-436-148,2,A148,,J
AN148 100B,A148,13ZM004,D-436-148,2,A148,,J
AN148 100E,A148,13ZM004,D-436-148,2,A148,,J
AN158,A148,13ZM004,D-436-148,2,A148,,J
AN178,A178,13ZM003,D-436-148FM,2,E190,,J
AN2,AN2,Prop>500hp,ASH-621R,1,C188,,P
AN225,A225,1ZM001,D-18T,6,A124,,J
AN22A,AN22,BIZHEAVYPROP_F,NK-12MA,4,AN12,,T
AN24B,AN24,AI-24VT,AI-24-II,2,AN24,,T
AN24RT,AN24,AI-24VT,AI-24VT,2,AN24,,T
AN24RV,AN24,AI-24VT,AI-24VT,2,AN24,,T
AN24T,AN24,AI-24VT,AI-24VT,2,AN24,,T
AN24TV,AN24,AI-24VT,AI-24VT,2,AN24,,T
AN26,AN26,AI-24VT,AI-24VT,2,AN30,,T
AN26B,AN26,AI-24VT,AI-24VT,2,AN30,,T
AN26B 100,AN26,AI-24VT,AI-24VT,2,AN30,,T
AN26T,AN26,AI-24VT,AI-24VT,2,AN30,,T
AN2T,AN2,Prop>500hp,ASH-621R,1,C188,,P
AN30,AN30,AI-24VT,AI-24VT,2,AN30,,T
AN32,AN32,AI-24VT,AI-20D,2,AN32,,T
AN32B,AN32,AI-24VT,AI-20D,2,AN32,,T
AN32P,AN32,AI-24VT,AI-20D,2,AN32,,T
AN70,AN70,BIZHEAVYPROP_F,D-27,4,C130,,T
AN72,AN72,1ZM001,D-36,2,F28,,J
AN72 100,AN72,1ZM001,D-36-2A,2,F28,,J
AN74,AN72,1ZM001,D-36,2,F28,,J
AN74 200,AN72,1ZM001,D-36-3A,2,F28,,J
AN74T,AN72,1ZM001,D-36,2,F28,,J
AN74T 100,AN72,1ZM001,D-36,2,F28,,J
AN74TK 200,AN72,13ZM002,D-36-3A,2,F28,,J
AN74TK 200,AN72,1ZM001,D-36,2,F28,,J
AN74TK 200A,AN72,13ZM002,D-36-3A,2,F28,,J
AN74TK 300,AN72,13ZM002,D-36-3A,2,F28,,J
AN74TK 300D,AN72,13ZM002,D-36-3A,2,F28,,J
AP68TP 300,P68T,BIZLIGHTPROP_F,250-B17C,2,K100,,T
AP68TP 600,P68T,BIZLIGHTPROP_F,250-B17C,2,K100,,T
ARJ21 700,AJ27,01P11GE202,CF34-10A,2,A148,,J
AT802,AT8T,PT6A-65R,PT6A-65R,1,PC12,,T
AT802,AT8T,PT6A-67AG,PT6A-67AG,1,PC12,,T
AT802,AT8T,PT6A-67R,PT6A-67R,1,PC12,,T
AT802A,AT8T,PT6A-67R,PT6A-67R,1,PC12,,T
ATP,ATP,PW126A,PW126,2,ATP,,T
ATP F,ATP,PW126A,PW126,2,ATP,,T
ATR42 300,AT43,PW120,PW120,2,AT43,ATR42-300,T
ATR42 300,AT43,PW121,PW121,2,AT43,ATR42-300,T
ATR42 300 F,AT43,PW120,PW120,2,AT43,ATR42-300,T
ATR42 310,AT43,PW120,PW120,2,AT43,ATR42-300,T
ATR42 310,AT43,PW121,PW121,2,AT43,ATR42-300,T
ATR42 320,AT43,PW120,PW120,2,AT43,ATR42-320,T
ATR42 320,AT43,PW121,PW121,2,AT43,ATR42-320,T
ATR42 320 F,AT43,PW120,PW120,2,AT43,ATR42-320,T
ATR42 320 F,AT43,PW121,PW121,2,AT43,ATR42-320,T
ATR42 420,AT44,PW121A,PW121A,2,AT45,ATR42-400,T
ATR42 420,AT44,PW127E,PW127E,2,AT45,ATR42-400,T
ATR42 420MP,AT44,PW121,PW121,2,AT45,ATR42-400,T
ATR42 420MP,AT44,PW127E,PW127E,2,AT45,ATR42-400,T
ATR42 500,AT45,PW127E,PW127E,2,AT45,ATR42-500,T
ATR42 512,AT45,PW127E,PW127E,2,AT45,ATR42-500,T
ATR42 600,AT46,PW127,PW127M,2,AT45,,T
ATR42M 200,AT44,PW120,PW120,2,AT45,ATR42-400,T
ATR72 201,AT72,PW124B,PW124B,2,AT72,ATR72-200,T
ATR72 201 F,AT72,PW124B,PW124B,2,AT72,ATR72-200,T
ATR72 202,AT72,PW124B,PW124B,2,AT72,ATR72-200,T
ATR72 202,AT72,PW127,PW127,2,AT72,ATR72-200,T
ATR72 202 F,AT72,PW124B,PW124B,2,AT72,ATR72-200,T
ATR72 210,AT73,PW124B,PW124B,2,AT73,ATR72-210,T
ATR72 211 F,AT73,PW127,PW127,2,AT73,ATR72-210,T
ATR72 212,AT73,PW124B,PW124,2,AT73,ATR72-210,T
ATR72 212,AT73,PW127,PW127,2,AT73,ATR72-210,T
ATR72 212 F,AT73,PW127,PW127,2,AT73,ATR72-210,T
ATR72 212A,AT75,PW127,PW127,2,AT75,ATR72-500,T
ATR72 212A,AT75,PW127F,PW127F,2,AT75,ATR72-500,T
ATR72 212A F,AT75,PW127,PW127,2,AT75,ATR72-500,T
ATR72 212A F,AT75,PW127F,PW127F,2,AT75,ATR72-500,T
ATR72 500,AT75,PW127,PW127,2,AT75,ATR72-500,T
ATR72 600,AT76,PW127,PW127M,2,AT76,ATR72-600,T
ATR72 600,AT76,PW127F,PW127F,2,AT76,ATR72-600,T
ATR72 600F,AT76,PW127,PW127M,2,AT76,ATR72-600,T
B707 138B,B701,1PW001,JT3D-1/Q,4,B703,,J
B707 307C,B703,1PW001,JT3D-3BQ,4,B703,,J
B707 321B Q,B703,1PW001,JT3D-1/Q,4,B703,,J
B707 321B Q,B703,1PW002,JT4A,4,B703,,J
B707 321C,B703,1PW001,JT3D-3BQ,4,B703,,J
B707 323C,B703,1PW001,JT3D-3BQ,4,B703,,J
B707 324C,B703,1PW001,JT3D-3BQ,4,B703,,J
B707 330B,B703,1PW002,JT3D-7/Q,4,B703,,J
B707 331B,B703,1PW001,JT3D-3B,4,B703,,J
B707 331C,B703,1PW001,JT3D-3B,4,B703,,J
B707 338C,B703,1PW001,JT3D-3B,4,B703,,J
B707 340C,B703,1PW001,JT3D-3B,4,B703,,J
B707 344C,B703,1PW002,JT3D-7,4,B703,,J
B707 345C,B703,1PW001,UNKNOWN,4,B703,,J
B707 351C KC135A,K35E,1CM002,UNKNOWN,4,B703,,J
B707 366C,B703,1PW002,JT3D-7/Q,4,B703,,J
B707 368C,B703,1PW001,JT3D-3B,4,B703,,J
B707 373C,B703,1PW001,JT3D-3B,4,B703,,J
B707 384C,B703,1PW001,UNKNOWN,4,B703,,J
B707 386C,B703,1PW001,JT3D-3B,4,B703,,J
B707 387B F,B703,1PW001,JT3D-3B,4,B703,,J
B707 3J6B,B703,1PW002,JT3D-7/Q,4,B703,,J
B707 3J6C,B703,1PW002,JT3D-7/Q,4,B703,,J
B707 3J9C,B703,1PW001,UNKNOWN,4,B703,,J
B707 3K1C,B703,1PW001,JT3D-3B/Q,4,B703,,J
B707 3L6B,B703,1PW002,JT3D-7/Q,4,B703,,J
B707 3L6C,B703,1PW002,JT3D-7/Q,4,B703,,J
B707 3M1C,B703,1PW001,JT3D-3B,4,B703,,J
B707 3P1C,B703,1PW001,JT3D-3B/7Q,4,B703,,J
B707 3W6C,B703,1PW001,JT3D-3BQ,4,B703,,J
B707 E 3D AEW 1,E3CF,1CM001,UNKNOWN,4,DC87,,J
B707 E3A,E3CF,1CM001,UNKNOWN,4,DC87,,J
B707 E3D,E3CF,1CM001,UNKNOWN,4,DC87,,J
B707 E6A,E6,1PW001,UNKNOWN,4,DC87,,J
B707 E8B,B703,1PW001,JT3D-3BQ,4,B703,,J
B707 E8C,B703,1PW001,JT3D-3B,4,B703,,J
B707 KC 135E,K35E,1CM001,UNKNOWN,4,B703,,J
B707 KC 135R,K35R,1CM001,UNKNOWN,4,B703,,J
B707 RC 135W,K35E,1CM001,CFM56,4,B703,,J
B707 TC 135B,B701,1CM001,UNKNOWN,4,B703,,J
B717 22K,B712,4BR005,BR715,2,B712,B712HGW21,J
B717 22K,B712,4BR007,BR715C,2,B712,B712HGW21,J
B717 231,B712,4BR005,BR715,2,B712,B712HGW21,J
B717 23S,B712,4BR005,BR715,2,B712,B712HGW21,J
B717 2BL,B712,4BR005,BR715A,2,B712,B712HGW21,J
B717 2CM,B712,4BR005,BR715,2,B712,B712HGW21,J
B717 2K9,B712,4BR005,BR715,2,B712,B712HGW21,J
B727 108C RE,B721,3RR032,TAY 651-54,3,B722,,J
B727 109,B721,8PW085,JT8D-7,3,B722,,J
B727 14,B721,8PW085,JT8D-7,3,B722,,J
B727 17 RE,B721,4PW070,JT8D-217C2/17A1,3,B722,,J
B727 173C RE,B721,3RR032,TAY 651-54,3,B722,,J
B727 180C RE,B721,3RR032,TAY 651-54,3,B722,,J
B727 185C RE,B721,3RR032,TAY 651-54,3,B722,,J
B727 1A7C RE,B721,3RR032,TAY 651-54,3,B722,,J
B727 1H2 RE,B721,4PW070,JT8D-217C2/9A1,3,B722,,J
B727 21,B721,1PW006,JT8D-9/Q,3,B722,,J
B727 21,B721,8PW085,JT8D-7B/Q,3,B722,,J
B727 212,B722,1PW012,JT8D-17/Q,3,B722,,J
B727 212 ADV,B722,1PW014,JT8D-17A/Q,3,B722,,J
B727 212 RE,B722,4PW070,JT8D-217C2/17A1,3,B722,,J
B727 212 RE ADV,B722,4PW070,JT8D-217C2/17A1,3,B722,,J
B727 22,B722,8PW085,JT8D-7B/Q,3,B722,,J
B727 22 F,B722,8PW085,JT8D-7B/Q,3,B722,,J
B727 22 RE,B722,4PW070,JT8D-217C217A1,3,B722,,J
B727 221 F,B722,1PW016,JT8D-17R/Q,3,B722,,J
B727 221 RE ADV,B722,4PW070,JT8D-217C2/17A1,3,B722,,J
B727 222 F,B722,1PW009,JT8D-15,3,B722,,J
B727 223 ADV,B722,1PW006,JT8D-9A/Q,3,B722,,J
B727 223 F ADV,B722,1PW006,JT8D-9A/Q,3,B722,,J
B727 225,B722,1PW009,JT8D-15,3,B722,,J
B727 225,B722,1PW016,JT8D-17R,3,B722,,J
B727 225 F,B722,1PW009,JT8D-15,3,B722,,J
B727 225 F ADV,B722,1PW009,JT8D-15,3,B722,,J
B727 227 F ADV,B722,1PW006,JT8D-9A/Q,3,B722,,J
B727 227 F ADV,B722,1PW012,JT8D-17,3,B722,,J
B727 227 F ADV,B722,1PW016,JT8D-17R,3,B722,,J
B727 228 ADV,B722,1PW009,JT8D-15,3,B722,,J
B727 228 ADV,B722,1PW011,JT8D-15A,3,B722,,J
B727 22C,B722,8PW085,JT8D-7B/Q,3,B722,,J
B727 22C QF,B722,3RR032,TAY 651-54,3,B722,,J
B727 22C RE,B722,3RR032,TAY 651-54,3,B722,,J
B727 23,B722,8PW085,JT8D-7B,3,B722,,J
B727 23 Q,B722,3RR032,TAY 651-54,3,B722,,J
B727 230,B722,1PW009,JT8D-15,3,B722,,J
B727 230 ADV,B722,1PW009,JT8D-15/Q,3,B722,,J
B727 230 F ADV,B722,1PW009,JT8D-15/Q,3,B722,,J
B727 232,B722,1PW009,JT8D-15/Q,3,B722,,J
B727 232 ADV,B722,1PW009,JT8D-15,3,B722,,J
B727 233 F ADV,B722,1PW009,JT8D-15,3,B722,,J
B727 235,B722,8PW085,JT8D-7B,3,B722,,J
B727 243 ADV,B722,1PW009,JT8D-15,3,B722,,J
B727 247,B722,1PW009,JT8D-15,3,B722,,J
B727 251,B722,1PW009,JT8D-15,3,B722,,J
B727 256 ADV,B722,1PW006,JT8D-9,3,B722,,J
B727 25C,B722,8PW085,JT8D-7B/Q,3,B722,,J
B727 25C RE,B722,3RR032,TAY 651-54,3,B722,,J
B727 260 F ADV,B722,1PW016,JT8D-17R/Q,3,B722,,J
B727 264 ADV,B722,1PW016,JT8D-17R,3,B722,,J
B727 264 F ADV,B722,1PW016,JT8D-17R/Q,3,B722,,J
B727 269 ADV,B722,1PW016,JT8D-17R,3,B722,,J
B727 276 ADV,B722,1PW006,JT8D-9/Q,3,B722,,J
B727 281 F ADV,B722,1PW012,JT8D-17/Q,3,B722,,J
B727 281 RE,B722,4PW070,JT8D-217C2/17A1,3,B722,,J
B727 282,B722,1PW012,JT8D-17/Q,3,B722,,J
B727 286,B722,1PW009,JT8D-15,3,B722,,J
B727 294 ADV,B722,1PW012,JT8D-17,3,B722,,J
B727 2B7,B722,1PW014,JT8D-17A,3,B722,,J
B727 2D6 ADV,B722,1PW009,JT8D-15,3,B722,,J
B727 2F2 ADV,B722,1PW009,JT8D-15,3,B722,,J
B727 2F2 F ADV,B722,1PW009,JT8D-15,3,B722,,J
B727 2H9 ADV,B722,1PW006,JT8D-9A,3,B722,,J
B727 2J4 ADV,B722,8PW085,JT8D-7B,3,B722,,J
B727 2K5 ADV,B722,1PW012,JT8D-17,3,B722,,J
B727 2L5 ADV,B722,1PW009,JT8D-15,3,B722,,J
B727 2L8 ADV,B722,1PW009,JT8D-15,3,B722,,J
B727 2M1 RE ADV,B722,4PW070,JT8D-217C2/17A1,3,B722,,J
B727 2M7 ADV,B722,1PW016,JT8D-17R,3,B722,,J
B727 2M7 RE ADV,B722,4PW070,JT8D-217C2/17A1,3,B722,,J
B727 2N6 RE ADV,B722,4PW070,JT8D-217C2/17A1,3,B722,,J
B727 2N8 ADV,B722,1PW016,JT8D-17R,3,B722,,J
B727 2P1 RE ADV,B722,4PW070,JT8D-217C2/17A1,3,B722,,J
B727 2Q9 F ADV,B722,1PW016,JT8D-17R/Q,3,B722,,J
B727 2S2F RE,B722,4PW070,JT8D-217C2/17A1,3,B722,,J
B727 2U5 RE ADV,B722,4PW070,JT8D-217C2/17A1,3,B722,,J
B727 2X8 RE ADV,B722,4PW070,JT8D-217C2/17A1,3,B722,,J
B727 2Y4 ADV,B722,1PW009,JT8D-15/Q,3,B722,,J
B727 30,B722,1PW006,JT8D-9A/Q,3,B722,,J
B727 30,B722,8PW085,JT8D-7B/Q,3,B722,,J
B727 30 RE,B722,4PW070,JT8D-217C2/17A1,3,B722,,J
B727 30C,B722,8PW085,JT8D-7/Q,3,B722,,J
B727 30C RE,B722,3RR032,TAY 651-54,3,B722,,J
B727 31 RE,B722,4PW070,JT8D-217C2/17A1,3,B722,,J
B727 31C QF,B722,3RR032,TAY 651-54,3,B722,,J
B727 31C RE,B722,3RR032,TAY 651-54,3,B722,,J
B727 44,B722,8PW085,JT8D-7,3,B722,,J
B727 44C,B722,8PW085,JT8D-7B/Q,3,B722,,J
B727 46,B722,8PW085,JT8D-7B/Q,3,B722,,J
B727 46 F,B722,8PW085,JT8D-7B,3,B722,,J
B727 51,B722,8PW085,JT8D-7/Q,3,B722,,J
B727 76 RE,B722,4PW070,JT8D-217C2/17A1,3,B722,,J
B727 82,B722,8PW085,JT8D-7B/Q,3,B722,,J
B727 89,B722,8PW085,JT8D-7B/Q,3,B722,,J
B727 91,B722,8PW085,JT8D-7/Q,3,B722,,J
B727 95,B722,1PW006,JT8D-9A/Q,3,B722,,J
B737 10,B3XM,01P20CM140,LEAP-1B,2,B39M,,J
B737 201,B732,1PW006,JT8D-9A,2,B732,B73215,J
B737 201,B732,1PW009,JT8D-15,2,B732,B73215,J
B737 204 ADV,B732,1PW009,JT8D-15,2,B732,B73215,J
B737 204 ADV,B732,1PW011,JT8D-15A,2,B732,B73215,J
B737 205 ADV,B732,1PW014,JT8D-17A,2,B732,B73215,J
B737 209 F,B732,1PW006,JT8D-9A,2,B732,B73215,J
B737 209 F ADV,B732,1PW006,JT8D-9A,2,B732,B73215,J
B737 210C,B732,1PW006,JT8D-9A,2,B732,B73215,J
B737 217,B732,1PW014,JT8D-17A,2,B732,B73215,J
B737 217 ADV,B732,1PW014,JT8D-17A,2,B732,B73215,J
B737 219 ADV,B732,1PW009,JT8D-15,2,B732,B73215,J
B737 219 ADV,B732,1PW011,JT8D-15A/Q,2,B732,B73215,J
B737 222,B732,8PW085,JT8D-7B,2,B732,B73215,J
B737 228 ADV,B732,1PW011,JT8D-15A,2,B732,B73215,J
B737 229 ADV,B732,1PW011,JT8D-15A,2,B732,B73215,J
B737 230 ADV,B732,1PW009,JT8D-15/Q,2,B732,B73215,J
B737 230 ADV,B732,1PW014,JT8D-17A,2,B732,B73215,J
B737 230 F,B732,1PW009,JT8D-15,2,B732,B73215,J
B737 232,B732,1PW011,JT8D-15A,2,B732,B73215,J
B737 236 ADV,B732,1PW011,JT8D-15A,2,B732,B73215,J
B737 242,B732,1PW006,JT8D-9A,2,B732,B73215,J
B737 242C,B732,1PW006,JT8D-9A,2,B732,B73215,J
B737 244 ADV,B732,1PW014,JT8D-17A,2,B732,B73215,J
B737 247,B732,1PW011,JT8D-15A,2,B732,B73215,J
B737 247 ADV,B732,1PW014,JT8D-17A,2,B732,B73215,J
B737 248C ADV,B732,1PW006,JT8D-9A,2,B732,B73215,J
B737 25A ADV,B732,1PW011,JT8D-15A,2,B732,B73215,J
B737 25A ADV,B732,1PW014,JT8D-17A,2,B732,B73215,J
B737 266 ADV,B732,1PW012,JT8D-17,2,B732,B73215,J
B737 268 ADV,B732,1PW009,JT8D-15,2,B732,B73215,J
B737 270C ADV,B732,1PW009,JT8D-15,2,B732,B73215,J
B737 275,B732,1PW006,JT8D-9A,2,B732,B73215,J
B737 277,B732,1PW009,JT8D-15,2,B732,B73215,J
B737 281 ADV,B732,1PW012,JT8D-17,2,B732,B73215,J
B737 282 ADV,B732,1PW014,JT8D-17A,2,B732,B73215,J
B737 286,B732,1PW009,JT8D-15,2,B732,B73215,J
B737 287,B732,1PW006,JT8D-9A,2,B732,B73215,J
B737 291,B732,1PW012,JT8D-17,2,B732,B73215,J
B737 297,B732,1PW006,JT8D-9A,2,B732,B73215,J
B737 2A8 F,B732,1PW014,JT8D-17A,2,B732,B73215,J
B737 2B6C ADV,B732,1PW011,JT8D-15A/Q,2,B732,B73215,J
B737 2B7,B732,1PW011,JT8D-15A,2,B732,B73215,J
B737 2D6 ADV,B732,1PW009,JT8D-15,2,B732,B73215,J
B737 2D6C ADV,B732,1PW006,JT8D-9,2,B732,B73215,J
B737 2D6C ADV,B732,1PW009,JT8D-15,2,B732,B73215,J
B737 2E7 ADV,B732,1PW009,JT8D-15,2,B732,B73215,J
B737 2H3 ADV,B732,1PW006,JT8D-9A,2,B732,B73215,J
B737 2H3 ADV,B732,1PW012,JT8D-17,2,B732,B73215,J
B737 2H3C ADV,B732,1PW006,JT8D-9A,2,B732,B73215,J
B737 2H4,B732,1PW006,JT8D-9A,2,B732,B73215,J
B737 2J8,B732,1PW009,JT8D-15,2,B732,B73215,J
B737 2K2C,B732,1PW011,JT8D-15A,2,B732,B73215,J
B737 2K3 ADV,B732,1PW009,JT8D-15,2,B732,B73215,J
B737 2K5,B732,1PW012,JT8D-17,2,B732,B73215,J
B737 2K9 ADV,B732,1PW011,JT8D-15A,2,B732,B73215,J
B737 2L9 ADV,B732,1PW012,JT8D-17,2,B732,B73215,J
B737 2M2,B732,1PW012,JT8D-17,2,B732,B73215,J
B737 2M2C,B732,1PW012,JT8D-17,2,B732,B73215,J
B737 2N0 ADV,B732,1PW014,JT8D-17A,2,B732,B73215,J
B737 2N1,B732,1PW012,JT8D-17,2,B732,B73215,J
B737 2N3,B732,1PW012,UNKNOWN,2,B732,B73215,J
B737 2N9C ADV,B732,1PW012,JT8D-17,2,B732,B73215,J
B737 2Q2C,B732,1PW012,JT8D-17,2,B732,B73215,J
B737 2Q3,B732,1PW012,JT8D-17,2,B732,B73215,J
B737 2Q8,B732,1PW011,JT8D-15A,2,B732,B73215,J
B737 2Q8 ADV,B732,1PW006,JT8D-9A,2,B732,B73215,J
B737 2Q8 ADV,B732,1PW009,JT8D-15,2,B732,B73215,J
B737 2Q8 ADV,B732,1PW012,JT8D-17,2,B732,B73215,J
B737 2Q8C,B732,1PW012,JT8D-17,2,B732,B73215,J
B737 2R4C,B732,1PW014,JT8D-17A,2,B732,B73215,J
B737 2S2C ADV,B732,1PW012,JT8D-17,2,B732,B73215,J
B737 2S3 ADV,B732,1PW012,JT8D-17,2,B732,B73215,J
B737 2S9 ADV,B732,1PW012,JT8D-17,2,B732,B73215,J
B737 2T2 ADV,B732,1PW012,JT8D-17,2,B732,B73215,J
B737 2T4 ADV,B732,1PW014,JT8D-17A,2,B732,B73215,J
B737 2T4 F ADV,B732,1PW014,JT8D-17A,2,B732,B73215,J
B737 2T4C ADV,B732,1PW014,JT8D-17A,2,B732,B73215,J
B737 2T5,B732,1PW009,JT8D-15,2,B732,B73215,J
B737 2T5 ADV,B732,1PW009,JT8D-15,2,B732,B73215,J
B737 2V6 ADC,B732,1PW012,JT8D-17,2,B732,B73215,J
B737 2W8 ADV,B732,1PW009,JT8D-15,2,B732,B73215,J
B737 2X2 ADV,B732,1PW012,JT8D-17,2,B732,B73215,J
B737 2Z6,B732,1PW009,JT8D-15,2,B732,B73215,J
B737 301,B733,1CM004,CFM56-3B1,2,B733,B73320,J
B737 301,B733,1CM005,CFM56-3B2,2,B733,B73320,J
B737 301 BDSF,B733,1CM005,CFM56-3B2,2,B733,B73320,J
B737 301 F,B733,1CM004,CFM56-3B1,2,B733,B73320,J
B737 301 F,B733,1CM005,CFM56-3B2,2,B733,B73320,J
B737 306,B733,1CM004,CFM56-3B1,2,B733,B73320,J
B737 317,B733,1CM004,CFM56-3B1,2,B733,B73320,J
B737 319,B733,1CM007,CFM56-3C1,2,B733,B73320,J
B737 31B F,B733,1CM007,CFM56-3C1,2,B733,B73320,J
B737 31L,B733,1CM004,CFM56-3B1,2,B733,B73320,J
B737 31S,B733,1CM007,CFM56-3C1,2,B733,B73320,J
B737 31S WL,B733,1CM007,CFM56-3C1,2,B733,B73320,J
B737 322,B733,1CM004,CFM56-3B1,2,B733,B73320,J
B737 322,B733,1CM005,CFM56-3B2,2,B733,B73320,J
B737 322,B733,1CM007,CFM56-3C1,2,B733,B73320,J
B737 322 F,B733,1CM005,CFM56-3B2,2,B733,B73320,J
B737 322 WL,B733,1CM004,CFM56-3B1,2,B733,B73320,J
B737 329,B733,1CM005,CFM56-3B2,2,B733,B73320,J
B737 32Q,B733,1CM007,CFM56-3C1,2,B733,B73320,J
B737 330,B733,1CM004,CFM56-3B1,2,B733,B73320,J
B737 330,B733,1CM005,CFM56-3B2,2,B733,B73320,J
B737 330 F,B733,1CM004,CFM56-3B1,2,B733,B73320,J
B737 330 QC,B733,1CM004,CFM56-3B1,2,B733,B73320,J
B737 330 QC,B733,1CM005,CFM56-3B2,2,B733,B73320,J
B737 330 QC WL,B733,1CM004,CFM56-3B1,2,B733,B73320,J
B737 330 WL,B733,1CM004,CFM56-3B1,2,B733,B73320,J
B737 332,B733,1CM007,CFM56-3C1,2,B733,B73320,J
B737 33A,B733,1CM004,CFM56-3B1,2,B733,B73320,J
B737 33A,B733,1CM005,CFM56-3B2,2,B733,B73320,J
B737 33A,B733,1CM007,CFM56-3C1,2,B733,B73320,J
B737 33A F,B733,1CM005,CFM56-3B2,2,B733,B73320,J
B737 33A QC,B733,1CM004,CFM56-3B1,2,B733,B73320,J
B737 33A QC,B733,1CM007,CFM56-3C1,2,B733,B73320,J
B737 33A WL,B733,1CM004,CFM56-3B1,2,B733,B73320,J
B737 33A WL,B733,1CM005,CFM56-3B2,2,B733,B73320,J
B737 33A WL,B733,1CM007,CFM56-3C1,2,B733,B73320,J
B737 33R,B733,1CM007,CFM56-3C1,2,B733,B73320,J
B737 33R WL,B733,1CM007,CFM56-3C1,2,B733,B73320,J
B737 33S WL,B733,1CM007,CFM56-3C1,2,B733,B73320,J
B737 33V,B733,1CM007,CFM56-3C1,2,B733,B73320,J
B737 33V F,B733,1CM007,CFM56-3C1,2,B733,B73320,J
B737 33V WL,B733,1CM007,CFM56-3C1,2,B733,B73320,J
B737 341,B733,1CM005,CFM56-3B2,2,B733,B73320,J
B737 341,B733,1CM007,CFM56-3C1,2,B733,B73320,J
B737 347,B733,1CM004,CFM56-3B1,2,B733,B73320,J
B737 348 QC,B733,1CM004,CFM56-3B1,2,B733,B73320,J
B737 34N,B733,1CM007,CFM56-3C1,2,B733,B73320,J
B737 34S BDSF,B733,1CM007,CFM56-3C1,2,B733,B73320,J
B737 35B,B733,1CM005,CFM56-3B2,2,B733,B73320,J
B737 35B F,B733,1CM005,CFM56-3B2,2,B733,B73320,J
B737 36E,B733,1CM007,CFM56-3C1,2,B733,B73320,J
B737 36E BDSF,B733,1CM005,CFM56-3B2,2,B733,B73320,J
B737 36M,B733,1CM007,CFM56-3C1,2,B733,B73320,J
B737 36N,B733,1CM005,CFM56-3B2,2,B733,B73320,J
B737 36N,B733,1CM007,CFM56-3C1,2,B733,B73320,J
B737 36N F,B733,1CM007,CFM56-3C1,2,B733,B73320,J
B737 36N WL,B733,1CM005,CFM56-3B2,2,B733,B73320,J
B737 36N WL,B733,1CM007,CFM56-3C1,2,B733,B73320,J
B737 36Q,B733,1CM005,CFM56-3B2,2,B733,B73320,J
B737 36Q,B733,1CM007,CFM56-3C1,2,B733,B73320,J
B737 36Q F,B733,1CM005,CFM56-3B2,2,B733,B73320,J
B737 36Q F,B733,1CM007,CFM56-3C1,2,B733,B73320,J
B737 36Q WL,B733,1CM005,CFM56-3B2,2,B733,B73320,J
B737 36Q WL,B733,1CM007,CFM56-3C1,2,B733,B73320,J
B737 375,B733,1CM004,CFM56-3B1,2,B733,B73320,J
B737 375 BDSF,B733,1CM004,CFM56-3B1,2,B733,B73320,J
B737 375 BDSF,B733,1CM005,CFM56-3B2,2,B733,B73320,J
B737 376,B733,1CM005,CFM56-3B2,2,B733,B73320,J
B737 377,B733,1CM004,CFM56-3B1,2,B733,B73320,J
B737 377 BDQC,B733,1CM004,CFM56-3B1,2,B733,B73320,J
B737 377 BDSF,B733,1CM004,CFM56-3B1,2,B733,B73320,J
B737 377 WL,B733,1CM004,CFM56-3B1,2,B733,B73320,J
B737 37Q,B733,1CM007,CFM56-3C1,2,B733,B73320,J
B737 382,B733,1CM005,CFM56-3B2,2,B733,B73320,J
B737 382 QC,B733,1CM004,CFM56-3B1,2,B733,B73320,J
B737 38B QC,B733,1CM007,CFM56-3C1,2,B733,B73320,J
B737 38J,B733,1CM007,CFM56-3C1,2,B733,B73320,J
B737 39A WL,B733,1CM005,CFM56-3B2,2,B733,B73320,J
B737 39M,B733,1CM007,CFM56-3C1,2,B733,B73320,J
B737 39M QC,B733,1CM007,CFM56-3C1,2,B733,B73320,J
B737 3B3 QC,B733,1CM004,CFM56-3B1,2,B733,B73320,J
B737 3B3 QC,B733,1CM007,CFM56-3C1,2,B733,B73320,J
B737 3B7,B733,1CM005,CFM56-3B2,2,B733,B73320,J
B737 3B7 F,B733,1CM005,CFM56-3B2,2,B733,B73320,J
B737 3G7,B733,1CM004,CFM56-3B1,2,B733,B73320,J
B737 3G7 F,B733,1CM005,CFM56-3B2,2,B733,B73320,J
B737 3H4 F WL,B733,1CM004,CFM56-3B1,2,B733,B73320,J
B737 3H4 WL,B733,1CM004,CFM56-3B1,2,B733,B73320,J
B737 3H6F,B733,1CM007,CFM56-3C1,2,B733,B73320,J
B737 3H9,B733,1CM004,CFM56-3B1,2,B733,B73320,J
B737 3J6,B733,1CM004,CFM56-3B1,2,B733,B73320,J
B737 3K2,B733,1CM005,CFM56-3B2,2,B733,B73320,J
B737 3K2,B733,1CM007,CFM56-3C1,2,B733,B73320,J
B737 3K9,B733,1CM005,CFM56-3B2,2,B733,B73320,J
B737 3L9,B733,1CM005,CFM56-3B2,2,B733,B73320,J
B737 3L9,B733,1CM007,CFM56-3C1,2,B733,B73320,J
B737 3L9 QC,B733,1CM005,CFM56-3B2,2,B733,B73320,J
B737 3L9 WL,B733,1CM005,CFM56-3B2,2,B733,B73320,J
B737 3L9 WL,B733,1CM007,CFM56-3C1,2,B733,B73320,J
B737 3M8,B733,1CM005,CFM56-3B2,2,B733,B73320,J
B737 3M8 BDSF,B733,1CM005,CFM56-3B2,2,B733,B73320,J
B737 3M8 QC,B733,1CM005,CFM56-3B2,2,B733,B73320,J
B737 3Q4,B733,1CM005,CFM56-3B2,2,B733,B73320,J
B737 3Q4 F,B733,1CM005,CFM56-3B2,2,B733,B73320,J
B737 3Q8,B733,1CM004,CFM56-3B1,2,B733,B73320,J
B737 3Q8,B733,1CM005,CFM56-3B2,2,B733,B73320,J
B737 3Q8,B733,1CM007,CFM56-3C1,2,B733,B73320,J
B737 3Q8 BDQC,B733,1CM005,CFM56-3B2,2,B733,B73320,J
B737 3Q8 F,B733,1CM004,CFM56-3B1,2,B733,B73320,J
B737 3Q8 F,B733,1CM005,CFM56-3B2,2,B733,B73320,J
B737 3Q8 QC,B733,1CM005,CFM56-3B2,2,B733,B73320,J
B737 3S1 F,B733,1CM005,CFM56-3B2,2,B733,B73320,J
B737 3S3,B733,1CM005,CFM56-3B2,2,B733,B73320,J
B737 3S3,B733,1CM007,CFM56-3C1,2,B733,B73320,J
B737 3S3 QC,B733,1CM005,CFM56-3B2,2,B733,B73320,J
B737 3S3F,B733,1CM004,CFM56-3B1,2,B733,B73320,J
B737 3T0,B733,1CM004,CFM56-3B1,2,B733,B73320,J
B737 3T0 F,B733,1CM004,CFM56-3B1,2,B733,B73320,J
B737 3U3,B733,1CM007,CFM56-3C1,2,B733,B73320,J
B737 3U3 F,B733,1CM007,CFM56-3C1,2,B733,B73320,J
B737 3U8,B733,1CM007,CFM56-3C1,2,B733,B73320,J
B737 3U8 F,B733,1CM007,CFM56-3C1,2,B733,B73320,J
B737 3Y0,B733,1CM004,CFM56-3B1,2,B733,B73320,J
B737 3Y0,B733,1CM005,CFM56-3B2,2,B733,B73320,J
B737 3Y0,B733,1CM007,CFM56-3C1,2,B733,B73320,J
B737 3Y0 BDQC,B733,1CM005,CFM56-3B2,2,B733,B73320,J
B737 3Y0 BDSF,B733,1CM004,CFM56-3B1,2,B733,B73320,J
B737 3Y0 BDSF,B733,1CM005,CFM56-3B2,2,B733,B73320,J
B737 3Y0 F,B733,1CM004,CFM56-3B1,2,B733,B73320,J
B737 3Y0 F,B733,1CM005,CFM56-3B2,2,B733,B73320,J
B737 3Y0 QC,B733,1CM004,CFM56-3B1,2,B733,B73320,J
B737 3Y0 WL,B733,1CM004,CFM56-3B1,2,B733,B73320,J
B737 3Y5,B733,1CM007,CFM56-3C1,2,B733,B73320,J
B737 3Y5 F,B733,1CM007,CFM56-3C1,2,B733,B73320,J
B737 3Y5 WL,B733,1CM007,CFM56-3C1,2,B733,B73320,J
B737 3Z0,B733,1CM004,CFM56-3B1,2,B733,B73320,J
B737 3Z8,B733,1CM004,CFM56-3B1,2,B733,B73320,J
B737 3Z9,B733,1CM004,CFM56-3B1,2,B733,B73320,J
B737 401,B734,1CM005,CFM56-3B2,2,B734,B73423,J
B737 405,B734,1CM007,CFM56-3C1,2,B734,B73423,J
B737 405 F,B734,1CM007,CFM56-3C1,2,B734,B73423,J
B737 406,B734,1CM005,CFM56-3B2,2,B734,B73423,J
B737 406 F,B734,1CM005,CFM56-3B2,2,B734,B73423,J
B737 408 F,B734,1CM007,CFM56-3C1,2,B734,B73423,J
B737 429 F,B734,1CM007,CFM56-3C1,2,B734,B73423,J
B737 42C,B734,1CM007,CFM56-3C1,2,B734,B73423,J
B737 42C F,B734,1CM007,CFM56-3C1,2,B734,B73423,J
B737 42J F,B734,1CM007,CFM56-3C1,2,B734,B73423,J
B737 430,B734,1CM007,CFM56-3C1,2,B734,B73423,J
B737 436,B734,1CM007,CFM56-3C1,2,B734,B73423,J
B737 436 F,B734,1CM007,CFM56-3C1,2,B734,B73423,J
B737 436 SF,B734,1CM007,CFM56-3C1,2,B734,B73423,J
B737 43Q,B734,1CM007,CFM56-3C1,2,B734,B73423,J
B737 43Q F,B734,1CM007,CFM56-3C1,2,B734,B73423,J
B737 446,B734,1CM007,CFM56-3C1,2,B734,B73423,J
B737 448,B734,1CM005,CFM56-3B2,2,B734,B73423,J
B737 448 F,B734,1CM005,CFM56-3B2,2,B734,B73423,J
B737 45D,B734,1CM007,CFM56-3C1,2,B734,B73423,J
B737 45D BDSF,B734,1CM007,CFM56-3C1,2,B734,B73423,J
B737 45D F,B734,1CM007,CFM56-3C1,2,B734,B73423,J
B737 45S,B734,1CM007,CFM56-3C1,2,B734,B73423,J
B737 46B,B734,1CM007,CFM56-3C1,2,B734,B73423,J
B737 46B F,B734,1CM007,CFM56-3C1,2,B734,B73423,J
B737 46J,B734,1CM007,CFM56-3C1,2,B734,B73423,J
B737 46J F,B734,1CM007,CFM56-3C1,2,B734,B73423,J
B737 46M,B734,1CM007,CFM56-3C1,2,B734,B73423,J
B737 46N,B734,1CM007,CFM56-3C1,2,B734,B73423,J
B737 46N F,B734,1CM007,CFM56-3C1,2,B734,B73423,J
B737 46Q,B734,1CM007,CFM56-3C1,2,B734,B73423,J
B737 46Q F,B734,1CM007,CFM56-3C1,2,B734,B73320,J
B737 476,B734,1CM007,CFM56-3C1,2,B734,B73423,J
B737 476 F,B734,1CM007,CFM56-3C1,2,B734,B73423,J
B737 484,B734,1CM007,CFM56-3C1,2,B734,B73423,J
B737 484 F,B734,1CM007,CFM56-3C1,2,B734,B73423,J
B737 484 SF,B734,1CM007,CFM56-3C1,2,B734,B73423,J
B737 48E,B734,1CM007,CFM56-3C1,2,B734,B73423,J
B737 48E SF,B734,1CM007,CFM56-3C1,2,B734,B73423,J
B737 490,B734,1CM007,CFM56-3C1,2,B734,B73423,J
B737 490 F,B734,1CM007,CFM56-3C1,2,B734,B73423,J
B737 49R,B734,1CM007,CFM56-3C1,2,B734,B73423,J
B737 49R BDSF,B734,1CM007,CFM56-3C1,2,B734,B73423,J
B737 49R F,B734,1CM007,CFM56-3C1,2,B734,B73423,J
B737 4B3,B734,1CM007,CFM56-3C1,2,B734,B73423,J
B737 4B3 SF,B734,1CM007,CFM56-3C1,2,B734,B73423,J
B737 4B6,B734,1CM007,CFM56-3C1,2,B734,B73423,J
B737 4B6 F,B734,1CM007,CFM56-3C1,2,B734,B73423,J
B737 4B7,B734,1CM005,CFM56-3B2,2,B734,B73423,J
B737 4B7 F,B734,1CM005,CFM56-3B2,2,B734,B73423,J
B737 4C9,B734,1CM007,CFM56-3C1,2,B734,B73423,J
B737 4D7,B734,1CM007,CFM56-3C1,2,B734,B73423,J
B737 4D7 F,B734,1CM007,CFM56-3C1,2,B734,B73423,J
B737 4H6,B734,1CM007,CFM56-3C1,2,B734,B73423,J
B737 4H6 F,B734,1CM007,CFM56-3C1,2,B734,B73423,J
B737 4K5,B734,1CM007,CFM56-3C1,2,B734,B73423,J
B737 4K5 F,B734,1CM007,CFM56-3C1,2,B734,B73423,J
B737 4K5 SF,B734,1CM007,CFM56-3C1,2,B734,B73423,J
B737 4L7,B734,1CM007,CFM56-3C1,2,B734,B73423,J
B737 4M0,B734,1CM007,CFM56-3C1,2,B734,B73423,J
B737 4M0 BDSF,B734,1CM007,CFM56-3C1,2,B734,B73423,J
B737 4M0 F,B734,1CM007,CFM56-3C1,2,B734,B73423,J
B737 4Q3,B734,1CM004,CFM56-3B1,2,B734,B73423,J
B737 4Q3,B734,1CM007,CFM56-3C1,2,B734,B73423,J
B737 4Q3 F,B734,1CM007,CFM56-3C1,2,B734,B73423,J
B737 4Q8,B734,1CM007,CFM56-3C1,2,B734,B73423,J
B737 4Q8 F,B734,1CM007,CFM56-3C1,2,B734,B73423,J
B737 4Q8 QC,B734,1CM007,CFM56-3C1,2,B734,B73423,J
B737 4Q8 SF,B734,1CM007,CFM56-3C1,2,B734,B73423,J
B737 4S3,B734,1CM007,CFM56-3C1,2,B734,B73423,J
B737 4S3 F,B734,1CM007,CFM56-3C1,2,B734,B73423,J
B737 4U3,B734,1CM007,CFM56-3C1,2,B734,B73423,J
B737 4Y0,B734,1CM007,CFM56-3C1,2,B734,B73423,J
B737 4Y0 BDSF,B734,1CM007,CFM56-3C1,2,B734,B73423,J
B737 4Y0 F,B734,1CM007,CFM56-3C1,2,B734,B73423,J
B737 4Y0 SF,B734,1CM007,CFM56-3C1,2,B734,B73423,J
B737 4Z6,B734,1CM007,CFM56-3C1,2,B734,B73423,J
B737 4Z9 F,B734,1CM007,CFM56-3C1,2,B734,B73423,J
B737 505,B735,1CM007,CFM56-3C1,2,B735,B73518,J
B737 505 WL,B735,1CM007,CFM56-3C1,2,B735,B73518,J
B737 522,B735,1CM004,CFM56-3B1,2,B735,B73518,J
B737 522,B735,1CM007,CFM56-3C1,2,B735,B73518,J
B737 524,B735,1CM007,CFM56-3C1,2,B735,B73518,J
B737 524 WL,B735,1CM007,CFM56-3C1,2,B735,B73518,J
B737 528,B735,1CM007,CFM56-3C1,2,B735,B73518,J
B737 528 WL,B735,1CM007,CFM56-3C1,2,B735,B73518,J
B737 529,B735,1CM004,CFM56-3B1,2,B735,B73518,J
B737 529,B735,1CM007,CFM56-3C1,2,B735,B73518,J
B737 529 WL,B735,1CM007,CFM56-3C1,2,B735,B73518,J
B737 530,B735,1CM004,CFM56-3B1,2,B735,B73518,J
B737 53A,B735,1CM004,CFM56-3B1,2,B735,B73518,J
B737 53A,B735,1CM007,CFM56-3C1,2,B735,B73518,J
B737 53C,B735,1CM007,CFM56-3C1,2,B735,B73518,J
B737 53S,B735,1CM007,CFM56-3C1,2,B735,B73518,J
B737 548,B735,1CM004,CFM56-3B1,2,B735,B73518,J
B737 548 WL,B735,1CM004,CFM56-3B1,2,B735,B73518,J
B737 55D,B735,1CM007,CFM56-3C1,2,B735,B73518,J
B737 55D WL,B735,1CM007,CFM56-3C1,2,B735,B73518,J
B737 55S,B735,1CM007,CFM56-3C1,2,B735,B73518,J
B737 566,B735,1CM007,CFM56-3C1,2,B735,B73518,J
B737 56N,B735,1CM007,CFM56-3C1,2,B735,B73518,J
B737 58E,B735,1CM007,CFM56-3C1,2,B735,B73518,J
B737 58N,B735,1CM007,CFM56-3C1,2,B735,B73518,J
B737 59D,B735,1CM004,CFM56-3B1,2,B735,B73518,J
B737 59D,B735,1CM007,CFM56-3C1,2,B735,B73518,J
B737 5B6,B735,1CM007,CFM56-3C1,2,B735,B73518,J
B737 5C9,B735,1CM007,CFM56-3C1,2,B735,B73518,J
B737 5H3,B735,1CM007,CFM56-3C1,2,B735,B73518,J
B737 5H6,B735,1CM007,CFM56-3C1,2,B735,B73518,J
B737 5K5,B735,1CM007,CFM56-3C1,2,B735,B73518,J
B737 5L9,B735,1CM004,CFM56-3B1,2,B735,B73518,J
B737 5L9,B735,1CM007,CFM56-3C1,2,B735,B73518,J
B737 5L9 WL,B735,1CM007,CFM56-3C1,2,B735,B73518,J
B737 5Q8,B735,1CM004,CFM56-3B1,2,B735,B73518,J
B737 5Q8,B735,1CM007,CFM56-3C1,2,B735,B73518,J
B737 5Y0,B735,1CM004,CFM56-3B1,2,B735,B73518,J
B737 5Y0,B735,1CM007,CFM56-3C1,2,B735,B73518,J
B737 5Y0 WL,B735,1CM004,CFM56-3B1,2,B735,B73518,J
B737 66N,B736,3CM030,CFM56-7B20,2,B736,B73622,J
B737 683,B736,3CM030,CFM56-7B20,2,B736,B73622,J
B737 6D6,B736,8CM051,CFM56-7B26,2,B736,B73622,J
B737 6H3,B736,3CM030,CFM56-7B20,2,B736,B73622,J
B737 6Q8,B736,3CM030,CFM56-7B20,2,B736,B73622,J
B737 6Z9,B736,3CM031,CFM56-7B22,2,B736,B73622,J
B737 7,B37M,01P20CM136,LEAP-1B,2,B38M,,J
B737 700 NE3 BBJ,B737,01P11CM116,CFM56-7B26E,2,B737,B737W24,J
B737 700WL,B737,01P11CM116,CFM56-7B26E,2,B737,B737W24,J
B737 705,B737,3CM030,CFM56-7B20,2,B737,B737W24,J
B737 705,B737,3CM032,CFM56-7B24,2,B737,B737W24,J
B737 71B,B737,01P11CM114,CFM56-7B24E,2,B737,B737W24,J
B737 71B,B737,3CM032,CFM56-7B24,2,B737,B737W24,J
B737 71M,B737,3CM032,CFM56-7B24,2,B737,B737W24,J
B737 71Q,B737,3CM032,CFM56-7B24,2,B737,B737W24,J
B737 72T,B737,8CM051,CFM56-7B26,2,B737,B737W24,J
B737 72U,B737,8CM051,CFM56-7B26,2,B737,B737W24,J
B737 732,B737,3CM032,CFM56-7B24,2,B737,B737W24,J
B737 73A,B737,3CM032,CFM56-7B24,2,B737,B737W24,J
B737 73Q,B737,8CM051,CFM56-7B26,2,B737,B737W24,J
B737 73S,B737,3CM031,CFM56-7B22,2,B737,B737W24,J
B737 73S,B737,3CM032,CFM56-7B24,2,B737,B737W24,J
B737 73T,B737,8CM051,CFM56-7B26,2,B737,B737W24,J
B737 73U,B737,8CM051,CFM56-7B26,2,B737,B737W24,J
B737 73V,B737,3CM030,CFM56-7B20,2,B737,B737W24,J
B737 73W,B737,01P11CM121,CFM56-7B27E,2,B737,B737W24,J
B737 73W,B737,8CM051,CFM56-7B26,2,B737,B737W24,J
B737 74Q,B737,8CM051,CFM56-7B26,2,B737,B737W24,J
B737 74T,B737,8CM051,CFM56-7B26,2,B737,B737W24,J
B737 74U,B737,8CM051,CFM56-7B26,2,B737,B737W24,J
B737 74V,B737,8CM051,CFM56-7B26,2,B737,B737W24,J
B737 752,B737,3CM032,CFM56-7B24,2,B737,B737W24,J
B737 758,B737,3CM032,CFM56-7B24,2,B737,B737W24,J
B737 75B,B737,3CM031,CFM56-7B22,2,B737,B737W24,J
B737 75C,B737,3CM032,CFM56-7B24,2,B737,B737W24,J
B737 75C,B737,8CM051,CFM56-7B26,2,B737,B737W24,J
B737 75C BDSF,B737,3CM032,CFM56-7B24,2,B737,B737W24,J
B737 75G,B737,8CM051,CFM56-7B26,2,B737,B737W24,J
B737 75R,B737,3CM031,CFM56-7B22,2,B737,B737W24,J
B737 75T,B737,8CM051,CFM56-7B26,2,B737,B737W24,J
B737 75U,B737,8CM051,CFM56-7B26,2,B737,B737W24,J
B737 75V,B737,8CM051,CFM56-7B26,2,B737,B737W24,J
B737 760,B737,3CM032,CFM56-7B24,2,B737,B737W24,J
B737 76D,B737,3CM032,CFM56-7B24,2,B737,B737W24,J
B737 76J,B737,01P11CM114,CFM56-7B24E,2,B737,B737W24,J
B737 76J,B737,3CM031,CFM56-7B22,2,B737,B737W24,J
B737 76N,B737,01P11CM112,CFM56-7B22E,2,B737,B737W24,J
B737 76N,B737,3CM030,CFM56-7B20,2,B737,B737W24,J
B737 76N,B737,3CM031,CFM56-7B22,2,B737,B737W24,J
B737 76N,B737,3CM032,CFM56-7B24,2,B737,B737W24,J
B737 76Q,B737,3CM031,CFM56-7B22,2,B737,B737W24,J
B737 76Q,B737,3CM032,CFM56-7B24,2,B737,B737W24,J
B737 76Q FC WL,B737,3CM031,CFM56-7B22,2,B737,B737W24,J
B737 77W,B737,01P11CM121,CFM56-7BE,2,B737,B737W24,J
B737 77Z,B737,01P11CM121,CFM56-7B27E,2,B737,B737W24,J
B737 781,B737,3CM031,CFM56-7B22,2,B737,B737W24,J
B737 783,B737,3CM031,CFM56-7B22,2,B737,B737W24,J
B737 783,B737,8CM051,CFM56-7B26,2,B737,B737W24,J
B737 78J,B737,3CM032,CFM56-7B24,2,B737,B737W24,J
B737 790,B737,3CM032,CFM56-7B24,2,B737,B737W24,J
B737 790 BDSF,B737,3CM032,CFM56-7B24,2,B737,B737W24,J
B737 790 BDSF WL,B737,3CM032,CFM56-7B24,2,B737,B737W24,J
B737 79L,B737,3CM032,CFM56-7B24,2,B737,B737W24,J
B737 79L,B737,3CM034,CFM56-7B27,2,B737,B737W24,J
B737 79P,B737,3CM031,CFM56-7B22,2,B737,B737W24,J
B737 79T,B737,8CM051,CFM56-7B26,2,B737,B737W24,J
B737 79U,B737,8CM051,CFM56-7B26,2,B737,B737W24,J
B737 79V,B737,01P11CM116,CFM56-7B26E,2,B737,B737W24,J
B737 79V,B737,8CM051,CFM56-7B26,2,B737,B737W24,J
B737 7AF,B737,3CM031,CFM56-7B22,2,B737,B737W24,J
B737 7AF C 40A,B737,3CM031,CFM56-7B22,2,B737,B737W24,J
B737 7AF C 40C,B737,01P11CM114,CFM56-7B24E,2,B737,B737W24,J
B737 7AF C 40C,B737,3CM031,CFM56-7B22,2,B737,B737W24,J
B737 7AF C 40C,B737,3CM032,CFM56-7B24,2,B737,B737W24,J
B737 7AH,B737,8CM051,CFM56-7B26,2,B737,B737W24,J
B737 7AJ,B737,8CM051,CFM56-7B26,2,B737,B737W24,J
B737 7AK,B737,3CM034,CFM56-7B27,2,B737,B737W24,J
B737 7AK,B737,8CM051,CFM56-7B26,2,B737,B737W24,J
B737 7AN,B737,8CM051,CFM56-7B26,2,B737,B737W24,J
B737 7AU,B737,8CM051,CFM56-7B26,2,B737,B737W24,J
B737 7AV,B737,8CM051,CFM56-7B26,2,B737,B737W24,J
B737 7AW,B737,8CM051,CFM56-7B26,2,B737,B737W24,J
B737 7AX,B737,8CM051,CFM56-7B26,2,B737,B737W24,J
B737 7AXC,B737,3CM030,CFM56-7B20,2,B737,B737W24,J
B737 7AXC,B737,8CM051,CFM56-7B26,2,B737,B737W24,J
B737 7B5,B737,8CM051,CFM56-7B26,2,B737,B737W24,J
B737 7B6,B737,3CM032,CFM56-7B24,2,B737,B737W24,J
B737 7B6,B737,8CM051,CFM56-7B26,2,B737,B737W24,J
B737 7BC,B737,01P11CM121,CFM56-7BE,2,B737,B737W24,J
B737 7BC,B737,5GE085,CF6-80E1A3,2,B737,B737W24,J
B737 7BC,B737,8CM051,CFM56-7B26,2,B737,B737W24,J
B737 7BD,B737,3CM030,CFM56-7B20,2,B737,B737W24,J
B737 7BF,B737,8CM051,CFM56-7B26,2,B737,B737W24,J
B737 7BJ,B737,01P11CM121,CFM56-7B27E,2,B737,B737W24,J
B737 7BJ,B737,8CM051,CFM56-7B26,2,B737,B737W24,J
B737 7BK,B737,01P11CM112,CFM56-7B22E,2,B737,B737W24,J
B737 7BK,B737,3CM031,CFM56-7B22,2,B737,B737W24,J
B737 7BK,B737,3CM032,CFM56-7B24,2,B737,B737W24,J
B737 7BQ,B737,8CM051,CFM56-7B26,2,B737,B737W24,J
B737 7BX,B737,3CM031,CFM56-7B22,2,B737,B737W24,J
B737 7BX,B737,3CM032,CFM56-7B24,2,B737,B737W24,J
B737 7C9,B737,3CM032,CFM56-7B24,2,B737,B737W24,J
B737 7CG,B737,8CM051,CFM56-7B26,2,B737,B737W24,J
B737 7CJ,B737,8CM051,CFM56-7B26,2,B737,B737W24,J
B737 7CN,B737,8CM051,CFM56-7B26,2,B737,B737W24,J
B737 7CT,B737,3CM032,CFM56-7B24,2,B737,B737W24,J
B737 7CU,B737,8CM051,CFM56-7B26,2,B737,B737W24,J
B737 7D6 C,B737,01P11CM121,CFM56-7BE,2,B737,B737W24,J
B737 7DP,B737,8CM051,CFM56-7B26,2,B737,B737W24,J
B737 7DT,B737,8CM051,CFM56-7B26,2,B737,B737W24,J
B737 7E0,B737,8CM051,CFM56-7B26,2,B737,B737W24,J
B737 7ED,B737,8CM051,CFM56-7B26,2,B737,B737W24,J
B737 7EE,B737,8CM051,CFM56-7B26,2,B737,B737W24,J
B737 7EG,B737,01P11CM121,CFM56-7B27E,2,B737,B737W24,J
B737 7EG,B737,8CM051,CFM56-7B26,2,B737,B737W24,J
B737 7EH,B737,01P11CM112,CFM56-7B22E,2,B737,B737W24,J
B737 7EI,B737,3CM034,CFM56-7B27,2,B737,B737W24,J
B737 7EJ,B737,8CM051,CFM56-7B26,2,B737,B737W24,J
B737 7EL,B737,8CM051,CFM56-7B26,2,B737,B737W24,J
B737 7EM,B737,3CM034,CFM56-7B27,2,B737,B737W24,J
B737 7ES,E737,8CM051,CFM56-7B26,2,B737,,J
B737 7ET,B737,8CM051,CFM56-7B26,2,B737,B737W24,J
B737 7FB,B737,8CM051,CFM56-7B26,2,B737,B737W24,J
B737 7FG,B737,8CM051,CFM56-7B26,2,B737,B737W24,J
B737 7FY,B737,3CM034,CFM56-7B27,2,B737,B737W24,J
B737 7GC,B737,8CM051,CFM56-7B26,2,B737,B737W24,J
B737 7GE,B737,01P11CM121,CFM56-7B27E,2,B737,B737W24,J
B737 7GE,B737,8CM051,CFM56-7B26,2,B737,B737W24,J
B737 7GJ,B737,01P11CM121,CFM56-7B27E,2,B737,B737W24,J
B737 7GJ,B737,3CM032,CFM56-7B24,2,B737,B737W24,J
B737 7GL,B737,3CM030,CFM56-7B20,2,B737,B737W24,J
B737 7GV,B737,3CM034,CFM56-7B27,2,B737,B737W24,J
B737 7H3,B737,8CM051,CFM56-7B26,2,B737,B737W24,J
B737 7H6,B737,8CM051,CFM56-7B26,2,B737,B737W24,J
B737 7HB,B737,3CM032,CFM56-7B24,2,B737,B737W24,J
B737 7HB QC,B737,3CM032,CFM56-7B24,2,B737,B737W24,J
B737 7HD,B737,3CM034,CFM56-7B27,2,B737,B737W24,J
B737 7HE,B737,8CM051,CFM56-7B26,2,B737,B737W24,J
B737 7HF,B737,3CM034,CFM56-7B27,2,B737,B737W24,J
B737 7HI,B737,8CM051,CFM56-7B26,2,B737,B737W24,J
B737 7HJC,B737,8CM051,CFM56-7B26,2,B737,B737W24,J
B737 7HZ,B737,8CM051,CFM56-7B26,2,B737,B737W24,J
B737 7JB,B737,3CM034,CFM56-7B27,2,B737,B737W24,J
B737 7JF,B737,8CM051,CFM56-7B26,2,B737,B737W24,J
B737 7JR,B737,01P11CM121,CFM56-7B27E,2,B737,B737W24,J
B737 7JR,B737,8CM051,CFM56-7B26,2,B737,B737W24,J
B737 7JU,B737,01P11CM121,CFM56-7B27E,2,B737,B737W24,J
B737 7JU,B737,3CM034,CFM56-7B27,2,B737,B737W24,J
B737 7JV,B737,01P11CM121,CFM56-7B27E,2,B737,B737W24,J
B737 7JV,B737,3CM034,CFM56-7B27,2,B737,B737W24,J
B737 7JW,B737,01P11CM121,CFM56-7B27E,2,B737,B737W24,J
B737 7JW,B737,8CM051,CFM56-7B26,2,B737,B737W24,J
B737 7JY,B737,8CM051,CFM56-7B26,2,B737,B737W24,J
B737 7JZ,B737,8CM051,CFM56-7B26,2,B737,B737W24,J
B737 7K2,B737,01P11CM112,CFM56-7B22E,2,B737,B737W24,J
B737 7K2,B737,3CM031,CFM56-7B22,2,B737,B737W24,J
B737 7K2,B737,3CM032,CFM56-7B24,2,B737,B737W24,J
B737 7K2 SF,B737,3CM032,CFM56-7B24,2,B737,B737W24,J
B737 7K5,B737,3CM031,CFM56-7B22,2,B737,B737W24,J
B737 7K5,B737,3CM032,CFM56-7B24,2,B737,B737W24,J
B737 7K9,B737,3CM031,CFM56-7B22,2,B737,B737W24,J
B737 7K9,B737,3CM032,CFM56-7B24,2,B737,B737W24,J
B737 7KK,B737,8CM051,CFM56-7B26,2,B737,B737W24,J
B737 7L9,B737,3CM031,CFM56-7B22,2,B737,B737W24,J
B737 7M2,B737,3CM032,CFM56-7B24,2,B737,B737W24,J
B737 7N6,B737,8CM051,CFM56-7B26,2,B737,B737W24,J
B737 7P3,B737,8CM051,CFM56-7B26,2,B737,B737W24,J
B737 7Q8,B737,3CM031,CFM56-7B22,2,B737,B737W24,J
B737 7Q8,B737,3CM032,CFM56-7B24,2,B737,B737W24,J
B737 7U8,B737,3CM031,CFM56-7B22,2,B737,B737W24,J
B737 7V3,B737,3CM031,CFM56-7B22,2,B737,B737W24,J
B737 7X2,B737,3CM032,CFM56-7B24,2,B737,B737W24,J
B737 7Z5,B737,3CM031,CFM56-7B22,2,B737,B737W24,J
B737 7Z5,B737,8CM051,CFM56-7B26,2,B737,B737W24,J
B737 7Z9,B737,3CM031,CFM56-7B22,2,B737,B737W24,J
B737 7ZH,B737,01P11CM121,CFM56-7BE,2,B737,B737W24,J
B737 7ZH,B737,3CM034,CFM56-7B27,2,B737,B737W24,J
B737 7ZX,B737,01P11CM121,CFM56-7BE,2,B737,B737W24,J
B737 7ZX,B737,8CM051,CFM56-7B26,2,B737,B737W24,J
B737 8,B38M,01P20CM136,LEAP-1B,2,B38M,,J
B737 8 200,B38M,01P20CM136,LEAP-1B,2,B38M,,J
B737 800A P 8 POSEIDON MRA MK1,B738,01P11CM121,CFM56-7B27E,2,B738,B738W26,J
B737 800A P 8A,B738,01P11CM121,CFM56-7B27E,2,B738,B738W26,J
B737 800WL,B738,01P11CM114,CFM56-7B24E,2,B738,B738W26,J
B737 800WL,B738,01P11CM116,CFM56-7B26E,2,B738,B738W26,J
B737 800WL,B738,01P11CM121,CFM56-7BE,2,B738,B738W26,J
B737 804,B738,8CM051,CFM56-7B26,2,B738,B738W26,J
B737 804 BCF,B738,8CM051,CFM56-7B26,2,B738,B738W26,J
B737 804 SF,B738,8CM051,CFM56-7B26,2,B738,B738W26,J
B737 808,B738,8CM051,CFM56-7B26,2,B738,B738W26,J
B737 808 BCF,B738,8CM051,CFM56-7B26,2,B738,B738W26,J
B737 808 BDSF,B738,8CM051,CFM56-7B26,2,B738,B738W26,J
B737 809,B738,8CM051,CFM56-7B26,2,B738,B738W26,J
B737 81B,B738,01P11CM116,CFM56-7B26E,2,B738,B738W26,J
B737 81B,B738,8CM051,CFM56-7B26,2,B738,B738W26,J
B737 81D,B738,01P11CM116,CFM56-7B26E,2,B738,B738W26,J
B737 81D,B738,8CM051,CFM56-7B26,2,B738,B738W26,J
B737 81M,B738,01P11CM116,CFM56-7B26E,2,B738,B738W26,J
B737 81M,B738,8CM051,CFM56-7B26,2,B738,B738W26,J
B737 81P,B738,01P11CM116,CFM56-7B26E,2,B738,B738W26,J
B737 81Q,B738,01P11CM122,CFM56-7B27/B1,2,B738,B738W26,J
B737 81Q,B738,8CM051,CFM56-7B26,2,B738,B738W26,J
B737 81Q BCF,B738,8CM051,CFM56-7B26,2,B738,B738W26,J
B737 81Z,B738,01P11CM121,CFM56-7BE,2,B738,B738W26,J
B737 81Z,B738,8CM051,CFM56-7B26,2,B738,B738W26,J
B737 823,B738,8CM051,CFM56-7B26,2,B738,B738W26,J
B737 824,B738,8CM051,CFM56-7B26,2,B738,B737W24,J
B737 82K,B738,01P11CM116,CFM56-7B26E,2,B738,B738W26,J
B737 82K,B738,8CM051,CFM56-7B26,2,B738,B738W26,J
B737 82R,B738,01P11CM116,CFM56-7B26E,2,B738,B738W26,J
B737 82R,B738,8CM051,CFM56-7B26,2,B738,B738W26,J
B737 82R BCF,B738,8CM051,CFM56-7B26,2,B738,B738W26,J
B737 82Z,B738,01P11CM121,CFM56-7B27E,2,B738,B738W26,J
B737 82Z,B738,8CM051,CFM56-7B26,2,B738,B738W26,J
B737 832,B738,8CM051,CFM56-7B26,2,B738,B738W26,J
B737 832 BCF,B738,8CM051,CFM56-7B26,2,B738,B738W26,J
B737 83N,B738,3CM034,CFM56-7B27,2,B738,B738W26,J
B737 83N BCF,B738,3CM034,CFM56-7B27,2,B738,B738W26,J
B737 83N SF,B738,3CM034,CFM56-7B27,2,B738,B738W26,J
B737 846,B738,3CM034,CFM56-7B27,2,B738,B738W26,J
B737 84P,B738,8CM051,CFM56-7B26,2,B738,B738W26,J
B737 84P BCF,B738,8CM051,CFM56-7B26,2,B738,B738W26,J
B737 84P SF,B738,8CM051,CFM56-7B26,2,B738,B738W26,J
B737 84R,B738,01P11CM114,CFM56-7B24E,2,B738,B738W26,J
B737 84R,B738,8CM051,CFM56-7B26,2,B738,B738W26,J
B737 84Y,B738,01P11CM121,CFM56-7BE,2,B738,B738W26,J
B737 852,B738,8CM051,CFM56-7B26,2,B738,B738W26,J
B737 858,B738,8CM051,CFM56-7B26,2,B738,B738W26,J
B737 85F,B738,3CM034,CFM56-7B27,2,B738,B738W26,J
B737 85F,B738,8CM051,CFM56-7B26,2,B738,B738W26,J
B737 85F SF,B738,8CM051,CFM56-7B26,2,B738,B738W26,J
B737 85H,B738,3CM034,CFM56-7B27,2,B738,B738W26,J
B737 85H,B738,8CM051,CFM56-7B26,2,B738,B738W26,J
B737 85H BCF,B738,3CM034,CFM56-7B27,2,B738,B738W26,J
B737 85H BCF,B738,8CM051,CFM56-7B26,2,B738,B738W26,J
B737 85P,B738,01P11CM114,CFM56-7B24E,2,B738,B738W26,J
B737 85P,B738,01P11CM122,CFM56-7B27/B1,2,B738,B738W26,J
B737 85P,B738,8CM051,CFM56-7B26,2,B738,B738W26,J
B737 85P BCF,B738,01P11CM122,CFM56-7B27/B1,2,B738,B738W26,J
B737 85P SF,B738,01P11CM122,CFM56-7B27/B1,2,B738,B738W26,J
B737 85R,B738,01P11CM116,CFM56-7B26E,2,B738,B738W26,J
B737 85R,B738,3CM032,CFM56-7B24,2,B738,B738W26,J
B737 85R,B738,8CM051,CFM56-7B26,2,B738,B738W26,J
B737 85R BCF,B738,3CM032,CFM56-7B24,2,B738,B738W26,J
B737 85R BCF,B738,8CM051,CFM56-7B26,2,B738,B738W26,J
B737 85R SF,B738,3CM032,CFM56-7B24,2,B738,B738W26,J
B737 85R SF,B738,8CM051,CFM56-7B26,2,B738,B738W26,J
B737 860,B738,01P11CM121,CFM56-7B27E,2,B738,B738W26,J
B737 860,B738,8CM051,CFM56-7B26,2,B738,B738W26,J
B737 866,B738,01P11CM116,CFM56-7B26E,2,B738,B738W26,J
B737 866,B738,8CM051,CFM56-7B26,2,B738,B738W26,J
B737 866 SF,B738,8CM051,CFM56-7B26,2,B738,B738W26,J
B737 86D,B738,01P11CM116,CFM56-7B26E,2,B738,B738W26,J
B737 86J,B738,01P11CM116,CFM56-7B26E,2,B738,B738W26,J
B737 86J,B738,01P11CM121,CFM56-7B27E,2,B738,B738W26,J
B737 86J,B738,3CM034,CFM56-7B27,2,B738,B738W26,J
B737 86J,B738,8CM051,CFM56-7B26,2,B738,B738W26,J
B737 86J BCF,B738,3CM034,CFM56-7B27,2,B738,B738W26,J
B737 86J SF,B738,3CM034,CFM56-7B27,2,B738,B738W26,J
B737 86J WL BDSF,B738,3CM034,CFM56-7B27,2,B738,B738W26,J
B737 86N,B738,01P11CM116,CFM56-7B26E,2,B738,B738W26,J
B737 86N,B738,01P11CM121,CFM56-7BE,2,B738,B738W26,J
B737 86N,B738,01P11CM122,CFM56-7B27/B1,2,B738,B738W26,J
B737 86N,B738,3CM032,CFM56-7B24,2,B738,B738W26,J
B737 86N,B738,3CM034,CFM56-7B27,2,B738,B738W26,J
B737 86N,B738,8CM051,CFM56-7B26,2,B738,B738W26,J
B737 86N BCF,B738,3CM034,CFM56-7B27,2,B738,B738W26,J
B737 86N BCF,B738,8CM051,CFM56-7B26,2,B738,B738W26,J
B737 86N BDSF,B738,01P11CM122,CFM56-7B27/B1,2,B738,B738W26,J
B737 86N BDSF,B738,8CM051,CFM56-7B26,2,B738,B738W26,J
B737 86N SF,B738,3CM034,CFM56-7B27,2,B738,B738W26,J
B737 86N SF,B738,8CM051,CFM56-7B26,2,B738,B738W26,J
B737 86Q,B738,01P11CM122,CFM56-7B27/B1,2,B738,B738W26,J
B737 86Q,B738,3CM032,CFM56-7B24,2,B738,B738W26,J
B737 86Q,B738,3CM034,CFM56-7B27,2,B738,B738W26,J
B737 86Q,B738,8CM051,CFM56-7B26,2,B738,B738W26,J
B737 86Q SF,B738,01P11CM122,CFM56-7B27/B1,2,B738,B738W26,J
B737 86Q SF,B738,8CM051,CFM56-7B26,2,B738,B738W26,J
B737 86R,B738,3CM032,CFM56-7B24,2,B738,B738W26,J
B737 883,B738,8CM051,CFM56-7B26,2,B738,B738W26,J
B737 883 BCF,B738,8CM051,CFM56-7B26,2,B738,B738W26,J
B737 883 BDSF,B738,8CM051,CFM56-7B26,2,B738,B738W26,J
B737 883 SF,B738,8CM051,CFM56-7B26,2,B738,B738W26,J
B737 890,B738,3CM032,CFM56-7B24,2,B738,B738W26,J
B737 89L,B738,01P11CM116,CFM56-7B26E,2,B738,B738W26,J
B737 89L,B738,8CM051,CFM56-7B26,2,B738,B738W26,J
B737 89L SF,B738,8CM051,CFM56-7B26,2,B738,B738W26,J
B737 89M,B738,8CM051,CFM56-7B26,2,B738,B737W24,J
B737 89P,B738,3CM032,CFM56-7B24,2,B738,B738W26,J
B737 8AJ,B738,8CM051,CFM56-7B26,2,B738,B738W26,J
B737 8AL,B738,01P11CM114,CFM56-7B24E,2,B738,B738W26,J
B737 8AL,B738,01P11CM116,CFM56-7B26E,2,B738,B738W26,J
B737 8AL,B738,01P11CM121,CFM56-7BE,2,B738,B738W26,J
B737 8AL,B738,8CM051,CFM56-7B26,2,B738,B738W26,J
B737 8AL BCF,B738,8CM051,CFM56-7B26,2,B738,B738W26,J
B737 8AN,B738,8CM051,CFM56-7B26,2,B738,B738W26,J
B737 8AS,B738,01P11CM116,CFM56-7B26E,2,B738,B738W26,J
B737 8AS,B738,3CM031,CFM56-7B22,2,B738,B738W26,J
B737 8AS,B738,3CM032,CFM56-7B24,2,B738,B738W26,J
B737 8AS,B738,8CM051,CFM56-7B26,2,B738,B738W26,J
B737 8AS BCF,B738,3CM032,CFM56-7B24,2,B738,B738W26,J
B737 8AS SF,B738,3CM032,CFM56-7B24,2,B738,B738W26,J
B737 8AW,B738,8CM051,CFM56-7B26,2,B738,B738W26,J
B737 8B5 BCF,B738,8CM051,CFM56-7B26,2,B738,B738W26,J
B737 8B6,B738,01P11CM116,CFM56-7B26E,2,B738,B738W26,J
B737 8B6,B738,8CM051,CFM56-7B26,2,B738,B738W26,J
B737 8BG,B738,3CM034,CFM56-7B27,2,B738,B738W26,J
B737 8BK,B738,3CM032,CFM56-7B24,2,B738,B738W26,J
B737 8BK,B738,3CM034,CFM56-7B27,2,B738,B738W26,J
B737 8BK,B738,8CM051,CFM56-7B26,2,B738,B738W26,J
B737 8BK BCF,B738,3CM032,CFM56-7B24,2,B738,B738W26,J
B737 8BK BCF,B738,3CM034,CFM56-7B27,2,B738,B738W26,J
B737 8BK SF,B738,8CM051,CFM56-7B26,2,B738,B738W26,J
B737 8C9,B738,01P11CM121,CFM56-7BE,2,B738,B738W26,J
B737 8C9,B738,8CM051,CFM56-7B26,2,B738,B738W26,J
B737 8CT,B738,3CM034,CFM56-7B27,2,B738,B738W26,J
B737 8CX,B738,8CM051,CFM56-7B26,2,B738,B738W26,J
B737 8CX SF,B738,8CM051,CFM56-7B26,2,B738,B738W26,J
B737 8D6,B738,01P11CM121,CFM56-7B27E,2,B738,B738W26,J
B737 8D6,B738,3CM030,CFM56-7B20,2,B738,B738W26,J
B737 8D6,B738,3CM034,CFM56-7B27,2,B738,B738W26,J
B737 8D6 BCF,B738,3CM030,CFM56-7B20,2,B738,B738W26,J
B737 8DC,B738,3CM032,CFM56-7B24,2,B738,B738W26,J
B737 8DP,B738,8CM051,CFM56-7B26,2,B738,B738W26,J
B737 8DR,B738,8CM051,CFM56-7B26,2,B738,B738W26,J
B737 8DV,B738,8CM051,CFM56-7B26,2,B738,B738W26,J
B737 8DY,B738,8CM051,CFM56-7B26,2,B738,B738W26,J
B737 8E0,B738,8CM051,CFM56-7B26,2,B738,B738W26,J
B737 8E9,B738,01P11CM121,CFM56-7BE,2,B738,B738W26,J
B737 8EC,B738,8CM051,CFM56-7B26,2,B738,B738W26,J
B737 8EF,B738,8CM051,CFM56-7B26,2,B738,B738W26,J
B737 8EH,B738,01P11CM121,CFM56-7B27E,2,B738,B738W26,J
B737 8EH,B738,3CM034,CFM56-7B27,2,B738,B738W26,J
B737 8EH,B738,8CM051,CFM56-7B26,2,B738,B738W26,J
B737 8EH BCF,B738,8CM051,CFM56-7B26,2,B738,B738W26,J
B737 8EQ,B738,8CM051,CFM56-7B26,2,B738,B738W26,J
B737 8EV,B738,8CM051,CFM56-7B26,2,B738,B738W26,J
B737 8EX,B738,8CM051,CFM56-7B26,2,B738,B738W26,J
B737 8F2,B738,01P11CM116,CFM56-7B26E,2,B738,B738W26,J
B737 8F2,B738,8CM051,CFM56-7B26,2,B738,B738W26,J
B737 8F2 BCF,B738,8CM051,CFM56-7B26,2,B738,B738W26,J
B737 8FB,B738,01P11CM121,CFM56-7BE,2,B738,B738W26,J
B737 8FB,B738,3CM032,CFM56-7B24,2,B738,B738W26,J
B737 8FE,B738,8CM051,CFM56-7B26,2,B738,B738W26,J
B737 8FE BCF,B738,8CM051,CFM56-7B26,2,B738,B738W26,J
B737 8FE BDSF,B738,8CM051,CFM56-7B26,2,B738,B738W26,J
B737 8FE SF,B738,8CM051,CFM56-7B26,2,B738,B738W26,J
B737 8FH,B738,01P11CM116,CFM56-7B26E,2,B738,B738W26,J
B737 8FH,B738,01P11CM121,CFM56-7B27E,2,B738,B738W26,J
B737 8FH,B738,8CM051,CFM56-7B26,2,B738,B738W26,J
B737 8FH BDSF,B738,8CM051,CFM56-7B26,2,B738,B738W26,J
B737 8FN,B738,8CM051,CFM56-7B26,2,B738,B738W26,J
B737 8FV ERX P 8A,B738,3CM032,CFM56-7B24,2,B738,B738W26,J
B737 8FV P 8A,B738,01P11CM121,CFM56-7B27E,2,B738,B738W26,J
B737 8FV P 8A,B738,3CM032,CFM56-7B24,2,B738,B738W26,J
B737 8FV P 8A,B738,3CM034,CFM56-7B27,2,B738,B738W26,J
B737 8FV P 8I,B738,3CM032,CFM56-7B24,2,B738,B738W26,J
B737 8FZ,B738,01P11CM116,CFM56-7B26E,2,B738,B738W26,J
B737 8FZ,B738,8CM051,CFM56-7B26,2,B738,B738W26,J
B737 8GG,B738,3CM034,CFM56-7B27,2,B738,B738W26,J
B737 8GJ,B738,01P11CM114,CFM56-7B24E,2,B738,B738W26,J
B737 8GJ,B738,01P11CM116,CFM56-7B26E,2,B738,B738W26,J
B737 8GJ,B738,01P11CM121,CFM56-7BE,2,B738,B738W26,J
B737 8GJ,B738,3CM032,CFM56-7B24,2,B738,B738W26,J
B737 8GJ,B738,8CM051,CFM56-7B26,2,B738,B738W26,J
B737 8GK,B738,8CM051,CFM56-7B26,2,B738,B738W26,J
B737 8GP,B738,01P11CM114,CFM56-7B24E,2,B738,B738W26,J
B737 8GQ,B738,8CM051,CFM56-7B26,2,B738,B738W26,J
B737 8GS,B738,01P11CM121,CFM56-7BE,2,B738,B738W26,J
B737 8GU,B738,3CM034,CFM56-7B27,2,B738,B738W26,J
B737 8GU,B738,8CM051,CFM56-7B26,2,B738,B738W26,J
B737 8H4,B738,01P11CM121,CFM56-7B27E,2,B738,B738W26,J
B737 8H6,B738,01P11CM116,CFM56-7B26E,2,B738,B738W26,J
B737 8H6,B738,8CM051,CFM56-7B26,2,B738,B738W26,J
B737 8HC,B738,01P11CM116,CFM56-7B26E,2,B738,B738W26,J
B737 8HC,B738,8CM051,CFM56-7B26,2,B738,B738W26,J
B737 8HG,B738,3CM032,CFM56-7B24,2,B738,B738W26,J
B737 8HO,B738,8CM051,CFM56-7B26,2,B738,B738W26,J
B737 8HX,B738,01P11CM116,CFM56-7B26E,2,B738,B738W26,J
B737 8HX,B738,8CM051,CFM56-7B26,2,B738,B738W26,J
B737 8HX SF,B738,8CM051,CFM56-7B26,2,B738,B738W26,J
B737 8JE,B738,8CM051,CFM56-7B26,2,B738,B738W26,J
B737 8JM,B738,8CM051,CFM56-7B26,2,B738,B738W26,J
B737 8JP,B738,01P11CM116,CFM56-7B26E,2,B738,B738W26,J
B737 8JP,B738,3CM032,CFM56-7B24,2,B738,B738W26,J
B737 8JP,B738,8CM051,CFM56-7B26,2,B738,B738W26,J
B737 8K2,B738,01P11CM114,CFM56-7B24E,2,B738,B738W26,J
B737 8K2,B738,01P11CM116,CFM56-7B26E,2,B738,B738W26,J
B737 8K2,B738,01P11CM121,CFM56-7B27E,2,B738,B738W26,J
B737 8K2,B738,3CM032,CFM56-7B24,2,B738,B738W26,J
B737 8K2,B738,3CM034,CFM56-7B27,2,B738,B738W26,J
B737 8K2,B738,8CM051,CFM56-7B26,2,B738,B738W26,J
B737 8K2 SF,B738,3CM034,CFM56-7B27,2,B738,B738W26,J
B737 8K5,B738,01P11CM116,CFM56-7B26E,2,B738,B738W26,J
B737 8K5,B738,01P11CM121,CFM56-7B27E,2,B738,B738W26,J
B737 8K5,B738,3CM034,CFM56-7B27,2,B738,B738W26,J
B737 8K5,B738,8CM051,CFM56-7B26,2,B738,B738W26,J
B737 8K5 BCF,B738,8CM051,CFM56-7B26,2,B738,B738W26,J
B737 8KB,B738,8CM051,CFM56-7B26,2,B738,B738W26,J
B737 8KN,B738,01P11CM121,CFM56-7B27E,2,B738,B738W26,J
B737 8KN,B738,3CM034,CFM56-7B27,2,B738,B738W26,J
B737 8KN,B738,8CM051,CFM56-7B26,2,B738,B738W26,J
B737 8KT,B738,8CM051,CFM56-7B26,2,B738,B738W26,J
B737 8KV,B738,01P11CM114,CFM56-7B24E,2,B738,B738W26,J
B737 8LD,B738,01P11CM121,CFM56-7BE,2,B738,B738W26,J
B737 8LD,B738,8CM051,CFM56-7B26,2,B738,B738W26,J
B737 8LH,B738,01P11CM116,CFM56-7B26E,2,B738,B738W26,J
B737 8LH,B738,8CM051,CFM56-7B26,2,B738,B738W26,J
B737 8LJ,B738,01P11CM116,CFM56-7B26E,2,B738,B738W26,J
B737 8LJ,B738,01P11CM121,CFM56-7BE,2,B738,B738W26,J
B737 8LJ,B738,3CM032,CFM56-7B24,2,B738,B738W26,J
B737 8LP,B738,01P11CM121,CFM56-7B27E,2,B738,B738W26,J
B737 8LP,B738,8CM051,CFM56-7B26,2,B738,B738W26,J
B737 8LX,B738,01P11CM121,CFM56-7B27E,2,B738,B738W26,J
B737 8LX,B738,8CM051,CFM56-7B26,2,B738,B738W26,J
B737 8LZ,B738,01P11CM121,CFM56-7B27E,2,B738,B738W26,J
B737 8MA,B738,01P11CM116,CFM56-7B26E,2,B738,B738W26,J
B737 8MA,B738,3CM032,CFM56-7B24,2,B738,B738W26,J
B737 8MA,B738,8CM051,CFM56-7B26,2,B738,B738W26,J
B737 8MC,B738,01P11CM116,CFM56-7B26E,2,B738,B738W26,J
B737 8MG,B738,01P11CM116,CFM56-7B26E,2,B738,B738W26,J
B737 8Q8,B738,01P11CM116,CFM56-7B26E,2,B738,B738W26,J
B737 8Q8,B738,01P11CM121,CFM56-7BE,2,B738,B738W26,J
B737 8Q8,B738,3CM032,CFM56-7B24,2,B738,B738W26,J
B737 8Q8,B738,3CM034,CFM56-7B27,2,B738,B738W26,J
B737 8Q8,B738,8CM051,CFM56-7B26,2,B738,B738W26,J
B737 8Q8 BCF,B738,3CM034,CFM56-7B27,2,B738,B738W26,J
B737 8Q8 BCF,B738,8CM051,CFM56-7B26,2,B738,B738W26,J
B737 8Q8 SF,B738,3CM034,CFM56-7B27,2,B738,B738W26,J
B737 8Q8 SF,B738,8CM051,CFM56-7B26,2,B738,B738W26,J
B737 8S3,B738,3CM034,CFM56-7B27,2,B738,B738W26,J
B737 8S3,B738,8CM051,CFM56-7B26,2,B738,B738W26,J
B737 8SA,B738,01P11CM121,CFM56-7B27E,2,B738,B738W26,J
B737 8SH,B738,01P11CM121,CFM56-7BE,2,B738,B738W26,J
B737 8SH,B738,3CM034,CFM56-7B27,2,B738,B738W26,J
B737 8SH,B738,8CM051,CFM56-7B26,2,B738,B738W26,J
B737 8U3,B738,01P11CM116,CFM56-7B26E,2,B738,B738W26,J
B737 8U3,B738,8CM051,CFM56-7B26,2,B738,B738W26,J
B737 8V3,B738,8CM051,CFM56-7B26,2,B738,B738W26,J
B737 8V3 BCF,B738,8CM051,CFM56-7B26,2,B738,B738W26,J
B737 8Z0,B738,8CM051,CFM56-7B26,2,B738,B738W26,J
B737 8Z0 BDSF,B738,8CM051,CFM56-7B26,2,B738,B738W26,J
B737 8Z6,B738,01P11CM116,CFM56-7B26E,2,B738,B738W26,J
B737 8Z6,B738,8CM051,CFM56-7B26,2,B738,B738W26,J
B737 8Z9,B738,3CM034,CFM56-7B27,2,B738,B738W26,J
B737 8Z9,B738,8CM051,CFM56-7B26,2,B738,B738W26,J
B737 8Z9 BCF,B738,8CM051,CFM56-7B26,2,B738,B738W26,J
B737 8ZE,B738,01P11CM121,CFM56-7B27E,2,B738,B738W26,J
B737 8ZM,B738,01P11CM121,CFM56-7BE,2,B738,B738W26,J
B737 8ZQ,B738,01P11CM121,CFM56-7B27E,2,B738,B738W26,J
B737 8ZQ,B738,3CM034,CFM56-7B27,2,B738,B738W26,J
B737 8ZQ,B738,8CM051,CFM56-7B26,2,B738,B738W26,J
B737 8ZS,B738,3CM030,CFM56-7B,2,B738,B738W26,J
B737 9,B39M,01P20CM140,LEAP-1B,2,B39M,,J
B737 900WL,B739,01P11CM116,CFM56-7B26E,2,B739,B739ERW26,J
B737 91M ER,B738,01P11CM116,CFM56-7B26E,2,B738,B738W26,J
B737 93Y ER,B739,01P11CM121,CFM56-7BE,2,B739,B739ERW26,J
B737 93Y ER,B739,8CM051,CFM56-7B26,2,B739,B739ERW26,J
B737 94X ER,B739,8CM051,CFM56-7B26,2,B739,B739ERW26,J
B737 958 ER,B739,01P11CM121,CFM56-7B27E,2,B739,B739ERW26,J
B737 958 ER,B739,8CM051,CFM56-7B26,2,B739,B739ERW26,J
B737 95R,B739,3CM032,CFM56-7B24,2,B739,B739ERW26,J
B737 96N ER,B739,8CM051,CFM56-7B26,2,B739,B739ERW26,J
B737 97L,B739,8CM051,CFM56-7B26,2,B739,B739ERW26,J
B737 97Y ER,B739,01P11CM121,CFM56-7B27E,2,B739,B739ERW26,J
B737 990,B739,3CM032,CFM56-7B24,2,B739,B739ERW26,J
B737 9B5,B739,8CM051,CFM56-7B26,2,B739,B739ERW26,J
B737 9BQ ER,B739,01P11CM121,UNKNOWN,2,B739,B739ERW26,J
B737 9F2 ER,B739,01P11CM121,CFM56-7B27E,2,B739,B739ERW26,J
B737 9F2 ER,B739,3CM034,CFM56-7B27,2,B739,B739ERW26,J
B737 9F2 ER,B739,8CM051,CFM56-7B26,2,B739,B739ERW26,J
B737 9FG ER,B739,01P11CM121,UNKNOWN,2,B739,B739ERW26,J
B737 9GJ ER,B739,01P11CM116,CFM56-7B26E,2,B739,B739ERW26,J
B737 9GJ ER,B739,8CM051,CFM56-7B26,2,B739,B739ERW26,J
B737 9GP ER,B739,01P11CM116,CFM56-7B26E,2,B739,B739ERW26,J
B737 9GP ER,B739,8CM051,CFM56-7B26,2,B739,B739ERW26,J
B737 9HW ER,B739,01P11CM121,UNKNOWN,2,B739,B739ERW26,J
B737 9JA ER,B739,01P11CM121,UNKNOWN,2,B739,B739ERW26,J
B737 9K2,B739,8CM051,CFM56-7B26,2,B739,B739ERW26,J
B737 9KV ER,B739,01P11CM121,CFM56-7BE,2,B739,B739ERW26,J
B737 9KV ER,B739,8CM051,CFM56-7B26,2,B739,B739ERW26,J
B737 9LB ER,B739,01P11CM121,UNKNOWN,2,B739,B739ERW26,J
B737 T43A,B732,1PW006,JT8D-9A/Q,2,B732,B73215,J
B747 121 F SCD,B741,8PW087,JT9D-7A,4,B742,,J
B747 122 F SCD,B741,8PW087,JT9D-7A,4,B742,,J
B747 123 F SCD,B741,8PW085,JT8D-7A,4,B742,,J
B747 123 F SCD,B741,8PW087,JT9D-7AH,4,B742,,J
B747 132 F SCD,B741,8PW087,JT9D-7AD,4,B742,,J
B747 146,B741,8PW087,JT9D-7A,4,B742,,J
B747 146 F SCD,B741,8PW087,JT9D-7A,4,B742,,J
B747 168B,B741,1RR006,RB211-524C2,4,B742,,J
B747 186B,B741,1PW022,JT9D-7F,4,B742,,J
B747 206B F SCD,B742,3GE077,CF6-50E2,4,B742,B742RR,J
B747 206B SCD,B742,3GE077,CF6-50E2,4,B742,B742RR,J
B747 206B SCD SUD,B742,3GE077,CF6-50E2,4,B742,B742RR,J
B747 206B SUD,B742,3GE077,CF6-50E2,4,B742,B742RR,J
B747 209B F,B742,1PW025,JT9D-7Q,4,B742,B742RR,J
B747 209B F SCD,B742,1PW029,JT9D-7R4G2,4,B742,B742RR,J
B747 212B,B742,1PW025,JT9D-7Q,4,B742,B742RR,J
B747 212B F,B742,1PW025,JT9D-7Q,4,B742,B742RR,J
B747 212B F SCD,B742,1PW024,JT9D-7J,4,B742,B742RR,J
B747 212B F SCD,B742,1PW025,JT9D-7Q,4,B742,B742RR,J
B747 212B F SCD,B742,1PW029,JT9D-7R4G2,4,B742,B742RR,J
B747 212B F SCD,B742,8PW087,JT9D-7A,4,B742,B742RR,J
B747 217B,B742,8PW087,JT9D-7A,4,B742,B742RR,J
B747 219B,B742,1RR007,RB211-524D4,4,B742,B742RR,J
B747 21AC SCD,B742,3GE077,CF6-50E2,4,B742,B742RR,J
B747 221F,B742,1PW025,JT9D-7Q,4,B742,B742RR,J
B747 222B F,B742,1PW029,JT9D-7R4G2,4,B742,B742RR,J
B747 228B F SCD,B742,3GE077,CF6-50E2,4,B742,B742RR,J
B747 228B SCD,B742,3GE077,CF6-50E2,4,B742,B742RR,J
B747 228F,B742,1PW024,JT9D-7J,4,B742,B742RR,J
B747 228F,B742,3GE077,CF6-50E2,4,B742,B742RR,J
B747 228F SCD,B742,3GE077,CF6-50E2,4,B742,B742RR,J
B747 230B,B742,3GE077,CF6-50E2,4,B742,B742RR,J
B747 230B F,B742,3GE077,CF6-50E2,4,B742,B742RR,J
B747 230B F SCD,B742,3GE077,CF6-50E2,4,B742,B742RR,J
B747 230B SCD,B742,3GE077,CF6-50E2,4,B742,B742RR,J
B747 230F SCD,B742,3GE077,CF6-50E2,4,B742,B742RR,J
B747 236B,B742,1RR007,RB211-524D4,4,B742,B742RR,J
B747 236B F,B742,1RR007,RB211-524D4,4,B742,B742RR,J
B747 236B F SCD,B742,1RR006,RB211-524C2,4,B742,B742RR,J
B747 236B F SCD,B742,1RR007,RB211-524D4,4,B742,B742RR,J
B747 237B,B742,1PW025,JT9D-7Q,4,B742,B742RR,J
B747 237B F,B742,1PW024,JT9D-7J,4,B742,B742RR,J
B747 238B,B742,1PW024,JT9D-7J,4,B742,B742RR,J
B747 240B SCD,B742,3GE077,CF6-50E2,4,B742,B742RR,J
B747 243B,B742,3GE077,CF6-50E2,4,B742,B742RR,J
B747 243B F SCD,B742,3GE077,CF6-50E2,4,B742,B742RR,J
B747 243B SCD,B742,3GE077,CF6-50E2,4,B742,B742RR,J
B747 243F SCD,B742,3GE077,CF6-50E2,4,B742,B742RR,J
B747 245 F SCD,B742,1PW034,JT9D-70A,4,B742,B742RR,J
B747 245F,B742,1PW025,JT9D-7Q,4,B742,B742RR,J
B747 245F,B742,1PW034,JT9D-70A,4,B742,B742RR,J
B747 246B,B742,1PW025,JT9D-7Q,4,B742,B742RR,J
B747 246B,B742,1PW029,JT9D-7R4G2,4,B742,B742RR,J
B747 246B,B742,8PW087,JT9D-7A,4,B742,B742RR,J
B747 246B F SCD,B742,1PW025,JT9D-7Q,4,B742,B742RR,J
B747 246F,B742,1PW025,JT9D-7Q,4,B742,B742RR,J
B747 246F,B742,1PW029,JT9D-7R4G2,4,B742,B742RR,J
B747 246F,B742,8PW087,JT9D-7AW,4,B742,B742RR,J
B747 249B F SCD,B742,1PW025,JT9D-7Q,4,B742,B742RR,J
B747 251B,B742,1PW025,JT9D-7Q,4,B742,B742RR,J
B747 251B,B742,1PW029,JT9D-7R4G2,4,B742,B742RR,J
B747 251B F,B742,1PW025,JT9D-7Q,4,B742,B742RR,J
B747 251B SF,B742,1PW025,JT9D-7Q,4,B742,B742RR,J
B747 251F SCD,B742,1PW029,JT9D-7R4G2,4,B742,B742RR,J
B747 256B,B742,1PW025,JT9D-7Q3,4,B742,B742RR,J
B747 258B F SCD,B742,1PW022,JT9D-7F,4,B742,B742RR,J
B747 258C SCD,B742,1PW024,JT9D-7J,4,B742,B742RR,J
B747 259B SCD,B742,1PW025,JT9D-7Q,4,B742,B742RR,J
B747 267B,B742,1RR006,RB211-524C2,4,B742,B742RR,J
B747 267B,B742,1RR007,RB211-524D4,4,B742,B742RR,J
B747 267B F SCD,B742,1RR007,RB211-524D4,4,B742,B742RR,J
B747 268F SCD,B742,1RR007,RB211-524D4,4,B742,B742RR,J
B747 269B SCD,B742,1PW024,JT9D-7J,4,B742,B742RR,J
B747 269F SCD,B742,1PW024,JT9D-7J,4,B742,B742RR,J
B747 271C SCD,B742,3GE077,CF6-50E2,4,B742,B742RR,J
B747 273C,B742,1PW022,JT9D-7F,4,B742,B742RR,J
B747 281B,B742,3GE077,CF6-50E2,4,B742,B742RR,J
B747 281B F,B742,3GE077,CF6-50E2,4,B742,B742RR,J
B747 281F SCD,B742,3GE077,CF6-50E2,4,B742,B742RR,J
B747 282B,B742,8PW087,JT9D-7A,4,B742,B742RR,J
B747 283B F SCD,B742,1PW025,JT9D-7Q,4,B742,B742RR,J
B747 283B F SCD,B742,1PW034,JT9D-70A,4,B742,B742RR,J
B747 286B SCD,B742,1PW022,JT9D-7F,4,B742,B742RR,J
B747 287B,B742,1PW025,JT9D-7Q,4,B742,B742RR,J
B747 2B3B F SCD,B742,3GE077,CF6-50E2,4,B742,B742RR,J
B747 2B3B SCD,B742,3GE077,CF6-50E2,4,B742,B742RR,J
B747 2B4B F SCD,B742,1PW022,JT9D-7FW,4,B742,B742RR,J
B747 2B4B SCD,B742,1PW022,JT9D-7FW,4,B742,B742RR,J
B747 2B5B F SCD,B742,1PW025,JT9D-7Q,4,B742,B742RR,J
B747 2B5B F SCD,B742,1PW029,JT9D-7R4G2,4,B742,B742RR,J
B747 2B5F SCD,B742,1PW025,JT9D-7Q,4,B742,B742RR,J
B747 2D3B F SCD,B742,3GE077,CF6-50E2,4,B742,B742RR,J
B747 2D7B F SCD,B742,3GE077,CF6-50E2,4,B742,B742RR,J
B747 2F6B F,B742,3GE077,CF6-50E2,4,B742,B742RR,J
B747 2J6B F SCD,B742,1PW029,JT9D-7R4G2,4,B742,B742RR,J
B747 2J6B SCD,B742,1PW029,JT9D-7R4G2,4,B742,B742RR,J
B747 2J6F SCD,B742,1PW029,JT9D-7R4G2,4,B742,B742RR,J
B747 2J9F,B742,1PW022,JT9D-7F,4,B742,B742RR,J
B747 2L5B F SCD,B742,3GE077,CF6-50E2,4,B742,B742RR,J
B747 2R7F,B742,1PW034,JT9D-70A,4,B742,B742RR,J
B747 2S4F SCD,B742,1PW025,JT9D-7Q,4,B742,B742RR,J
B747 2U3B,B742,1PW025,JT9D-7Q,4,B742,B742RR,J
B747 2U3B F,B742,1PW025,JT9D-7Q,4,B742,B742RR,J
B747 306 SCD,B743,3GE077,CF6-50E2,4,B743,B743PW,J
B747 312,B743,1PW029,JT9D-7R4G2,4,B743,B743PW,J
B747 312 SCD,B743,1PW029,JT9D-7R4G2,4,B743,B743PW,J
B747 312SF,B743,1PW029,JT9D-7R4G2,4,B743,B743PW,J
B747 329 SCD,B743,3GE077,CF6-50E2,4,B743,B743PW,J
B747 337 SCD,B743,2GE041,CF6-80C2B,4,B743,B743PW,J
B747 338,B743,1RR007,RB211-524D4,4,B743,B743PW,J
B747 341,B743,3GE078,CF6-50C2B,4,B743,B743PW,J
B747 341 SCD,B743,3GE077,CF6-50E2,4,B743,B743PW,J
B747 344,B743,1PW029,JT9D-7R4G2,4,B743,B743PW,J
B747 346,B743,1PW029,JT9D-7R4G2,4,B743,B743PW,J
B747 357,B743,1PW029,JT9D-7R4G2,4,B743,B743PW,J
B747 357 SCD,B743,1PW029,JT9D-7R4G2,4,B743,B743PW,J
B747 367,B743,1RR007,RB211-524D4,4,B743,B743PW,J
B747 368,B743,1RR007,RB211-524D4,4,B743,B743PW,J
B747 3B3,B743,3GE077,CF6-50E2,4,B743,B743PW,J
B747 3B3 SCD,B743,3GE077,CF6-50E2,4,B743,B743PW,J
B747 3B5,B743,1PW029,JT9D-7R4G2,4,B743,B743PW,J
B747 3B5 SCD,B743,1PW029,JT9D-7R4G2,4,B743,B743PW,J
B747 3D7,B743,2GE041,CF6-80C2B1,4,B743,B743PW,J
B747 3G1,B743,1PW029,JT9D-7R4G2,4,B743,B743PW,J
B747 3H6 SCD,B743,1PW029,JT9D-7R4G2,4,B743,B743PW,J
B747 406,B744,01P02GE186,CF6-80C2B1F,4,B744,B744GE,J
B747 406 SCD,B744,01P02GE186,CF6-80C2B1F,4,B744,B744GE,J
B747 406ERF,B744,01P03GE187,CF6-80C2B5F,4,B744,B744ERGE,J
B747 409,B744,1PW042,PW4056,4,B744,B744GE,J
B747 409 BDSF,B744,1PW042,PW4056,4,B744,B744GE,J
B747 409 LCF,BLCF,1PW042,PW4056,4,A346,,J
B747 409F,B744,01P02GE186,CF6-80C2B1F,4,B744,B744GE,J
B747 409F,B744,1PW042,PW4056,4,B744,B744GE,J
B747 40BERF,B744,01P03GE187,CF6-80C2B5F,4,B744,B744ERGE,J
B747 412,B744,1PW042,PW4056,4,B744,B744GE,J
B747 412 BCF,B744,1PW042,PW4056,4,B744,B744GE,J
B747 412 BDSF,B744,1PW042,PW4056,4,B744,B744GE,J
B747 412F,B744,1PW042,PW4056,4,B744,B744GE,J
B747 419,B744,1RR010,RB211-524G,4,B744,B744GE,J
B747 419 BDSF,B744,1RR010,RB211-524G,4,B744,B744GE,J
B747 41BF,B744,01P02GE186,CF6-80C2B1F,4,B744,B744GE,J
B747 41R,B744,01P02GE186,CF6-80C2B1F,4,B744,B744GE,J
B747 422,B744,1PW042,PW4056,4,B744,B744GE,J
B747 428,B744,01P02GE186,CF6-80C2B1F,4,B744,B744GE,J
B747 428,B744,01P03GE187,CF6-80C2B5F,4,B744,B744GE,J
B747 428 BCF,B744,01P02GE186,CF6-80C2B1F,4,B744,B744GE,J
B747 428 ER,B744,01P03GE187,CF6-80C2B5F,4,B744,B744ERGE,J
B747 428 SCD,B744,01P02GE186,CF6-80C2B1F,4,B744,B744GE,J
B747 428 SCD BCF,B744,01P02GE186,CF6-80C2B1F,4,B744,B744GE,J
B747 428ERF,B744,01P02GE186,CF6-80C2B1F,4,B744,B744ERGE,J
B747 428F SCD,B744,01P02GE186,CF6-80C2B1F,4,B744,B744GE,J
B747 430,B744,01P02GE186,CF6-80C2B1F,4,B744,B744GE,J
B747 430 SCD,B744,01P02GE186,CF6-80C2B1F,4,B744,B744GE,J
B747 433 BDSF,B744,1PW042,PW4056,4,B744,B744GE,J
B747 433 SCD,B744,1PW042,PW4056,4,B744,B744GE,J
B747 436,B744,1RR010,RB211-524G,4,B744,B744GE,J
B747 436,B744,1RR011,RB211-524H2,4,B744,B744GE,J
B747 437,B744,1PW042,PW4056,4,B744,B744GE,J
B747 438,B744,1RR010,RB211-524G2,4,B744,B744GE,J
B747 438 ER,B744,01P03GE187,CF6-80C2B5F,4,B744,B744ERGE,J
B747 441,B744,01P02GE186,CF6-80C2B1F,4,B744,B744GE,J
B747 443,B744,01P02GE186,CF6-80C2B1F,4,B744,B744GE,J
B747 444,B744,1RR011,RB211-524H,4,B744,B744GE,J
B747 444,B744,4RR036,RB211-524G/H-T,4,B744,B744GE,J
B747 444 BCF,B744,1RR011,RB211-524H,4,B744,B744GE,J
B747 446,B744,01P02GE186,CF6-80C2B1F,4,B744,B744GE,J
B747 446 BCF,B744,01P02GE186,CF6-80C2B1F,4,B744,B744GE,J
B747 446 BDSF,B744,01P02GE186,CF6-80C2B1F,4,B744,B744GE,J
B747 446F,B744,01P02GE186,CF6-80C2B1F,4,B744,B744GE,J
B747 44AF,B744,4RR036,RB211-524G/H-T,4,B744,B744GE,J
B747 451,B744,1PW042,PW4056,4,B744,B744GE,J
B747 458,B744,1PW042,PW4056,4,B744,B744GE,J
B747 45E,B744,01P02GE186,CF6-80C2B1F,4,B744,B744GE,J
B747 45E BCF,B744,01P02GE186,CF6-80C2B1F,4,B744,B744GE,J
B747 45E BDSF,B744,01P02GE186,CF6-80C2B1F,4,B744,B744GE,J
B747 45EF,B744,01P02GE186,CF6-80C2B1F,4,B744,B744GE,J
B747 467,B744,1RR010,RB211-524G,4,B744,B744GE,J
B747 467,B744,1RR011,RB211-524H,4,B744,B744GE,J
B747 467 BCF,B744,1RR011,RB211-524H,4,B744,B744GE,J
B747 467 ERF,B744,01P02GE186,CF6-80C2B1F,4,B744,B744ERGE,J
B747 467ERF,B744,01P02GE186,CF6-80C2B1F,4,B744,B744ERGE,J
B747 467F,B744,1RR011,RB211-524H,4,B744,B744GE,J
B747 467F SCD,B744,1RR011,RB211-524H,4,B744,B744GE,J
B747 467F SCD,B744,4RR036,RB211-524G/H-T,4,B744,B744GE,J
B747 468,B744,01P02GE186,CF6-80C2B1F,4,B744,B744GE,J
B747 469,B744,01P02GE186,CF6-80C2B1F,4,B744,B744GE,J
B747 46NERF,B744,01P03GE187,CF6-80C2B5F,4,B744,B744ERGE,J
B747 46NF,B744,01P02GE186,CF6-80C2B1F,4,B744,B744GE,J
B747 475,B744,01P02GE186,CF6-80C2B1F,4,B744,B744GE,J
B747 47C,B744,01P02GE186,CF6-80C2B1F,4,B744,B744GE,J
B747 47UF,B744,01P02GE186,CF6-80C2B1F,4,B744,B744GE,J
B747 481,B744,01P02GE186,CF6-80C2B1F,4,B744,B744GE,J
B747 481 BCF,B744,01P02GE186,CF6-80C2B1F,4,B744,B744GE,J
B747 481 BDSF,B744,01P02GE186,CF6-80C2B1F,4,B744,B744GE,J
B747 481 F,B744,01P02GE186,CF6-80C2B1F,4,B744,B744GE,J
B747 481F,B744,01P02GE186,CF6-80C2B1F,4,B744,B744GE,J
B747 48E,B744,01P02GE186,CF6-80C2B1F,4,B744,B744GE,J
B747 48E BDSF,B744,01P02GE186,CF6-80C2B1F,4,B744,B744GE,J
B747 48EF,B744,01P02GE186,CF6-80C2B1F,4,B744,B744GE,J
B747 4B3,B744,01P02GE186,CF6-80C2B,4,B744,B744GE,J
B747 4B3 BCF,B744,01P02GE186,CF6-80C2B,4,B744,B744GE,J
B747 4B5,B744,1PW042,PW4056,4,B744,B744GE,J
B747 4B5 BCF,B744,1PW042,PW4056,4,B744,B744GE,J
B747 4B5 ERF,B744,12PW102,PW4062,4,B744,B744ERGE,J
B747 4B5ERF,B744,12PW102,PW4062,4,B744,B744ERGE,J
B747 4B5F,B744,1PW042,PW4056,4,B744,B744GE,J
B747 4D7,B744,01P02GE186,CF6-80C2B1F,4,B744,B744GE,J
B747 4D7 BCF,B744,01P02GE186,CF6-80C2B1F,4,B744,B744GE,J
B747 4EVERF,B744,01P03GE187,CF6-80C2B5F,4,B744,B744ERGE,J
B747 4F6,B744,01P02GE186,CF6-80C2B1F,4,B744,B744GE,J
B747 4F6 BDSF,B744,01P02GE186,CF6-80C2B1F,4,B744,B744GE,J
B747 4FTF,B744,1PW042,PW4056,4,B744,B744GE,J
B747 4H6,B744,01P02GE186,CF6-80C2B1F,4,B744,B744GE,J
B747 4H6,B744,1PW042,PW4056,4,B744,B744GE,J
B747 4H6 BCF,B744,01P02GE186,CF6-80C2B1F,4,B744,B744GE,J
B747 4H6 BDSF,B744,1PW042,PW4056,4,B744,B744GE,J
B747 4H6 LCF,BLCF,1PW042,PW4056,4,A346,,J
B747 4H6F,B744,1PW042,PW4056,4,B744,B744GE,J
B747 4HAERF,B744,01P03GE187,CF6-80C2B5F,4,B744,B744ERGE,J
B747 4HQERF,B744,01P03GE187,CF6-80C2B5F,4,B744,B744ERGE,J
B747 4J6,B744,1PW042,PW4056,4,B744,B744GE,J
B747 4J6 BCF,B744,1PW042,PW4056,4,B744,B744GE,J
B747 4J6 LCF,BLCF,1PW042,PW4056,4,A346,,J
B747 4J6 SCD,B744,1PW042,PW4056,4,B744,B744GE,J
B747 4KZF,B744,01P02GE186,CF6-80C2B1F,4,B744,B744GE,J
B747 4P8,B744,01P02GE186,CF6-80C2B1F,4,B744,B744GE,J
B747 4Q8,B744,01P02GE186,CF6-80C2B1F,4,B744,B744GE,J
B747 4R7F,B744,4RR036,RB211-524G/H-T,4,B744,B744GE,J
B747 4R7F SCD,B744,01P02GE186,CF6-80C2B1F,4,B744,B744GE,J
B747 4R7F SCD,B744,4RR036,RB211-524G/H-T,4,B744,B744GE,J
B747 4U3,B744,01P02GE186,CF6-80C2B1F,4,B744,B744GE,J
B747 830,B748,11GE139,GENX-2B67,4,B748,B748F,J
B747 83QF,B748,11GE139,GENX-2B67,4,B748,B748F,J
B747 85M,B748,11GE139,GENX-2B67,4,B748,B748F,J
B747 867F,B748,11GE139,GENX-2B67,4,B748,B748F,J
B747 87UF,B748,11GE139,GENX-2B67,4,B748,B748F,J
B747 89L,B748,11GE139,GENX-2B67,4,B748,B748F,J
B747 8B5,B748,11GE139,GENX-2B67,4,B748,B748F,J
B747 8B5 F,B748,11GE139,GENX-2B67,4,B748,B748F,J
B747 8F,B748,11GE139,GENX-2B67,4,B748,B748F,J
B747 8H0,B748,11GE139,GENX-2B67,4,B748,B748F,J
B747 8HTF,B748,11GE139,GENX-2B67,4,B748,B748F,J
B747 8HVF,B748,11GE139,GENX-2B67,4,B748,B748F,J
B747 8I,B748,11GE139,GENX-2B67,4,B748,B748F,J
B747 8JA,B748,11GE139,GENX-2B67,4,B748,B748F,J
B747 8JK,B748,11GE139,GENX-2B67,4,B748,B748F,J
B747 8KB,B748,11GE139,GENX-2B67,4,B748,B748F,J
B747 8KV,B748,11GE139,GENX-2B67,4,B748,B748F,J
B747 8KZF,B748,11GE139,GENX-2B67,4,B748,B748F,J
B747 8LQ,B748,11GE139,GENX-2B67,4,B748,B748F,J
B747 8R7F,B748,11GE139,GENX-2B67,4,B748,B748F,J
B747 8Z5,B748,11GE139,GENX-2B67,4,B748,B748F,J
B747 E 4B,B744,1RR007,UNKNOWN,4,B744,B742RR,J
B747SP 09,B74S,8PW087,JT9D-7A,4,B742,,J
B747SP 21,B74S,8PW085,JT8D-7A,4,B742,,J
B747SP 21,B74S,8PW087,JT9D-7A,4,B742,,J
B747SP 27,B74S,1PW024,JT9D-7J,4,B742,,J
B747SP 27,B74S,8PW087,JT9D-7A,4,B742,,J
B747SP 31,B74S,1RR007,RB211-524D4,4,B742,,J
B747SP 31,B74S,8PW085,JT9D-7AH,4,B742,,J
B747SP 31,B74S,8PW087,JT9D-7A,4,B742,,J
B747SP 68,B74S,1RR006,RB211-524C2,4,B742,,J
B747SP 86,B74S,1PW022,JT9D-7F,4,B742,,J
B747SP 94,B74S,8PW086,JT9D-7,4,B742,,J
B747SR 46 F SCD,B74R,8PW087,JT9D-7A,4,B742,,J
B747SR 81 F SCD,B74R,3GE068,CF6-45A2,4,B742,,J
B757 204,B752,5RR038,RB211-535E4,2,B752,B752WRR40,J
B757 204 F,B752,5RR038,RB211-535E4,2,B752,B752WRR40,J
B757 204 F WL,B752,5RR038,RB211-535E4,2,B752,B752WRR40,J
B757 204 PCF,B752,5RR038,RB211-535E4,2,B752,B752WRR40,J
B757 204 PCF WL,B752,5RR038,RB211-535E4,2,B752,B752WRR40,J
B757 204 WL,B752,5RR038,RB211-535E4,2,B752,B752WRR40,J
B757 208 PCF,B752,5RR038,RB511-535E4,2,B752,B752WRR40,J
B757 208 WL,B752,4PW073,PW2040,2,B752,B752WRR40,J
B757 208 WL,B752,5RR038,RB511-535E4,2,B752,B752WRR40,J
B757 212,B752,4PW072,PW2037,2,B752,B752WRR40,J
B757 21B,B752,5RR038,RB211-535E4,2,B752,B752WRR40,J
B757 21B F,B752,5RR038,RB211-535E4,2,B752,B752WRR40,J
B757 222 F WL,B752,4PW072,PW2037,2,B752,B752WRR40,J
B757 222 PCF,B752,4PW072,PW2037,2,B752,B752WRR40,J
B757 223,B752,5RR039,RB211-535E4-B,2,B752,B752WRR40,J
B757 223 F,B752,5RR039,RB211-535E4-B,2,B752,B752WRR40,J
B757 223 F WL,B752,5RR039,RB211-535E4-B,2,B752,B752WRR40,J
B757 223 PCF WL,B752,5RR039,RB211-535E4-B,2,B752,B752WRR40,J
B757 223 WL,B752,5RR039,RB211-535E4-B,2,B752,B752WRR40,J
B757 224,B752,5RR039,RB211-535E4-B,2,B752,B752WRR40,J
B757 224 WL,B752,5RR039,RB211-535E4-B,2,B752,B752WRR40,J
B757 225,B752,5RR038,RB211-535E4,2,B752,B752WRR40,J
B757 225 ASF,B752,5RR038,RB211-535E4,2,B752,B752WRR40,J
B757 225 F,B752,5RR038,RB211-535E4,2,B752,B752WRR40,J
B757 225 WL,B752,5RR038,RB211-535E4,2,B752,B752WRR40,J
B757 22K,B752,5RR038,RB211-535E4,2,B752,B752WRR40,J
B757 22L,B752,5RR038,RB211-535E4,2,B752,B752WRR40,J
B757 230,B752,4PW073,PW2040,2,B752,B752WRR40,J
B757 230 WL,B752,4PW073,PW2040,2,B752,B752WRR40,J
B757 230F,B752,4PW073,PW2040,2,B752,B752WRR40,J
B757 230F WL,B752,4PW073,PW2040,2,B752,B752WRR40,J
B757 231,B752,4PW072,PW2037,2,B752,B752WRR40,J
B757 231 F,B752,4PW072,PW2037,2,B752,B752WRR40,J
B757 231 F,B752,4PW073,PW2040,2,B752,B752WRR40,J
B757 231 WL,B752,4PW072,PW2037,2,B752,B752WRR40,J
B757 232 PCF,B752,4PW072,PW2037,2,B752,B752WRR40,J
B757 232 WL,B752,4PW072,PW2037,2,B752,B752WRR40,J
B757 236,B752,1RR012,RB211-535C,2,B752,B752WRR40,J
B757 236,B752,5RR038,RB211-535E4,2,B752,B752WRR40,J
B757 236 F,B752,5RR038,RB211-535E4,2,B752,B752WRR40,J
B757 236 PF,B752,5RR038,RB211-535E4,2,B752,B752WRR40,J
B757 236 PF WL,B752,5RR038,RB211-535E4,2,B752,B752WRR40,J
B757 236 S,B752,1RR012,RB211-535C,2,B752,B752WRR40,J
B757 236 SF,B752,1RR012,RB211-535C,2,B752,B752WRR40,J
B757 236 SF,B752,5RR038,RB211-535E4,2,B752,B752WRR40,J
B757 236 SF WL,B752,5RR038,RB211-535E4,2,B752,B752WRR40,J
B757 23A,B752,5RR038,RB211-535E4,2,B752,B752WRR40,J
B757 23A F,B752,4PW072,PW2037,2,B752,B752WRR40,J
B757 23A F,B752,5RR038,RB211-535E4,2,B752,B752WRR40,J
B757 23APF,B752,5RR038,RB211-535E4,2,B752,B752WRR40,J
B757 23N,B752,5RR038,RB211-535E4,2,B752,B752WRR40,J
B757 23N PCF,B752,5RR038,RB211-535E4,2,B752,B752WRR40,J
B757 23N PCF WL,B752,5RR038,RB211-535E4,2,B752,B752WRR40,J
B757 23N SF,B752,5RR038,RB211-535E4,2,B752,B752WRR40,J
B757 23N WL,B752,5RR038,RB211-535E4,2,B752,B752WRR40,J
B757 23P,B752,4PW072,PW2037,2,B752,B752WRR40,J
B757 24APF,B752,4PW073,PW2040,2,B752,B752WRR40,J
B757 24Q,B752,4PW073,PW2040,2,B752,B752WRR40,J
B757 251,B752,4PW072,PW2037,2,B752,B752WRR40,J
B757 251 WL,B752,4PW072,PW2037,2,B752,B752WRR40,J
B757 256,B752,5RR038,RB211-535E4,2,B752,B752WRR40,J
B757 256 F,B752,5RR038,RB211-535E4,2,B752,B752WRR40,J
B757 256 F WL,B752,5RR038,RB211-535E4,2,B752,B752WRR40,J
B757 256 PCF WL,B752,5RR038,RB211-535E4,2,B752,B752WRR40,J
B757 256 WL,B752,5RR038,RB211-535E4,2,B752,B752WRR40,J
B757 258,B752,5RR038,RB211-535E4,2,B752,B752WRR40,J
B757 258 SF,B752,5RR038,RB211-535E4,2,B752,B752WRR40,J
B757 25C F,B752,5RR038,RB211-535E4,2,B752,B752WRR40,J
B757 25F,B752,5RR038,RB211-535E4,2,B752,B752WRR40,J
B757 260,B752,4PW073,PW2040,2,B752,B752WRR40,J
B757 260 PCF,B752,4PW073,PW2040,2,B752,B752WRR40,J
B757 260PF,B752,4PW073,PW2040,2,B752,B752WRR40,J
B757 26D,B752,4PW072,PW2037,2,B752,B752WRR40,J
B757 26D WL,B752,4PW072,PW2037,2,B752,B752WRR40,J
B757 27A F,B752,4PW073,PW2040,2,B752,B752WRR40,J
B757 27A PCF,B752,4PW072,PW2037,2,B752,B752WRR40,J
B757 27B,B752,5RR038,RB211-535E4,2,B752,B752WRR40,J
B757 27B F,B752,5RR038,RB211-535E4,2,B752,B752WRR40,J
B757 27B WL,B752,5RR038,RB211-535E4,2,B752,B752WRR40,J
B757 28A,B752,5RR038,RB211-535E4,2,B752,B752WRR40,J
B757 28A ASF,B752,5RR038,RB211-535E4,2,B752,B752WRR40,J
B757 28A F,B752,5RR038,RB211-535E4,2,B752,B752WRR40,J
B757 28A F WL,B752,5RR038,RB211-535E4,2,B752,B752WRR40,J
B757 28A PCF WL,B752,5RR038,RB211-535E4,2,B752,B752WRR40,J
B757 28A WL,B752,5RR038,RB211-535E4,2,B752,B752WRR40,J
B757 28S,B752,5RR038,RB211-535E4,2,B752,B752WRR40,J
B757 28S F,B752,5RR038,RB211-535E4,2,B752,B752WRR40,J
B757 29J,B752,4PW072,PW2037,2,B752,B752WRR40,J
B757 2B6,B752,4PW072,PW2037,2,B752,B752WRR40,J
B757 2B6 PCF WL,B752,4PW072,PW2037,2,B752,B752WRR40,J
B757 2B7,B752,5RR038,RB211-535E4,2,B752,B752WRR40,J
B757 2B7 F,B752,5RR038,RB211-535E4,2,B752,B752WRR40,J
B757 2B7 F WL,B752,5RR038,RB211-535E4,2,B752,B752WRR40,J
B757 2B7 SF,B752,5RR038,RB211-535E4,2,B752,B752WRR40,J
B757 2B7 WL,B752,5RR038,RB211-535E4,2,B752,B752WRR40,J
B757 2G5,B752,5RR038,RB211-535E4,2,B752,B752WRR40,J
B757 2G5 F,B752,5RR038,RB211-535E4,2,B752,B752WRR40,J
B757 2G5 PCF WL,B752,5RR038,RB211-535E4,2,B752,B752WRR40,J
B757 2J4,B752,5RR038,RB211-535E4,2,B752,B752WRR40,J
B757 2K2,B752,5RR038,RB211-535E4-37,2,B752,B752WRR40,J
B757 2K2 WL,B752,5RR038,RB211-535E4-37,2,B752,B752WRR40,J
B757 2M6,B752,5RR038,RB211-535E4,2,B752,B752WRR40,J
B757 2Q8,B752,4PW072,PW2037,2,B752,B752WRR40,J
B757 2Q8,B752,4PW073,PW2040,2,B752,B752WRR40,J
B757 2Q8,B752,5RR038,RB211-535E4,2,B752,B752WRR40,J
B757 2Q8 F,B752,4PW072,PW2037,2,B752,B752WRR40,J
B757 2Q8 F,B752,4PW073,PW2040,2,B752,B752WRR40,J
B757 2Q8 F,B752,5RR038,RB211-535E4,2,B752,B752WRR40,J
B757 2Q8 F WL,B752,4PW073,PW2040,2,B752,B752WRR40,J
B757 2Q8 WL,B752,4PW072,PW2037,2,B752,B752WRR40,J
B757 2Q8 WL,B752,4PW073,PW2040,2,B752,B752WRR40,J
B757 2Q8 WL,B752,5RR038,RB211-535E4,2,B752,B752WRR40,J
B757 2T7,B752,5RR038,RB211-535E4,2,B752,B752WRR40,J
B757 2T7 F,B752,5RR038,RB211-535E4,2,B752,B752WRR40,J
B757 2Y0,B752,5RR038,RB211-535E4,2,B752,B752WRR40,J
B757 2Y0 F,B752,5RR038,RB211-535E4,2,B752,B752WRR40,J
B757 2Y0 WL,B752,5RR038,RB211-535E4,2,B752,B752WRR40,J
B757 2Z0,B752,5RR038,RB211-535E4,2,B752,B752WRR40,J
B757 2Z0 F,B752,5RR038,RB211-535E4,2,B752,B752WRR40,J
B757 308 WL,B753,5RR039,RB211-535E4-B-37,2,B753,B753RR,J
B757 330,B753,5RR039,RB211-535E4-B,2,B753,B753RR,J
B757 330 WL,B753,5RR039,RB211-535E4-B,2,B753,B753RR,J
B757 33N,B753,5RR038,RB211-535E4-C,2,B753,B753RR,J
B757 351 WL,B753,4PW073,PW2043,2,B753,B753RR,J
B757 3CQ,B753,5RR039,RB211-535E4-B-37,2,B753,B753RR,J
B757 3E7,B753,5RR039,RB211-535E4-B,2,B753,B753RR,J
B757 3E7 WL,B753,5RR039,RB211-535E4-B,2,B753,B753RR,J
B767 201 ER,B762,2GE042,CF6-80C2B2,2,B762,B762ERPW56,J
B767 204 ER,B762,1GE012,CF6-80A2,2,B762,B762ERPW56,J
B767 204 ER,B762,2GE047,CF6-80C2B4F,2,B762,B762ERPW56,J
B767 204 ER BDSF,B762,1GE012,CF6-80A2,2,B762,B762ERPW56,J
B767 205 ER,B762,1PW026,JT9D-7R4D,2,B762,B762ERPW56,J
B767 209 ER,B762,1PW026,JT9D-7R4D,2,B762,B762ERPW56,J
B767 216 ER,B762,1GE010,CF6-80A,2,B762,B762ERPW56,J
B767 216 ER,B762,1GE012,CF6-80A2,2,B762,B762ERPW56,J
B767 219 ER,B762,2GE042,CF6-80C2B2,2,B762,B762ERPW56,J
B767 219 ER BDSF,B762,1GE012,CF6-80A2,2,B762,B762ERPW56,J
B767 222,B762,1PW026,JT9D-7R4D,2,B762,B762GE50,J
B767 222 ER,B762,1PW026,JT9D-7R4D,2,B762,B762ERPW56,J
B767 223 BDSF,B762,1GE010,CF6-80A,2,B762,B762ERPW56,J
B767 223 BDSF,B762,1GE012,CF6-80A2,2,B762,B762GE50,J
B767 223 ER,B762,1GE012,CF6-80A2,2,B762,B762ERPW56,J
B767 224 ER,B762,2GE047,CF6-80C2B4F,2,B762,B762ERPW56,J
B767 224 ER BDSF,B762,2GE047,CF6-80C2B4F,2,B762,B762GE50,J
B767 231 ER,B762,1PW026,JT9D-7R4D,2,B762,B762ERPW56,J
B767 231 ER BDSF,B762,1PW026,JT9D-7R4D,2,B762,B762ERPW56,J
B767 232 BDSF,B762,1GE010,CF6-80A,2,B762,B762GE50,J
B767 233,B762,1PW026,JT9D-7R4D,2,B762,B762GE50,J
B767 233 ER,B762,1PW026,JT9D-7R4D1,2,B762,B762ERPW56,J
B767 238 ER,B762,1PW027,JT9D-7R4E,2,B762,B762ERPW56,J
B767 23B ER,B762,2GE043,CF6-80C2B4,2,B762,B762ERPW56,J
B767 241 ER,B762,2GE042,CF6-80C2B2,2,B762,B762ERPW56,J
B767 246,B762,1PW026,JT9D-7R4D,2,B762,B762GE50,J
B767 24N ER,B762,2GE054,CF6-80C2B7F,2,B762,B762ERPW56,J
B767 258,B762,1PW026,JT9D-7R4D,2,B762,B762GE50,J
B767 258 ER,B762,1PW026,JT9D-7R4D,2,B762,B762ERPW56,J
B767 259 ER,B762,1PW042,PW4056,2,B762,B762ERPW56,J
B767 25D ER,B762,2GE043,CF6-80C2B4,2,B762,B762ERPW56,J
B767 25E BDSF,B762,2GE046,CF6-80C2B2F,2,B762,B762GE50,J
B767 260 ER,B762,1PW027,JT9D-7R4E,2,B762,B762ERPW56,J
B767 266 ER,B762,1PW027,JT9D-7R4E,2,B762,B762ERPW56,J
B767 269 ER,B762,1PW028,JT9D-7R4E4,2,B762,B762ERPW56,J
B767 277,B762,1GE010,CF6-80A,2,B762,B762GE50,J
B767 27E ER,B762,12PW101,PW4060,2,B762,B762ERPW56,J
B767 27G ER,B762,01P02GE188,CF6-80C2B6F,2,B762,B762ERPW56,J
B767 27G ER,B762,2GE047,CF6-80C2B4F,2,B762,B762ERPW56,J
B767 281 BDSF,B762,1GE010,CF6-80A,2,B762,B762GE50,J
B767 283 ER,B762,1PW042,PW4056,2,B762,B762ERPW56,J
B767 284 ER,B762,1PW042,PW4056,2,B762,B762ERPW56,J
B767 2AX ER,B762,01P02GE188,CF6-80C2B6F,2,B762,B762ERPW56,J
B767 2B1 ER,B762,1PW042,PW4056,2,B762,B762ERPW56,J
B767 2B7 ER,B762,2GE042,CF6-80C2B2,2,B762,B762ERPW56,J
B767 2DX ER,B762,2GE046,UNKNOWN,2,B762,B762ERPW56,J
B767 2EY TANKER,B762,01P02GE188,CF6-80C2B6F,2,B762,B762GE50,J
B767 2FK ER,B762,01P02GE188,CF6-80C2B6F,2,B762,B762ERPW56,J
B767 2J6 ER,B762,1PW028,JT9D-7R4E4,2,B762,B762ERPW56,J
B767 2J6 ER,B762,1PW042,PW4052,2,B762,B762ERPW56,J
B767 2N0 ER,B762,1PW042,PW4056,2,B762,B762ERPW56,J
B767 2Q8 ER,B762,2GE043,CF6-80C2B4,2,B762,B762ERPW56,J
B767 300 F,B763,2GE054,CF6-80C2B7F,2,B763,B763PW60,J
B767 304 ER,B763,2GE054,CF6-80C2B7F,2,B763,B763ERGE61,J
B767 304 ER BCF WL,B763,2GE054,CF6-80C2B7F,2,B763,B763ERGE61,J
B767 304 ER F WL,B763,2GE054,CF6-80C2B7F,2,B763,B763ERGE61,J
B767 304 ER WL,B763,2GE054,CF6-80C2B7F,2,B763,B763ERGE61,J
B767 304 ER WL BDSF,B763,2GE054,CF6-80C2B7F,2,B763,B763ERGE61,J
B767 306 ER,B763,01P02GE188,CF6-80C2B6F,2,B763,B763ERGE61,J
B767 306 ER BCF,B763,01P02GE188,CF6-80C2B6F,2,B763,B763ERGE61,J
B767 306 ER BDSF,B763,01P02GE188,CF6-80C2B6F,2,B763,B763ERGE61,J
B767 306 ER BDSF WL,B763,01P02GE188,CF6-80C2B6F,2,B763,B763ERGE61,J
B767 306 ER BDSF WL,B763,2GE054,CF6-80C2B7F,2,B763,B763ERGE61,J
B767 316 ER,B763,01P02GE188,CF6-80C2B6F,2,B763,B763ERGE61,J
B767 316 ER,B763,2GE054,CF6-80C2B7F,2,B763,B763ERGE61,J
B767 316 ER BCF WL,B763,01P02GE188,CF6-80C2B6F,2,B763,B763ERGE61,J
B767 316 ER BCF WL,B763,2GE054,CF6-80C2B7F,2,B763,B763ERGE61,J
B767 316 ER BDSF WL,B763,2GE054,CF6-80C2B7F,2,B763,B763ERGE61,J
B767 316 ER WL,B763,2GE054,CF6-80C2B7F,2,B763,B763ERGE61,J
B767 316F ER,B763,2GE054,CF6-80C2B7F,2,B763,B763ERGE61,J
B767 316F ER WL,B763,2GE054,CF6-80C2B7F,2,B763,B763ERGE61,J
B767 319 ER,B763,01P02GE188,CF6-80C2B6F,2,B763,B763ERGE61,J
B767 319 ER BCF WL,B763,01P02GE188,CF6-80C2B6F,2,B763,B763ERGE61,J
B767 319 ER BDSF,B763,01P02GE188,CF6-80C2B6F,2,B763,B763ERGE61,J
B767 319 ER BDSF WL,B763,01P02GE188,CF6-80C2B6F,2,B763,B763ERGE61,J
B767 319 ER WL,B763,01P02GE188,CF6-80C2B6F,2,B763,B763ERGE61,J
B767 31A ER,B763,12PW101,PW4060,2,B763,B763ERGE61,J
B767 31A ER WL,B763,12PW101,PW4060,2,B763,B763ERGE61,J
B767 31B ER BCF WL,B763,01P02GE188,CF6-80C2B6F,2,B763,B763ERGE61,J
B767 31B ER WL,B763,01P02GE188,CF6-80C2B6F,2,B763,B763ERGE61,J
B767 31K ER WL,B763,2GE054,CF6-80C2B7F,2,B763,B763ERGE61,J
B767 31K ER WL BDSF,B763,2GE054,CF6-80C2B7F,2,B763,B763ERGE61,J
B767 322 ER,B763,12PW101,PW4060,2,B763,B763ERGE61,J
B767 322 ER WL,B763,12PW101,PW4060,2,B763,B763ERGE61,J
B767 322 ER WL,B763,1PW042,PW4052,2,B763,B763ERGE61,J
B767 323,B763,2GE044,CF6-80C2B6,2,B763,B763PW60,J
B767 323 ER,B763,2GE044,CF6-80C2B6,2,B763,B763ERGE61,J
B767 323 ER BDSF,B763,2GE044,CF6-80C2B6,2,B763,B763ERGE61,J
B767 323 ER WL,B763,2GE044,CF6-80C2B6,2,B763,B763ERGE61,J
B767 323 ER WL,B763,2GE054,CF6-80C2B7F,2,B763,B763ERGE61,J
B767 323 ER WL BCF,B763,2GE044,CF6-80C2B6,2,B763,B763ERGE61,J
B767 323 ER WL BCF,B763,2GE054,CF6-80C2B7F,2,B763,B763ERGE61,J
B767 323 ER WL BDSF,B763,2GE044,CF6-80C2B6,2,B763,B763ERGE61,J
B767 323 WL,B763,2GE044,CF6-80C2B6,2,B763,B763PW60,J
B767 324 ER,B763,2GE054,CF6-80C2B7F,2,B763,B763ERGE61,J
B767 324 ER BCF WL,B763,2GE044,CF6-80C2B6,2,B763,B763ERGE61,J
B767 324 ER BDSF WL,B763,2GE044,CF6-80C2B6,2,B763,B763ERGE61,J
B767 324 ER WL,B763,2GE044,CF6-80C2B6,2,B763,B763ERGE61,J
B767 328 ER,B763,01P02GE188,CF6-80C2B6F,2,B763,B763ERGE61,J
B767 328 ER BCF,B763,01P02GE188,CF6-80C2B6F,2,B763,B763ERGE61,J
B767 328 ER BDSF,B763,01P02GE188,CF6-80C2B6F,2,B763,B763ERGE61,J
B767 32K ER,B763,2GE054,CF6-80C2B7F,2,B763,B763ERGE61,J
B767 32L ER,B763,2GE054,CF6-80C2B7F,2,B763,B763ERGE61,J
B767 32LF,B763,2GE054,CF6-80C2B7F,2,B763,B763PW60,J
B767 32LF WL,B763,2GE054,CF6-80C2B7F,2,B763,B763PW60,J
B767 330 ER,B763,12PW101,PW4060,2,B763,B763ERGE61,J
B767 330 ER BDSF WL,B763,12PW101,PW4060,2,B763,B763PW60,J
B767 330 ER WL,B763,12PW101,PW4060,2,B763,B763ERGE61,J
B767 332,B763,1GE012,CF6-80A2,2,B763,B763PW60,J
B767 332 ER,B763,12PW101,PW4060,2,B763,B763ERGE61,J
B767 332 ER BDSF WL,B763,12PW101,PW4060,2,B763,B763PW60,J
B767 332 ER WL,B763,12PW101,PW4060,2,B763,B763ERGE61,J
B767 332 WL,B763,12PW101,PW4060,2,B763,B763PW60,J
B767 333 ER BCF WL,B763,12PW101,PW4060,2,B763,B763PW60,J
B767 333 ER BDSF WL,B763,12PW101,PW4060,2,B763,B763PW60,J
B767 333 ER WL,B763,12PW101,PW4060,2,B763,B763ERGE61,J
B767 336,B763,1RR011,RB211-524H,2,B763,B763PW60,J
B767 336 ER,B763,1RR011,RB211-524H,2,B763,B763ERGE61,J
B767 338 ER,B763,2GE044,CF6-80C2B6,2,B763,B763ERGE61,J
B767 338 ER BCF,B763,2GE044,CF6-80C2B6,2,B763,B763ERGE61,J
B767 338 ER BDSF,B763,2GE044,CF6-80C2B6,2,B763,B763ERGE61,J
B767 338 ER BDSF WL,B763,2GE044,CF6-80C2B6,2,B763,B763ERGE61,J
B767 33A ER,B763,01P02GE188,CF6-80C2B6F,2,B763,B763ERGE61,J
B767 33A ER,B763,12PW101,PW4060,2,B763,B763ERGE61,J
B767 33A ER,B763,1PW042,PW4056,2,B763,B763ERGE61,J
B767 33A ER,B763,2GE047,CF6-80C2B4F,2,B763,B763ERGE61,J
B767 33A ER BCF,B763,12PW101,PW4060,2,B763,B763PW60,J
B767 33A ER BDSF,B763,01P02GE188,CF6-80C2B6F,2,B763,B763ERGE61,J
B767 33A ER BDSF,B763,2GE047,CF6-80C2B4F,2,B763,B763ERGE61,J
B767 33A ER BDSF WL,B763,12PW101,PW4060,2,B763,B763PW60,J
B767 33A ER WL,B763,12PW101,PW4060,2,B763,B763ERGE61,J
B767 33A ER WL,B763,1PW042,PW4056,2,B763,B763ERGE61,J
B767 33P ER,B763,12PW102,PW4062,2,B763,B763ERGE61,J
B767 33P ER BCF,B763,12PW102,PW4062,2,B763,B763ERGE61,J
B767 341 ER,B763,2GE044,CF6-80C2B6,2,B763,B763ERGE61,J
B767 341 ER BCF,B763,2GE044,CF6-80C2B6,2,B763,B763ERGE61,J
B767 343 ER,B763,01P02GE188,CF6-80C2B6F,2,B763,B763ERGE61,J
B767 343 ER WL,B763,01P02GE188,CF6-80C2B6F,2,B763,B763ERGE61,J
B767 346 ER BCF,B763,2GE054,CF6-80C2B7F,2,B763,B763ERGE61,J
B767 346 ER BCF WL,B763,2GE054,CF6-80C2B7F,2,B763,B763ERGE61,J
B767 346F ER,B763,01P02GE188,CF6-80C2B6F,2,B763,B763ERGE61,J
B767 34AF ER,B763,2GE054,CF6-80C2B7F,2,B763,B763ERGE61,J
B767 34AF ER WL,B763,2GE054,CF6-80C2B7F,2,B763,B763ERGE61,J
B767 34G ER WL,B763,2GE054,CF6-80C2B7F,2,B763,B763ERGE61,J
B767 34P ER,B763,2GE047,CF6-80C2B4F,2,B763,B763ERGE61,J
B767 352 ER,B763,12PW102,PW4062,2,B763,B763ERGE61,J
B767 35D ER,B763,2GE044,CF6-80C2B6,2,B763,B763ERGE61,J
B767 35E ER BCF WL,B763,01P02GE188,CF6-80C2B6F,2,B763,B763ERGE61,J
B767 35H ER,B763,01P02GE188,CF6-80C2B6F,2,B763,B763ERGE61,J
B767 35H ER BDSF,B763,01P02GE188,CF6-80C2B6F,2,B763,B763ERGE61,J
B767 360 ER,B763,12PW102,PW4062,2,B763,B763ERGE61,J
B767 360 ER BDSF WL,B763,12PW102,PW4062,2,B763,B763ERGE61,J
B767 360 ER WL,B763,12PW102,PW4062,2,B763,B763ERGE61,J
B767 366 ER,B763,12PW101,PW4060,2,B763,B763ERGE61,J
B767 36D ER,B763,12PW101,PW4060,2,B763,B763ERGE61,J
B767 36D ER BCF,B763,12PW101,PW4060,2,B763,B763PW60,J
B767 36N ER,B763,12PW101,PW4060,2,B763,B763ERGE61,J
B767 36N ER,B763,2GE054,CF6-80C2B7F,2,B763,B763ERGE61,J
B767 36N ER BCF,B763,12PW101,PW4060,2,B763,B763ERGE61,J
B767 36N ER BCF WL,B763,12PW101,PW4060,2,B763,B763PW60,J
B767 36N ER BDSF,B763,12PW101,PW4060,2,B763,B763ERGE61,J
B767 36N ER BDSF WL,B763,12PW101,PW4060,2,B763,B763ERGE61,J
B767 36N ER SF,B763,12PW101,PW4060,2,B763,B763PW60,J
B767 36N ER WL,B763,12PW101,PW4060,2,B763,B763ERGE61,J
B767 375 ER,B763,01P02GE188,CF6-80C2B6F,2,B763,B763ERGE61,J
B767 375 ER,B763,2GE044,CF6-80C2B6,2,B763,B763ERGE61,J
B767 375 ER BCF,B763,2GE044,CF6-80C2B6,2,B763,B763ERGE61,J
B767 375 ER BCF WL,B763,01P02GE188,CF6-80C2B6F,2,B763,B763ERGE61,J
B767 375 ER BCF WL,B763,2GE044,CF6-80C2B6,2,B763,B763ERGE61,J
B767 375 ER BDSF,B763,01P02GE188,CF6-80C2B6F,2,B763,B763ERGE61,J
B767 375 ER BDSF,B763,2GE044,CF6-80C2B6,2,B763,B763ERGE61,J
B767 375 ER BDSF WL,B763,2GE044,CF6-80C2B6,2,B763,B763ERGE61,J
B767 37D ER BDSF,B763,01P02GE188,CF6-80C2B6F,2,B763,B763ERGE61,J
B767 37E ER,B763,12PW101,PW4060,2,B763,B763ERGE61,J
B767 381 ER,B763,01P02GE188,CF6-80C2B6F,2,B763,B763ERGE61,J
B767 381 ER BCF,B763,01P02GE188,CF6-80C2B6F,2,B763,B763ERGE61,J
B767 381 ER BDSF,B763,01P02GE188,CF6-80C2B6F,2,B763,B763ERGE61,J
B767 381 ER BDSF WL,B763,01P02GE188,CF6-80C2B6F,2,B763,B763ERGE61,J
B767 383 ER,B763,12PW101,PW4060,2,B763,B763ERGE61,J
B767 383 ER BDSF,B763,12PW101,PW4060,2,B763,B763ERGE61,J
B767 38A ER,B763,2GE054,CF6-80C2B7F,2,B763,B763ERGE61,J
B767 38A ER BCF,B763,2GE054,CF6-80C2B7F,2,B763,B763ERGE61,J
B767 38E,B763,2GE046,CF6-80C2B2F,2,B763,B763PW60,J
B767 38E ER,B763,2GE046,CF6-80C2B2F,2,B763,B763ERGE61,J
B767 38E ER BCF WL,B763,12PW101,PW4060,2,B763,B763PW60,J
B767 38E ER BDSF,B763,2GE046,CF6-80C2B2F,2,B763,B763ERGE61,J
B767 38E ER BDSF WL,B763,2GE046,CF6-80C2B2F,2,B763,B763ERGE61,J
B767 38E ER WL,B763,12PW101,PW4060,2,B763,B763ERGE61,J
B767 39H ER BCF WL,B763,01P02GE188,CF6-80C2B6F,2,B763,B763ERGE61,J
B767 39H ER BDSF,B763,01P02GE188,CF6-80C2B6F,2,B763,B763ERGE61,J
B767 3BG ER,B763,12PW101,PW4060,2,B763,B763ERGE61,J
B767 3BG ER,B763,12PW102,PW4062,2,B763,B763ERGE61,J
B767 3BG ER BCF,B763,12PW101,PW4060,2,B763,B763PW60,J
B767 3BG ER BCF,B763,12PW102,PW4062,2,B763,B763PW60,J
B767 3CB ER,B763,12PW101,PW4060,2,B763,B763ERGE61,J
B767 3CB ER WL,B763,12PW101,PW4060,2,B763,B763ERGE61,J
B767 3D6 ER,B763,2GE046,CF6-80C2B2F,2,B763,B763ERGE61,J
B767 3DF ER,B763,12PW101,PW4060,2,B763,B763ERGE61,J
B767 3G5 ER,B763,12PW101,PW4060,2,B763,B763ERGE61,J
B767 3JHF ER,B763,2GE054,CF6-80C2B7F,2,B763,B763ERGE61,J
B767 3JHF ER WL,B763,2GE054,CF6-80C2B7F,2,B763,B763ERGE61,J
B767 3KY ER WL,B763,01P02GE188,CF6-80C2B6F,2,B763,B763ERGE61,J
B767 3P6 ER,B763,2GE043,CF6-80C2B4,2,B763,B763ERGE61,J
B767 3P6 ER BCF,B763,2GE043,CF6-80C2B4,2,B763,B763ERGE61,J
B767 3P6 ER BDSF,B763,2GE043,CF6-80C2B4,2,B763,B763ERGE61,J
B767 3P6 ER BDSF WL,B763,2GE043,CF6-80C2B4,2,B763,B763ERGE61,J
B767 3P6 ER WL,B763,2GE043,CF6-80C2B4,2,B763,B763ERGE61,J
B767 3Q8 ER,B763,01P02GE188,CF6-80C2B6F,2,B763,B763ERGE61,J
B767 3Q8 ER,B763,12PW101,PW4060,2,B763,B763ERGE61,J
B767 3Q8 ER BCF WL,B763,01P02GE188,CF6-80C2B6F,2,B763,B763ERGE61,J
B767 3Q8 ER BDSF,B763,12PW101,PW4060,2,B763,B763ERGE61,J
B767 3Q8 ER BDSF WL,B763,01P02GE188,CF6-80C2B6F,2,B763,B763ERGE61,J
B767 3Q8 ER WL,B763,01P02GE188,CF6-80C2B6F,2,B763,B763ERGE61,J
B767 3Q8 ER WL,B763,12PW101,PW4060,2,B763,B763ERGE61,J
B767 3S1 ER,B763,01P02GE188,CF6-80C2B6F,2,B763,B763ERGE61,J
B767 3S1 ER,B763,2GE047,CF6-80C2B4F,2,B763,B763ERGE61,J
B767 3S2 F,B763,2GE054,CF6-80C2B7F,2,B763,B763PW60,J
B767 3T7 ER,B763,01P02GE188,CF6-80C2B6F,2,B763,B763ERGE61,J
B767 3W0 ER,B763,1RR011,RB211-524H,2,B763,B763ERGE61,J
B767 3X2 ER,B763,01P02GE188,CF6-80C2B6F,2,B763,B763ERGE61,J
B767 3Y0 ER,B763,12PW101,PW4060,2,B763,B763ERGE61,J
B767 3Y0 ER BDSF,B763,12PW101,PW4060,2,B763,B763ERGE61,J
B767 3Z9 ER,B763,1PW042,PW4056,2,B763,B763ERGE61,J
B767 3Z9 ER WL,B763,12PW101,PW4060,2,B763,B763ERGE61,J
B767 3Z9 ER WL,B763,1PW042,PW4056,2,B763,B763ERGE61,J
B767 424 ER,B764,2GE054,CF6-80C2B7F,2,B764,B764ER,J
B767 432 ER,B764,2GE054,CF6-80C2B7F,2,B764,B764ER,J
B767 4FS,B764,2GE054,CF6-80C2B7F,2,B764,B764ER,J
B777 206 ER,B772,9GE128,GE90-94B,2,B772,B772RR92,J
B777 212 ER,B772,2RR027,TRENT 892,2,B772,B772RR92,J
B777 219 ER,B772,2RR027,TRENT 892,2,B772,B772RR92,J
B777 21B,B772,9GE126,GE90-85B,2,B772,B772RR92,J
B777 21B ER,B772,3GE066,GE90-92B,2,B772,B772RR92,J
B777 21H,B772,2RR025,TRENT 871,2,B772,B772RR92,J
B777 21H ER,B772,2RR027,TRENT 892B,2,B772,B772RR92,J
B777 21H LR,B77L,01P21GE217,GE90-115B1L,2,B77L,B772LR,J
B777 222,B772,2PW061,PW4077,2,B772,B772RR92,J
B777 222 ER,B772,10PW099,PW4090,2,B772,B772RR92,J
B777 223 ER,B772,2RR027,TRENT 892-17,2,B772,B772RR92,J
B777 224 ER,B772,3GE066,GE90-92B,2,B772,B772RR92,J
B777 224 ER,B772,9GE127,GE90-90B,2,B772,B772RR92,J
B777 228 ER,B772,3GE066,GE90-92B,2,B772,B772RR92,J
B777 228 ER,B772,9GE128,GE90-94B,2,B772,B772RR92,J
B777 22K LR,B772,2RR027,TRENT 892,2,B772,B772RR92,J
B777 232,B772,2RR027,TRENT 892,2,B772,B772RR92,J
B777 232 ER,B772,2RR027,TRENT 892,2,B772,B772RR92,J
B777 232 LR,B77L,01P21GE217,GE90-115B1,2,B77L,B772LR,J
B777 233 LR,B77L,01P21GE216,GE90-110B1,2,B77L,B772LR,J
B777 236,B772,9GE124,GE90-76B,2,B772,B772RR92,J
B777 236 ER,B772,2RR027,TRENT 892,2,B772,B772RR92,J
B777 236 ER,B772,9GE126,GE90-85B,2,B772,B772RR92,J
B777 237 LR,B77L,01P21GE216,GE90-110B1,2,B77L,B772LR,J
B777 240 ER,B772,9GE128,GE90-94B,2,B772,B772RR92,J
B777 240 LR,B77L,01P21GE216,GE90-110B1,2,B77L,B772LR,J
B777 243 ER,B772,9GE128,GE90-94B,2,B772,B772RR92,J
B777 246 ER,B772,01P21GE217,GE90-115B,2,B772,B772RR92,J
B777 246 ER,B772,8PW089,PW4084,2,B772,B772RR92,J
B777 246 ER,B772,9GE128,GE90-94B,2,B772,B772RR92,J
B777 24Q ER,B772,3GE066,GE90-92B,2,B772,B772RR92,J
B777 258 ER,B772,5RR040,TRENT 895,2,B772,B772RR92,J
B777 260 LR,B77L,01P21GE217,GE90-115B1,2,B77L,B772LR,J
B777 266,B772,10PW099,PW4090,2,B772,B772RR92,J
B777 266 ER,B772,10PW099,PW4090,2,B772,B772RR92,J
B777 268 ER,B772,3GE066,GE90-92B,2,B772,B772RR92,J
B777 269 ER,B772,9GE127,GE90-90B,2,B772,B772RR92,J
B777 26K ER,B772,10PW098,PW4084D,2,B772,B772RR92,J
B777 281 ER,B772,10PW099,PW4090,2,B772,B772RR92,J
B777 28E ER,B772,10PW099,PW4090,2,B772,B772RR92,J
B777 29L,B772,10PW099,PW4090,2,B772,B772RR92,J
B777 29M LR,B77L,01P21GE217,GE90-115B1,2,B77L,B772LR,J
B777 2AN ER,B772,2PW061,PW4077,2,B772,B772RR92,J
B777 2B5 ER,B772,10PW099,PW4090,2,B772,B772RR92,J
B777 2D7,B772,2RR025,TRENT 871,2,B772,B772RR92,J
B777 2D7 ER,B772,2RR025,TRENT 871,2,B772,B772RR92,J
B777 2DZ LR,B77L,01P21GE216,GE90-110B1,2,B77L,B772LR,J
B777 2FB LR,B77L,01P21GE217,GE90-115B1L,2,B77L,B772LR,J
B777 2H6,B772,2RR027,TRENT 890,2,B772,B772RR92,J
B777 2J6,B772,10PW099,PW4090,2,B772,B772RR92,J
B777 2KQ LR,B77L,01P21GE217,GE90-115B1,2,B77L,B772LR,J
B777 2M2 ER,B772,9GE128,GE90-94B,2,B772,B772RR92,J
B777 2Q8 ER,B772,10PW099,PW4090,2,B772,B772RR92,J
B777 2Q8 ER,B772,9GE127,GE90-90B,2,B772,B772RR92,J
B777 2Q8 ER,B772,9GE128,GE90-94B,2,B772,B772RR92,J
B777 2U8 ER,B772,2RR027,TRENT 892,2,B772,B772RR92,J
B777 2Z9,B772,9GE127,GE90-90B,2,B772,B772RR92,J
B777 2Z9 ER,B772,9GE127,GE90-90B,2,B772,B772RR92,J
B777 300 ER,B77W,01P21GE217,GE90-115B,2,B77W,B773ERGE115B,J
B777 306 ER,B77W,01P21GE217,GE90-115B,2,B77W,B773ERGE115B,J
B777 309 ER,B77W,01P21GE217,GE90-115B,2,B77W,B773ERGE115B,J
B777 312,B773,2RR027,TRENT 892,2,B773,B773RR92,J
B777 312 ER,B77W,01P21GE217,GE90-115B,2,B77W,B773ERGE115B,J
B777 319 ER,B77W,01P21GE217,GE90-115B,2,B77W,B773ERGE115B,J
B777 31B ER,B77W,01P21GE217,GE90-115B,2,B77W,B773ERGE115B,J
B777 31H,B773,2RR027,TRENT 892,2,B773,B773RR92,J
B777 31H ER,B77W,01P21GE217,GE90-115B,2,B77W,B773ERGE115B,J
B777 323 ER,B77W,01P21GE217,GE90-115B,2,B77W,B773ERGE115B,J
B777 328 ER,B77W,01P21GE217,GE90-115B,2,B77W,B773ERGE115B,J
B777 32W ER,B77W,01P21GE217,GE90-115B,2,B77W,B773ERGE115B,J
B777 333 ER,B77W,01P21GE217,GE90-115B,2,B77W,B773ERGE115B,J
B777 336 ER,B77W,01P21GE217,GE90-115B,2,B77W,B773ERGE115B,J
B777 337 ER,B77W,01P21GE217,GE90-115B,2,B77W,B773ERGE115B,J
B777 340 ER,B77W,01P21GE217,GE90-115B,2,B77W,B773ERGE115B,J
B777 346,B773,10PW099,PW4090,2,B773,B773RR92,J
B777 346 ER,B77W,01P21GE217,GE90-115B,2,B77W,B773ERGE115B,J
B777 35E ER,B77W,01P21GE217,GE90-115B,2,B77W,B773ERGE115B,J
B777 35R ER,B77W,01P21GE217,GE90-118B,2,B77W,B773ERGE115B,J
B777 360 ER,B77W,01P21GE217,GE90-115B,2,B77W,B773ERGE115B,J
B777 367 ER,B77W,01P21GE217,GE90-115BL2,2,B77W,B773ERGE115B,J
B777 368 ER,B77W,01P21GE217,GE90-115B,2,B77W,B773ERGE115B,J
B777 36N ER,B77W,01P21GE217,GE90-115B,2,B77W,B773ERGE115B,J
B777 36N ER BDSF,B77W,01P21GE217,GE90-115B,2,B77W,B773ERGE115B,J
B777 36N ER SF,B77W,01P21GE217,GE90-115B,2,B77W,B773ERGE115B,J
B777 381 ER,B77W,01P21GE217,GE90-115B,2,B77W,B773ERGE115B,J
B777 381 ER,B77W,10PW099,PW4090,2,B77W,B773ERGE115B,J
B777 39L ER,B77W,01P21GE217,GE90-115B,2,B77W,B773ERGE115B,J
B777 39M ER,B77W,01P21GE217,GE90-115B,2,B77W,B773ERGE115B,J
B777 39P ER,B77W,01P21GE217,GE90-115B,2,B77W,B773ERGE115B,J
B777 3AL ER,B77W,01P21GE217,GE90-115B,2,B77W,B773ERGE115B,J
B777 3B5,B773,5PW076,PW4098,2,B773,B773RR92,J
B777 3B5 ER,B77W,01P21GE217,GE90-115B,2,B77W,B773ERGE115B,J
B777 3D7,B773,2RR027,TRENT 892,2,B773,B773RR92,J
B777 3DE ER,B77W,01P21GE217,GE90-115B,2,B77W,B773ERGE115B,J
B777 3DZ ER,B77W,01P21GE217,GE90-115B,2,B77W,B773ERGE115B,J
B777 3E9 ER,B77W,01P21GE217,GE90-115B,2,B77W,B773ERGE115B,J
B777 3F2 ER,B77W,01P21GE217,GE90-115B,2,B77W,B773ERGE115B,J
B777 3FG ER,B77W,01P21GE217,GE90-115B,2,B77W,B773ERGE115B,J
B777 3FX ER,B77W,01P21GE217,GE90-115B,2,B77W,B773ERGE115B,J
B777 3M0 ER,B77W,01P21GE217,GE90-115B,2,B77W,B773ERGE115B,J
B777 3M2 ER,B77W,01P21GE217,GE90-115B,2,B77W,B773ERGE115B,J
B777 3Q8 ER,B77W,01P21GE217,GE90-115B,2,B77W,B773ERGE115B,J
B777 3U3 ER,B77W,01P21GE217,GE90-115B,2,B77W,B773ERGE115B,J
B777 3U8 ER,B77W,01P21GE217,GE90-115B,2,B77W,B773ERGE115B,J
B777 3ZG ER,B77W,01P21GE217,GE90-115B,2,B77W,B773ERGE115B,J
B777 9,B779,01P21GE217,GE9X-105B1A,2,B77W,,J
B777 F,B77L,01P21GE217,GE90-115B1L,2,B77L,B772LR,J
B777 F1B,B77L,01P21GE217,GE90-115B1L,2,B77L,B772LR,J
B777 F1H,B77L,01P21GE217,GE90-115B1L,2,B77L,B772LR,J
B777 F28 LR,B77L,01P21GE217,GE90-115B1L,2,B77L,B772LR,J
B777 F60,B77L,01P21GE217,GE90-115B1L,2,B77L,B772LR,J
B777 F6N,B77L,01P21GE217,GE90-115B1L,2,B77L,B772LR,J
B777 FB5,B77L,01P21GE217,GE90-115B1L,2,B77L,B772LR,J
B777 FBT,B77L,01P21GE217,GE90-115B1L,2,B77L,B772LR,J
B777 FDZ,B77L,01P21GE217,GE90-115B1L,2,B77L,B772LR,J
B777 FEZ,B77L,01P21GE217,GE90-115B1L,2,B77L,B772LR,J
B777 FFG,B77L,01P21GE217,GE90-115B1L,2,B77L,B772LR,J
B777 FFT,B77L,01P21GE217,GE90-115B1L,2,B77L,B772LR,J
B777 FFX,B77L,01P21GE217,GE90-115B1L,2,B77L,B772LR,J
B777 FHT,B77L,01P21GE217,GE90-115B1L,2,B77L,B772LR,J
B777 FS2,B77L,01P21GE217,GE90-115B1L,2,B77L,B772LR,J
B777 FZB,B77L,01P21GE217,GE90-115B1L,2,B77L,B772LR,J
B777 FZN LR,B77L,01P21GE217,GE90-115B1L,2,B77L,B772LR,J
B787 10,B78X,01P17GE210,GENX-1B,2,B78X,,J
B787 10,B78X,02P23RR128,TRENT 1000,2,B78X,,J
B787 8,B788,02P23RR128,TRENT 1000,2,B788,B788RR67,J
B787 8,B788,12GE150,GENX-64B,2,B788,B788GE67,J
B787 9,B789,02P23RR128,TRENT 1000,2,B789,B789RR74,J
B787 9,B789,12GE150,GENX-64B,2,B789,B789GE75,J
BAC 1 11 401 AK,BA11,8RR043,SPEY 511-14,2,BA11,,J
BAC 1 11 401AK,BA11,8RR043,SPEY 511-14,2,BA11,,J
BAC 1 11 422EQ,BA11,8RR043,SPEY 511-14W,2,BA11,,J
BAC 1 11 479FU,BA11,8RR043,SPEY 512-14DW,2,BA11,,J
BAC 1 11 485GD F,BA11,8RR043,SPEY 512-14DW,2,BA11,,J
BAC 1 11 488GH,BA11,8RR043,SPEY 512-14DW,2,BA11,,J
BAC 1 11 492GM,BA11,8RR043,SPEY 511-14DW,2,BA11,,J
BAC 1 11 539GL,BA11,8RR043,SPEY 512-14DW,2,BA11,,J
BAE125 1000,H25C,PW307B,PW305B,2,H25B,,J
BAE125 1000A,H25C,PW307B,PW305B,2,H25B,,J
BAE125 1000B,H25C,PW307B,PW305B,2,H25B,,J
BAE125 1F,H25B,1AS002,TFE731-3R-1H,2,H25B,,J
BAE125 3A,H25A,1AS002,VIPER 522,2,H25A,,J
BAE125 3A RA,H25A,1AS002,VIPER 522,2,H25A,,J
BAE125 3B,H25A,1AS002,VIPER 522,2,H25A,,J
BAE125 3F,H25B,1AS002,TFE731-3R-1H,2,H25B,,J
BAE125 400A,H25A,1AS002,VIPER 522,2,H25A,,J
BAE125 400F,H25B,1AS002,TFE731-3R-1H,2,H25B,,J
BAE125 600A,H25A,1AS002,VIPER 601-22,2,H25A,,J
BAE125 600B,H25A,1AS002,VIPER 601-22,2,H25A,,J
BAE125 600F,H25B,1AS002,TFE731-3R-1H,2,H25B,,J
BAE125 700A,H25B,1AS002,TFE731-3-1H,2,H25B,,J
BAE125 700B,H25B,1AS002,TFE731-3-1H,2,H25B,,J
BAE125 750,H25B,1AS002,TFE731-5BR,2,H25B,,J
BAE125 800,H25B,1AS002,TFE731-5R-1H,2,H25B,,J
BAE125 800A,H25B,1AS002,TFE731-5R-1H,2,H25B,,J
BAE125 800B,H25B,1AS002,TFE731-5R-1H,2,H25B,,J
BAE125 800XP,H25B,1AS002,TFE731-5BR,2,H25B,,J
BAE125 800XPI,H25B,1AS002,TFE731-5BR,2,H25B,,J
BAE125 800XPR,H25B,1AS002,TFE731-50R,2,H25B,,J
BAE125 850XP,H25B,1AS002,TFE731-5BR,2,H25B,,J
BAE125 850XPI,H25B,1AS002,TFE731-5BR,2,H25B,,J
BAE125 900XP,H25B,1AS002,TFE731-50R,2,H25B,,J
BAE125 CC3,H25B,1AS002,TFE731-3R-1H,2,H25B,,J
BAE125 F3B RA,H25B,1AS002,TFE731-3R-1H,2,H25B,,J
BAE125 F400A,H25B,1AS002,TFE731-3R-1H,2,H25B,,J
BAE125 F400B,H25B,1AS002,TFE731-3R-1H,2,H25B,,J
BAE125 F600A,H25B,1AS002,TFE731-3R1H,2,H25B,,J
BAE125 F600B,H25B,1AS002,TFE731-3R-1H,2,H25B,,J
BAE146 100,B461,1TL003,LF502R-5,4,B462,,J
BAE146 200,B462,1TL003,LF502R-5,4,B462,,J
BAE146 200 QT,B462,1TL003,LF502R-5,4,B462,,J
BAE146 200A,B462,1TL003,LF502R-5,4,B462,,J
BAE146 200QC,B462,1TL003,LF502R-5,4,B462,,J
BAE146 200QT,B462,1TL003,LF502R-5,4,B462,,J
BAE146 300,B463,1TL003,LF502R-5,4,B463,,J
BAE146 300,B463,1TL004,LF507-1H,4,B463,,J
BAE146 300 QT,B463,1TL003,LF502R-5,4,B463,,J
BAE146 300A,B463,1TL003,LF502R-5,4,B463,,J
BAE146 300QT,B463,1TL003,LF502R-5,4,B463,,J
BAE146 301ARA,B463,1TL003,LF502R-5,4,B463,,J
BAE146 CC2,B461,1TL003,LF502R-5,4,B462,,J
BAE146 RJ100,RJ1H,1TL004,LF507-1F,4,RJ1H,,J
BAE146 RJ70,RJ70,1TL004,LF507-1F,4,RJ85,,J
BAE146 RJ70 ER,RJ70,1TL004,LF507-1F,4,RJ85,,J
BAE146 RJ85,RJ85,1TL003,LF502R-5,4,RJ85,,J
BAE146 RJ85,RJ85,1TL004,LF507-1F,4,RJ85,,J
BAE3100,JS31,TPE331-10U,TPE331-10UF-531H,2,JS32,,T
BAE3101,JS31,TPE331-10R,TPE331-10UR-513H,2,JS32,,T
BAE3101,JS31,TPE331-10UG,TPE331-10UGR-514H,2,JS32,,T
BAE3102,JS31,TPE331-1,TPE331-1-UGR-514H,2,JS32,,T
BAE3102,JS31,TPE331-10R,TPE331-10UR-513H,2,JS32,,T
BAE3102,JS31,TPE331-10U,TPE331-10UR-516H,2,JS32,,T
BAE3103,JS31,TPE331-1,TPE331-1-UR-513H,2,JS32,,T
BAE3107,JS31,TPE331-10U,TPE331-10UF-511H,2,JS32,,T
BAE3112,JS31,TPE331-10UG,TPE331-10UGR-516H,2,JS32,,T
BAE3116,JS31,TPE331-10R,TPE331-10UR,2,JS32,,T
BAE3201,JS32,TPE331-12UA,TPE331-12UAR-704H,2,JS32,,T
BAE3201,JS32,TPE331-12UHR,TPE331-12UHR-701H,2,JS32,,T
BAE3201EP,JS32,TPE331-12UA,TPE331-12UAR-704H,2,JS32,,T
BAE3202,JS32,TPE331-12UA,TPE331-12UAR-701H,2,JS32,,T
BAE3202,JS32,TPE331-12UHR,TPE331-12UHR-701H,2,JS32,,T
BAE3206,JS32,TPE331-12UA,TPE331-12UAR-703H,2,JS32,,T
BAE3206,JS32,TPE331-12UHR,TPE331-12UHR-701H,2,JS32,,T
BAE3217,JS32,TPE331-12UA,TPE331-12UAR-704H,2,JS32,,T
BAE4100,JS41,TPE331-14GR,TPE331-14HR-801H,2,JS41,,T
BAE4101,JS41,TPE331-14GR,TPE331-14HR-805H,2,JS41,,T
BAE4102,JS41,TPE331-14GR,TPE331-14HR-802H,2,JS41,,T
BAE748 1,A748,DART 514,DART 514,2,F27,,T
BAE748 105 SRS 1,A748,DART 514,DART 514,2,F27,,T
BAE748 208 2,A748,RDa.7,DART 533-2,2,F27,,T
BAE748 208 2A,A748,RDa.7,DART 533-2,2,F27,,T
BAE748 216 SRS 2A,A748,RDa.7,DART 534-2,2,F27,,T
BAE748 225 2A,A748,RDa.7,DART 534-2,2,F27,,T
BAE748 232 2A,A748,RDa.7,DART 534-2,2,F27,,T
BAE748 242 2A,A748,RDa.7,DART 534-2,2,F27,,T
BAE748 242 SRS 2A,A748,RDa.7,DART 534-2,2,F27,,T
BAE748 244 2,A748,DART 552,DART 550-2,2,F27,,T
BAE748 266 SRS 2A,A748,RDa.7,DART 534-2,2,F27,,T
BAE748 270 SRS 2A,A748,RDa.7,DART 534-2,2,F27,,T
BAE748 275 SRS 2A,A748,RDa.7,DART 534-2,2,F27,,T
BAE748 299 2A,A748,RDa.7,DART 534-2,2,F27,,T
BAE748 334 SRS 2A,A748,RDa.7,DART 535-2,2,F27,,T
BAE748 347 SRS 2A,A748,RDa.7,DART 534-2,2,F27,,T
BAE748 371 2B SCD,A748,RDa.7,DART 536-2,2,F27,,T
BAE748 372 SRS 2A,A748,RDa.7,DART 535-2,2,F27,,T
BAE748 399 2B SCD,A748,RDa.7,DART 536-2,2,F27,,T
BAE780MF ANDOVER C1,A748,RDa.7,DART 201,2,F27,,T
BASLER BT 67,DC3T,PT6A-65AR,PT6A-65AR,2,SH36,,T
BASLER TURBO 67 DC3 TURBO,DC3T,PT6A-67R,PT6A-67R,2,SH36,,T
BD100 1A10 CHALLENGER 300,CL30,11HN003,HTF7000,2,CL30,,J
BD100 1A10 CHALLENGER 350,CL30,01P14HN011,HTF7350,2,CL30,,J
BD700 1A10 ASTOR,GLEX,01P04BR013,BR710A2-20,2,GLEX,,J
BD700 1A10 GLOBAL EXPRESS,GLEX,01P04BR013,BR710A2-20,2,GLEX,,J
BD700 1A10 GLOBAL EXPRESS 6000,GLEX,01P04BR013,BR710A2-20,2,GLEX,,J
BD700 1A10 GLOBAL EXPRESS XRS,GLEX,01P04BR013,BR710A2-20,2,GLEX,,J
BD700 1A11 GLOBAL 5000,GL5T,01P04BR013,BR710A2-20,2,GL5T,,J
BD700 1A11 GLOBAL 5000 GVFD,GL5T,01P04BR013,BR710A2-20,2,GL5T,,J
BD700 2A12 GLOBAL 7500,GL7T,01P11BR016,GE PASSPORT,2,GLEX,,J
BD700 E11A,GLEX,01P04BR013,BR710A2-20,2,GLEX,,J
BE1900 C 1,B190,PT6A-67D,UNKNOWN,2,B190,,T
BE200 C 12R,BE20,PT6A-42,UNKNOWN,2,BE20,,T
BE200 CATPASS,BE20,PT6A-41,PT6A-41,2,BE20,,T
BE200 CATPASS 250,BE20,PT6A-41,PT6A-41,2,BE20,,T
BE200 RC 12P,BE20,PT6A-42,UNKNOWN,2,BE20,,T
BE200 RC 12Q,BE20,PT6A-42,UNKNOWN,2,BE20,,T
BE200 RC 12R,BE20,PT6A-42,UNKNOWN,2,BE20,,T
BE400 T 1A JAYHAWK,BE40,1PW037,JT15D-5,2,BE40,,J
BEECH 1300,BE20,PT6A-42,PT6A-42,2,BE20,,T
BEECH 1900,B190,PT6A-65B,PT6A-65B,2,B190,,T
BEECH 1900C,B190,PT6A-65B,PT6A-65B,2,B190,,T
BEECH 1900C 1,B190,PT6A-65B,PT6A-65B,2,B190,,T
BEECH 1900D,B190,PT6A-67D,PT6A-67D,2,B190,,T
BEECH 200,BE20,PT6A-41,PT6A-41,2,BE20,,T
BEECH 2000 STARSHIP 1A,STAR,PT6A-67A,PT6A-67A,2,P1HH,,T
BEECH 200C,BE20,PT6A-41,PT6A-41,2,BE20,,T
BEECH 200C,BE20,PT6A-42,PT6A-42,2,BE20,,T
BEECH 200T,BE20,PT6A-41,PT6A-41,2,BE20,,T
BEECH 300,BE30,PT6A-60A,PT6A-60A,2,BE30,,T
BEECH 300,BE30,PT6A-61,PT6A-61A,2,BE30,,T
BEECH 300LW,BE30,PT6A-60A,PT6A-60A,2,BE30,,T
BEECH 350 B300,B350,PT6A-60A,PT6A-60A,2,B350,,T
BEECH 350 B300,B350,PT6A-67A,PT6A-67A,2,B350,,T
BEECH 350C,B350,PT6A-60A,PT6A-60A,2,B350,,T
BEECH 350C B300C,B350,PT6A-60A,PT6A-60A,2,B350,,T
BEECH 3NM,BE18,Prop-500hp,R-985,2,DA62,,P
BEECH 400,BE40,1PW037,JT15D-5,2,BE40,,J
BEECH 400A,BE40,1PW037,JT15D-5,2,BE40,,J
BEECH 400NEXT,BE40,1PW037,JT15D-5,2,BE40,,J
BEECH 56TC,BE56,TIO-540-J2B2,TIO-541,2,C340,,P
BEECH 58,BE58,IO-550-B,IO-550-C,2,BE58,,P
BEECH 58,BE58,TSIO-520-WB,IO-520-C,2,BE58,,P
BEECH 58P,BE58,TSIO-520-WB,TSIO-520-WB,2,BE58,,P
BEECH 58TC,BE58,TSIO-520-WB,TSIO-520-LB,2,BE58,,P
BEECH 60,BE60,TIO-540-J2B2,TIO-541-E1B4,2,C414,,P
BEECH 65 88,BE80,IO-540-T4A5D,IGSO-540-A1D,2,C414,,P
BEECH 65 90,BE9L,PT6A-21,PT6A-6,2,BE9L,,T
BEECH 65 A90,BE9L,PT6A-20,PT6A-20,2,BE9L,,T
BEECH 65 U 8F,BE65,Prop-500hp,IO-720,2,C414,,P
BEECH 76,BE76,O-360-A3A,O-360-A1G6D,2,BE76,,P
BEECH 95,BE95,O-360-A3A,O-360-A1A,2,BE76,,P
BEECH 95 A55,BE55,Prop-300hp,IO-470-L,2,BE55,,P
BEECH 95 B55,BE55,Prop-300hp,IO-470-L,2,BE55,,P
BEECH 95 C55,BE55,TSIO-520-WB,IO-520-C,2,BE55,,P
BEECH 95 D55,BE55,TSIO-520-WB,IO-520-C,2,BE55,,P
BEECH 95 E55,BE55,TSIO-520-WB,IO-520-C,2,BE55,,P
BEECH 99,BE99,PT6A-20,PT6A-20,2,BE99,,T
BEECH 99,BE99,PT6A-27,PT6A-27,2,BE99,,T
BEECH A100,BE10,PT6A-28,PT6A-28,2,F406,,T
BEECH A60,BE60,TIO-540-J2B2,TIO-541-E1A4,2,C414,,P
BEECH A65 8200,BE65,Prop-500hp,IO-720-A1B,2,C414,,P
BEECH B100,BE10,TPE331-6,TPE331-6-252B,2,F406,,T
BEECH B200,BE20,PT6A-41,PT6A-41,2,BE20,,T
BEECH B200,BE20,PT6A-42,PT6A-42,2,BE20,,T
BEECH B200C,BE20,PT6A-41,PT6A-41,2,BE20,,T
BEECH B200C,BE20,PT6A-42,PT6A-42,2,BE20,,T
BEECH B200CT,BE20,PT6A-42,PT6A-42,2,BE20,,T
BEECH B200GT,BE20,PT6A-42,PT6A-42,2,BE20,,T
BEECH B200T,BE20,PT6A-42,PT6A-42,2,BE20,,T
BEECH B60,BE60,TIO-540-J2B2,TIO-541-E1A4,2,C414,,P
BEECH B90,BE9L,PT6A-20,PT6A-20,2,BE9L,,T
BEECH C 12A,BE20,PT6A-41,PT6A-41,2,BE20,,T
BEECH C 12C,BE20,PT6A-41,PT6A-41,2,BE20,,T
BEECH C 12D,BE20,PT6A-41,PT6A-41,2,BE20,,T
BEECH C 12F,BE20,PT6A-42,PT6A-42,2,BE20,,T
BEECH C 12J,B190,PT6A-67D,PT6A-67D,2,B190,,T
BEECH C 12R,BE20,PT6A-42,PT6A-,2,BE20,,T
BEECH C18,BE18,Prop-500hp,R-985,2,DA62,,P
BEECH C18S,BE18,Prop-500hp,R-985,2,DA62,,P
BEECH C45H,BE18,Prop-500hp,R-985,2,DA62,,P
BEECH C50,BE50,Prop-500hp,GO-480-F1A6,2,C414,,P
BEECH C90,BE9L,PT6A-20,PT6A-20A,2,BE9L,,T
BEECH C90,BE9L,PT6A-21,PT6A-21,2,BE9L,,T
BEECH C90 1,BE9L,PT6A-21,PT6A-21,2,BE9L,,T
BEECH C90A,BE9L,PT6A-21,PT6A-21,2,BE9L,,T
BEECH C90B,BE9L,PT6A-21,PT6A-21,2,BE9L,,T
BEECH C90B JAGUAR SE,BE9L,PT6A-21,PT6A-21,2,BE9L,,T
BEECH C90GT,BE9L,PT6A-135A,PT6A-135A,2,BE9L,,T
BEECH C90GTI,BE9L,PT6A-135A,PT6A-135A,2,BE9L,,T
BEECH C99,BE99,PT6A-36,PT6A-36,2,BE99,,T
BEECH D18S,BE18,Prop-500hp,R-985-AN14B,2,DA62,,P
BEECH D50A,BE50,Prop-500hp,GO-480,2,C414,,P
BEECH D95A,BE95,IO-360-A1B6,IO-360-B1B,2,BE76,,P
BEECH E18S TRI GEAR,BE18,Prop-500hp,R-985-AN14B,2,DA62,,P
BEECH E90,BE9L,PT6A-20,PT6A-20A,2,BE9L,,T
BEECH E90,BE9L,PT6A-28,PT6A-28,2,BE9L,,T
BEECH E95,BE95,IO-360-A1B6,IO-360-B1B,2,BE76,,P
BEECH F90,BE9T,PT6A-135A,PT6A-135,2,BE9L,,T
BEECH F90 1,BE9T,PT6A-135A,PT6A-135A,2,BE9L,,T
BEECH G18S,BE18,Prop-500hp,R-985-AN14B,2,DA62,,P
BEECH G58,BE58,TSIO-520-WB,IO-520-C,2,BE58,,P
BEECH H18,BE18,Prop-500hp,R-985-AN14B,2,DA62,,P
BEECH RC 12D,BE20,PT6A-41,PT6A-41,2,BE20,,T
BEECH RC 12K,BE20,PT6A-67,PT6A-67,2,BE20,,T
BEECH RC 12N,BE20,PT6A-67,PT6A-67,2,BE20,,T
BEECH RC 12P,BE20,PT6A-67,PT6A-,2,BE20,,T
BEECH RU 21D,U21,PT6A-20,PT6A-20,2,F406,,T
BEECH RU 21E,U21,PT6A-20,PT6A-20,2,F406,,T
BEECH RU 21H,U21,PT6A-20,PT6A-20,2,F406,,T
BEECH TC90,BE9L,PT6A-21,PT6A-21,2,BE9L,,T
BEECH U 21A,U21,PT6A-20,PT6A-20,2,F406,,T
BEECH U 21G,U21,PT6A-20,PT6A-20,2,F406,,T
BEECH UC 12B,BE20,PT6A-41,PT6A-41,2,BE20,,T
BEECH UC 12F,BE20,PT6A-42,PT6A-42,2,BE20,,T
BEECH UC 12M,BE20,PT6A-42,PT6A-42,2,BE20,,T
BN22T,BN2P,BIZLIGHTPROP_F,250-B17C,2,DA62,,P
BN2A,BN2P,O-540-J3C5D,O-540-E4C5,2,DA62,,P
BN2A 20,BN2P,IO-540-T4A5D,IO-540-K1B5,2,DA62,,P
BN2A 21,BN2P,IO-540-T4A5D,IO-540-K1B5,2,DA62,,P
BN2A 26,BN2P,IO-540-T4A5D,IO-540-K1B5,2,DA62,,P
BN2A 26,BN2P,O-540-J3C5D,O-540-E4C5,2,DA62,,P
BN2A 27,BN2P,O-540-J3C5D,O-540-E4C5,2,DA62,,P
BN2A 6,BN2P,O-540-J3C5D,O-540-E4C5,2,DA62,,P
BN2A 8,BN2P,O-540-J3C5D,O-540-E4C5,2,DA62,,P
BN2A 9,BN2P,O-540-J3C5D,O-540-E4C5,2,DA62,,P
BN2A III,TRIS,O-540-J3C5D,O-540-E4C5,3,C206,,P
BN2A III 1,TRIS,O-540-J3C5D,O-540-E4C5,3,C206,,P
BN2A III 2,TRIS,O-540-J3C5D,O-540-E4C5,3,C206,,P
BN2B 20,BN2P,BIZLIGHTPROP_F,250-B17C,2,DA62,,P
BN2B 20,BN2P,IO-540-T4A5D,IO-540-K1B5,2,DA62,,P
BN2B 21,BN2P,IO-540-T4A5D,IO-540-K1B5,2,DA62,,P
BN2B 21,BN2P,O-540-J3C5D,O-540-E4C5,2,DA62,,P
BN2B 26,BN2P,IO-540-T4A5D,IO-540-K1B5,2,DA62,,P
BN2B 26,BN2P,O-540-J3C5D,O-540-E4C5,2,DA62,,P
BN2B 27,BN2P,O-540-J3C5D,O-540-E4C5,2,DA62,,P
BN2T,BN2P,BIZLIGHTPROP_F,250-B17C,2,DA62,,P
BN2T,BN2P,IO-540-T4A5D,IO-540-K1B5,2,DA62,,P
BN2T 4S,BN2P,BIZLIGHTPROP_F,250-B17F/1,2,DA62,,P
C 20A G1159A,GLF3,SPEY MK511-8,SPEY 511-8,2,GLF2,,J
C 20B G1159A,GLF3,SPEY MK511-8,SPEY 511-8,2,GLF2,,J
C 20C G1159A,GLF3,SPEY MK511-8,SPEY 511-8,2,GLF2,,J
C 20D G1159A,GLF3,SPEY MK511-8,SPEY 511-8,2,GLF2,,J
C 20F G1159C,GLF4,11RR048,TAY 611-8,2,CRJ9,,J
C 20G G1159C,GLF4,11RR048,TAY 611-8,2,CRJ9,,J
C 20H G1159C,GLF4,11RR048,TAY 611-8,2,CRJ9,,J
C 32A B757 2G4,B752,4PW073,PW2040,2,B752,B752WRR40,J
C 38A IAI1125SPX ASTRA,ASTR,1AS002,TFE731-3C-200G,2,G150,,J
C 9A DC 9,DC93,1PW006,JT8D-9,2,DC93,,J
C 9B DC 9,DC93,1PW006,JT8D-9,2,DC93,,J
C 9C DC 9,DC93,1PW006,JT8D-9,2,DC93,,J
C130A,C130,T56-A-14,T56-A,4,C130,,T
C130B,C130,T56-A-14,T56-A-9D,4,C130,,T
C130E,C130,T56-A-14,T56-A-9D,4,C130,,T
C130H,C130,501 D13 alternative 2,501-D22A,4,C130,,T
C130H 30,C130,501 D13 alternative 2,501-D22A,4,C130,,T
C130J 30,C30J,BIZLIGHTPROP_F,AE2100-D3,4,C30J,,T
C135B B707,W135,1CM001,JT3D-3B,4,B703,,J
C212 100,C212,TPE331-5A,TPE331-5-251C,2,JS32,,T
C212 200,C212,TPE331-10A,TPE331-10-501C,2,JS32,,T
C212 200,C212,TPE331-10R,TPE331-10R-512C,2,JS32,,T
C212 300,C212,TPE331-10A,UNKNOWN,2,JS32,,T
C212 300,C212,TPE331-10R,TPE331-10R-513C,2,JS32,,T
C212 400,C212,TPE331-10A,TPE331-10-501C,2,JS32,,T
C212 CE,C212,TPE331-10R,TPE331-10R-512C,2,JS32,,T
C212M 100,C212,TPE331-5A,TPE331-5-251C,2,JS32,,T
C337 O 2A,C337,IO-360-A1B6,UNKNOWN,2,DA42,,P
C337 T337G,C337,IO-360-A1B6,UNKNOWN,2,DA42,,P
C40A B737 7AF,B737,3CM031,CFM56-7B22,2,B737,B737W24,J
C40A B737 7AF,B737,8CM051,CFM56-7B26,2,B737,B737W24,J
C40B B737 7AN,B737,3CM031,CFM56-7B22,2,B737,B737W24,J
C40B B737 7DM,B737,3CM031,CFM56-7B22,2,B737,B737W24,J
C40B B737 7DM,B737,3CM034,CFM56-7B27,2,B737,B737W24,J
C40B B737 7DM,B737,8CM051,CFM56-7B26,2,B737,B737W24,J
C40B B737 7FD,B737,8CM051,CFM56-7B26,2,B737,B737W24,J
C40C B737 7BC,B737,8CM051,CFM56-7B26,2,B737,B737W24,J
C40C B737 7CP,B737,8CM051,CFM56-7B26,2,B737,B737W24,J
C47B 5 DK,DC3,Prop>500hp,R-1830,2,S2P,,P
CC142 DHC8 102,DH8A,PW120A,PW120A,2,DH8A,,T
CC144 CL600 1A11 CL600S,CL60,1TL001,ALF502L-2,2,CL60,,J
CC144 CL600 2A12 CL601 1A,CL60,1GE034,CF34-1A,2,CL60,,J
CC150 A310 304,A310,2GE037,CF6-80C2A2,2,A310,A310-308,J
CC150 A310 304F,A310,2GE037,CF6-80C2A2,2,A310,A310-308,J
CC150 MRTT A310 304,A310,2GE037,CF6-80C2A2,2,A310,A310-308,J
CC150MRT A310 304,A310,2GE037,CF6-80C2A2,2,A310,A310-308,J
CE144 CL600 1A11 CL600S,CL60,1TL001,ALF502L-2,2,CL60,,J
CESSNA 208,C208,PT6A-114,PT6A-114,1,C208,,T
CESSNA 208A,C208,PT6A-114,PT6A-114,1,C208,,T
CESSNA 208B,C208,PT6A-114,PT6A-114,1,C208,,T
CESSNA 208B,C208,PT6A-114A,PT6A-114A,1,C208,,T
CESSNA 208B 5000,C208,PT6A-135A,PT6A-140,1,C208,,T
CESSNA 310,C310,Prop-300hp,O-470-B,2,C310,,P
CESSNA 310C,C310,Prop-300hp,O-470-M,2,C310,,P
CESSNA 310D,C310,Prop-300hp,O-470-M,2,C310,,P
CESSNA 310F,C310,Prop-300hp,IO-470-D,2,C310,,P
CESSNA 310H,C310,Prop-300hp,IO-470-U,2,C310,,P
CESSNA 310I,C310,Prop-300hp,IO-470-U,2,C310,,P
CESSNA 310K,C310,Prop-300hp,IO-470-VO,2,C310,,P
CESSNA 310N,C310,Prop-300hp,IO-470-VO,2,C310,,P
CESSNA 310P,C310,Prop-300hp,IO-470-VO,2,C310,,P
CESSNA 310Q,C310,Prop-300hp,IO-470-VO,2,C310,,P
CESSNA 310R,C310,IO-540-T4A5D,IO-540-MB,2,C310,,P
CESSNA 310R,C310,TSIO-520-WB,IO-520-M,2,C310,,P
CESSNA 320E,C320,IO-540-T4A5D,TSIO-470-B,2,PA34,,P
CESSNA 335,C335,TSIO-520-WB,TSIO-520-EB,2,C340,,P
CESSNA 337,C337,IO-360-A1B6,IO-360-C&D,2,DA42,,P
CESSNA 337A,C337,IO-360-A1B6,IO-360-C&D,2,DA42,,P
CESSNA 337B,C337,IO-360-A1B6,IO-360-C&D,2,DA42,,P
CESSNA 337D,C337,IO-360-A1B6,IO-360-C,2,DA42,,P
CESSNA 337F,C337,IO-360-A1B6,IO-360-C,2,DA42,,P
CESSNA 337G,C337,IO-360-A1B6,IO-360-G,2,DA42,,P
CESSNA 337H,C337,IO-360-A1B6,IO-360-G,2,DA42,,P
CESSNA 340,C340,TSIO-520-WB,TSIO-520-K,2,C340,,P
CESSNA 340A,C340,TSIO-520-WB,TSIO-520-NB,2,C340,,P
CESSNA 401,C402,TSIO-520-WB,TSIO-520-E,2,C402,,P
CESSNA 401A,C402,TSIO-520-WB,TSIO-520-E,2,C402,,P
CESSNA 401B,C402,TSIO-520-WB,TSIO-520-E,2,C402,,P
CESSNA 402,C402,TSIO-520-WB,TSIO-520-E,2,C402,,P
CESSNA 402B,C402,TSIO-520-WB,TSIO-520-E,2,C402,,P
CESSNA 402C,C402,TSIO-520-WB,TSIO-520-VB,2,C402,,P
CESSNA 404,C404,TSIO-520-WB,GTSIO-520-M,2,C421,,P
CESSNA 404 II,C404,TSIO-520-WB,GTSIO-520-M,2,C421,,P
CESSNA 408,C408,PT6A-65R,PT6A-65SC,2,AN38,,T
CESSNA 411,C411,TSIO-520-WB,GTSIO-520-C,2,C402,,P
CESSNA 411A,C411,TSIO-520-WB,GTSIO-520-C,2,C402,,P
CESSNA 414,C414,TSIO-520-WB,TSIO-520-N,2,C414,,P
CESSNA 414A,C414,TSIO-520-WB,TSIO-520-NB,2,C414,,P
CESSNA 421,C421,TSIO-520-WB,GTSIO-520-D,2,C421,,P
CESSNA 421A,C421,TSIO-520-WB,GTSIO-520-D,2,C421,,P
CESSNA 421B,C421,TSIO-520-WB,GTSIO-520-H,2,C421,,P
CESSNA 421C,C421,TSIO-520-WB,GTSIO-520-N,2,C421,,P
CESSNA 421C TURBO,C21T,PT6A-135A,PT6A,2,PAY1,,T
CESSNA 425,C425,PT6A-112,PT6A-112,2,F406,,T
CESSNA 441,C441,TPE331-8,TPE331-8-401S,2,PAY3,,T
CESSNA 5,C56X,BIZLIGHTJET_F,0,2,C56X,,J
CESSNA 500,C500,1PW035,JT15D-1,2,C551,,J
CESSNA 501,C501,1PW035,JT15D-1A,2,C551,,J
CESSNA 501 SIERRA EAGLE II,C501,1AS001,FJ44-2A,2,C551,,J
CESSNA 510 MUSTANG,C510,PW610F,PW615F-A,2,C510,,J
CESSNA 525,C525,1AS001,FJ44-1A,2,C525,,J
CESSNA 525 CJ1,C525,1AS001,FJ44-1A,2,C525,,J
CESSNA 525 CJ1 M2,C25M,1AS001,FJ44-1AP-21,2,C525,,J
CESSNA 525A CJ2,C25A,1AS001,FJ44-3A-24,2,C25A,,J
CESSNA 525B CJ3,C25B,BIZLIGHTJET_F,FJ44-3A,2,C25B,,J
CESSNA 525C CJ4,C25C,BIZLIGHTJET_F,FJ44-4A,2,C25C,,J
CESSNA 550,C550,1PW036,JT15D-4,2,C550,,J
CESSNA 550 BRAVO,C550,PW530,PW530A,2,C550,,J
CESSNA 550 SCD,C550,1PW036,JT15D-4,2,C550,,J
CESSNA 551,C551,1PW036,JT15D-4,2,C551,,J
CESSNA 560,C560,1PW037,JT15D-5A,2,C560,,J
CESSNA 560,C560,PW530,PW535A,2,C560,,J
CESSNA 560 ENCORE,C560,PW530,PW535B,2,C560,,J
CESSNA 560 EXCEL,C56X,PW530,PW545A,2,C56X,,J
CESSNA 560 UC 35A,C560,1PW037,JT15D-5D,2,C560,,J
CESSNA 560 UC 35A,C560,PW530,PW535A,2,C560,,J
CESSNA 560 UC 35B,C560,1PW037,JT15D-5D,2,C560,,J
CESSNA 560 UC 35B,C560,PW530,PW535A,2,C560,,J
CESSNA 560 UC 35C,C560,1PW037,JT15D-5D,2,C560,,J
CESSNA 560 UC 35C,C560,PW530,PW535A,2,C560,,J
CESSNA 560 UC 35D,C560,PW530,PW535A,2,C560,,J
CESSNA 560 XLS,C56X,PW530,PW545B,2,C56X,,J
CESSNA 650,C650,1AS002,TFE731-3B-100S,2,C650,,J
CESSNA 680 LATITUDE,C68A,7PW078,PW306C,2,C680,,J
CESSNA 680 SOVEREIGN,C680,7PW078,PW306C,2,C680,,J
CESSNA 700 LONGITUDE,C700,01P18HN013,HTF7700L,2,C700,,J
CESSNA 750,C750,6AL023,AE3007C-1,2,C750,,J
CESSNA 750,C750,8AL025,AE3007C,2,C750,,J
CESSNA F337F,C337,IO-360-A1B6,IO-360-C,2,DA42,,P
CESSNA F406 II,F406,PT6A-112,PT6A-112,2,F406,,T
CESSNA F500,C500,1PW035,JT15D-1,2,C551,,J
CESSNA F550,C550,1PW036,JT15D-4,2,C550,,J
CESSNA M2,C25M,1AS001,FJ44-1AP-21,2,C525,,J
CESSNA M337B,C337,IO-360-A1B6,IO-360-C/D,2,DA42,,P
CESSNA P337G,P337,TSIO-360C,TSIO-360-C,2,BE76,,P
CESSNA P337H,P337,TSIO-360C,TSIO-360-CB,2,BE76,,P
CESSNA S550,C550,1PW036,JT15D-4B,2,C550,,J
CESSNA T303,C303,TSIO-520-WB,TSIO-520-AE,2,PA34,,P
CESSNA T310Q,C310,TSIO-520-WB,TSIO-520-B,2,C310,,P
CESSNA T310R,C310,TSIO-520-WB,TSIO-520-B,2,C310,,P
CESSNA T337H,C337,TSIO-360C,TSIO-360-H,2,DA42,,P
CHALLENGER 800,CRJ2,01P05GE189,CF34-3B1,2,CRJ2,,J
CHALLENGER 800,CRJ2,1GE035,CF34-3A1,2,CRJ2,,J
CL215 1A10,CL2P,Prop>500hp,R2800-CA3,2,S2P,,P
CL215 6B11 CL415,CL2T,PW123,PW123AF,2,F27,,T
CL600 1A11 CL600S,CL60,1TL001,ALF502L-2,2,CL60,,J
CL600 1A12 CL600S,CL60,1TL001,ALF502L-2,2,CL60,,J
CL600 2A12 CL601 1A,CL60,1GE034,CF34-1A,2,CL60,,J
CL600 2B16 CL601 3A,CL60,1GE034,CF34-3A,2,CL60,,J
CL600 2B16 CL601 3R,CL60,1GE035,CF34-3A1,2,CL60,,J
CL600 2B19 CHALLENGER 800,CRJ2,01P05GE189,CF34-3B1,2,CRJ2,,J
CL600 2B19 CHALLENGER 850,CRJ2,01P05GE189,CF34-3B1,2,CRJ2,,J
CL600 2B19 PF RJ100ER,CRJ1,1GE035,CF34-3A1,2,CRJ1,,J
CL600 2B19 PF RJ100LR,CRJ1,1GE035,CF34-3A1,2,CRJ1,,J
CL600 2B19 PF RJ200ER,CRJ2,01P05GE189,CF34-3B1,2,CRJ2,,J
CL600 2B19 RJ100ER,CRJ1,01P05GE189,CF34-3B1,2,CRJ1,,J
CL600 2B19 RJ100ER,CRJ1,1GE035,CF34-3A1,2,CRJ1,,J
CL600 2B19 RJ100LR,CRJ1,1GE035,CF34-3A1,2,CRJ1,,J
CL600 2B19 RJ200,CRJ2,01P05GE189,CF34-3B1,2,CRJ2,,J
CL600 2B19 RJ200ER,CRJ2,01P05GE189,CF34-3B1,2,CRJ2,,J
CL600 2B19 RJ200LR,CRJ2,01P05GE189,CF34-3B1,2,CRJ2,,J
CL600 2B19 RJ200LR,CRJ2,1GE035,CF34-3A1,2,CRJ2,,J
CL600 2B19 RJ200LR PF,CRJ2,01P05GE189,CF34-3B1,2,CRJ2,,J
CL600 2B19 RJ200LR PF,CRJ2,1GE035,CF34-3A1,2,CRJ2,,J
CL600 2B19 RJ440,CRJ2,01P05GE189,CF34-3B1,2,CRJ2,,J
CL600 2C10 RJ700,CRJ7,5GE083,CF34-8C1,2,CRJ9,,J
CL600 2C10 RJ700NG,CRJ7,5GE083,CF34-8C1,2,CRJ9,,J
CL600 2C10 RJ702,CRJ7,01P08GE192,CF34-8C5B1,2,CRJ9,,J
CL600 2C11 RJ550,CRJ7,5GE083,CF34-8C1,2,CRJ9,,J
CL600 2D15 RJ705,CRJ9,01P08GE190,CF34-8C5,2,CRJ9,,J
CL600 2D24 CHALLENGER 890,CRJ9,01P08GE190,CF34-8C5,2,CRJ9,,J
CL600 2D24 RJ900,CRJ9,01P08GE190,CF34-8C5,2,CRJ9,,J
CL600 2D24 RJ900ER,CRJ9,01P08GE190,CF34-8C5,2,CRJ9,,J
CL600 2D24 RJ900NG,CRJ9,01P08GE190,CF34-8C5,2,CRJ9,,J
CL600 2E25 RJ1000,CRJX,01P08GE193,CF34-8C5A2,2,CRJX,,J
CL604,CL60,01P05GE189,CF34-7B,2,CL60,,J
CL605,CL60,01P05GE189,CF34-3B,2,CL60,,J
CL650,CL60,01P05GE189,CF34-3B,2,CL60,,J
CN235,CN35,CT7-5A2,CT7-7A,2,DH8A,,T
CN235 10,CN35,CT7-5A2,CT7-7A,2,DH8A,,T
CN235 100,CN35,CT7-9B,CT7-9C,2,DH8A,,T
CN235 200,CN35,CT7-9B,CT7-9C,2,DH8A,,T
CN235 300,CN35,CT7-5A2,CT7-7A,2,DH8A,,T
CN235 300MPA,CN35,CT7-9B,CT7-9C,2,DH8A,,T
CN235M 100,CN35,CT7-9B,CT7-9C,2,DH8A,,T
CN235MP,CN35,CT7-9B,CT7-9C,2,DH8A,,T
CONAIR FIRECAT CS2F 1,S2P,Prop>500hp,R-982-C9HE2,2,S2P,,P
CONAIR TURBO FIRECAT CS2F 1,S2T,PT6A-67AF,PT6A-67AF,2,SH36,,T
CONAIR TURBO FIRECAT S2,S2T,PT6A-67AF,PT6A-67AF,2,SH36,,T
CS100,BCS1,04P20PW196,PW1524G,2,B736,,J
CS300,BCS3,04P20PW197,PW1521G,2,A318,,J
CV580,CVLT,501 D13 alternative 2,501-D13,2,ATP,,T
CV580F SCD,CVLT,501 D13 alternative 2,501-D13,2,ATP,,T
DA42 TWIN STAR,DA42,AE300,AE300,2,DA42,,P
DA42 TWIN STAR,DA42,Centurion 4.0,CENTURION 1.7,2,DA42,,P
DA42 TWIN STAR,DA42,Prop-200hp,AUSTRO,2,DA42,,P
DA42MPP,DA42,Centurion 4.0,CENTURION 1.7,2,DA42,,P
DA62,DA62,AE300,AE300,2,DA62,,P
DC 3TP,DC3T,PT6A-65AR,PT6A-65AR,2,SH36,,T
DC10 10,DC10,1GE002,CF6-6D1A,3,DC10,,J
DC10 10,DC10,1GE003,CF6-6K,3,DC10,,J
DC10 10 F,DC10,1GE003,CF6-6K,3,DC10,,J
DC10 30,DC10,3GE070,CF6-50C,3,DC10,,J
DC10 30,DC10,3GE073,CF6-50C1,3,DC10,,J
DC10 30,DC10,3GE074,CF6-50C2,3,DC10,,J
DC10 30 ER,DC10,3GE078,CF6-50C2B,3,DC10,,J
DC10 30 ER F,DC10,3GE078,CF6-50C2B,3,DC10,,J
DC10 30 F,DC10,3GE070,CF6-50C,3,DC10,,J
DC10 30 F,DC10,3GE072,CF6-50C2R,3,DC10,,J
DC10 30 F,DC10,3GE074,CF6-50C2,3,DC10,,J
DC10 30CF,DC10,3GE074,CF6-50C2,3,DC10,,J
DC10 40 F,DC10,1PW033,JT9D-59A,3,DC10,,J
DC10 40D F,DC10,1PW033,JT9D-59A,3,DC10,,J
DC10 40I,DC10,1PW033,JT9D-59A,3,DC10,,J
DC3,DC3,Prop>500hp,R-1830,2,S2P,,P
DC3 201,DC3,Prop>500hp,R-1830,2,S2P,,P
DC3 201F,DC3,Prop>500hp,R-1830,2,S2P,,P
DC3 65TP,DC3T,PT6A-45R,PT6A-45R,2,SH36,,T
DC3 BT 67,DC3T,PT6A-65AR,UNKNOWN,2,SH36,,T
DC3 C 47 DL,DC3,Prop>500hp,R-1830,2,S2P,,P
DC3 C 47A 10 DK,DC3,Prop>500hp,R-1830,2,S2P,,P
DC3 C 47A 25 DK,DC3,Prop>500hp,R-1830,2,S2P,,P
DC3 C 47A 30 DK,DC3,Prop>500hp,R-1830,2,S2P,,P
DC3 C 47A 35 DL,DC3,Prop>500hp,R-1830,2,S2P,,P
DC3 C 47A 80 DL,DC3,Prop>500hp,R-1830,2,S2P,,P
DC3 C 47A 85 DL,DC3,Prop>500hp,R-1830,2,S2P,,P
DC3 C 47B 1 DK,DC3,Prop>500hp,R-1830,2,S2P,,P
DC3 C 47B 1 DL,DC3,Prop>500hp,R-1830,2,S2P,,P
DC3 C 47B 15 DK,DC3,Prop>500hp,R-1830,2,S2P,,P
DC3 C 47B 45 DK,DC3,Prop>500hp,R-1830,2,S2P,,P
DC3 VC 47D,DC3,Prop>500hp,R-1830,2,S2P,,P
DC3A,DC3,Prop>500hp,R-1830,2,S2P,,P
DC3A 197E,DC3,Prop>500hp,R-1830,2,S2P,,P
DC3A 253,DC3,Prop>500hp,R-1830,2,S2P,,P
DC3A 453 C 53C,DC3,Prop>500hp,R-1830,2,S2P,,P
DC3C C 47 DL,DC3,Prop>500hp,R-1830,2,S2P,,P
DC3C C 47A 25 DK,DC3,Prop>500hp,R-1830,2,S2P,,P
DC3C C 47A 40 DL,DC3,Prop>500hp,R-1830,2,S2P,,P
DC3C C 47A 45 DL,DC3,Prop>500hp,R-1830-92,2,S2P,,P
DC3C C 47A 75 DL,DC3,Prop>500hp,R-1830-92,2,S2P,,P
DC3C C 47A 80 DL,DC3,Prop>500hp,R-1830-92,2,S2P,,P
DC3C C 47A 85 DL,DC3,Prop>500hp,R-1830,2,S2P,,P
DC3C C 47A 90 DL,DC3,Prop>500hp,R-1830,2,S2P,,P
DC3C C 47A DL,DC3,Prop>500hp,R-1830,2,S2P,,P
DC3C C 47A I DK,DC3,Prop>500hp,R-1830,2,S2P,,P
DC3C C 47B 1 DK,DC3,Prop>500hp,R-1830,2,S2P,,P
DC3C C 47B 10 DK,DC3,Prop>500hp,R-1830,2,S2P,,P
DC3C C 47B 15 DK,DC3,Prop>500hp,R-1830-92,2,S2P,,P
DC3C C 47B 30 DK,DC3,Prop>500hp,R-1830,2,S2P,,P
DC3C C 47B 35 DK,DC3,Prop>500hp,R-1830,2,S2P,,P
DC3C C 47B 40 DK,DC3,Prop>500hp,R-1830,2,S2P,,P
DC3C C 47B 5 DK,DC3,Prop>500hp,R-1830,2,S2P,,P
DC3C C 47B 50 DK,DC3,Prop>500hp,R-1830,2,S2P,,P
DC3C C 53,DC3,Prop>500hp,R-1830,2,S2P,,P
DC3C C 53 DO,DC3,Prop>500hp,R-1830,2,S2P,,P
DC3C C47A DL,DC3,Prop>500hp,R-1830,2,S2P,,P
DC3C VC 47D,DC3,Prop>500hp,R-1830,2,S2P,,P
DC3TP,DC3T,PT6A-45R,PT6A-45R,2,SH36,,T
DC3TP,DC3T,PT6A-65AR,PT6A-65AR,2,SH36,,T
DC3TP,DC3T,PT6A-67,PT6A-67,2,SH36,,T
DC3TP C 47A 80 DL,DC3T,PT6A-67,PT6A-67,2,SH36,,T
DC3TP C 47B 1 DK,DC3T,PT6A-67,PT6A-67,2,SH36,,T
DC6A,DC6,Prop>500hp,R-2800-CB3,4,C160,,T
DC6B,DC6,Prop>500hp,R-2800,4,C160,,T
DC8 55F,DC85,1PW001,JT3D-3B/Q,4,B703,,J
DC8 62AF,DC86,1PW001,JT3D-3B/Q,4,DC87,,J
DC8 62AF,DC86,1PW002,JT3D-7/Q,4,DC87,,J
DC8 62CF,DC86,1PW001,JT3D-3B/Q,4,DC87,,J
DC8 62CF,DC86,1PW002,JT3D-7/Q,4,DC87,,J
DC8 62F,DC86,1PW001,JT3D-3B/Q,4,DC87,,J
DC8 62F,DC86,1PW002,JT3D-7/Q,4,DC87,,J
DC8 62H,DC86,1PW001,JT3D-3B/Q,4,DC87,,J
DC8 62H,DC86,1PW002,JT3D-7/Q,4,DC87,,J
DC8 63CF,DC86,1PW002,JT3D-7/Q,4,DC87,,J
DC8 63F,DC86,1PW002,JT3D-7/Q,4,DC87,,J
DC8 71F,DC87,1CM003,CFM56-2C1,4,DC87,,J
DC8 72,DC87,1CM003,CFM56-2C6,4,DC87,,J
DC8 72CF,DC87,1CM002,CFM56-1B,4,DC87,,J
DC8 72H,DC87,1CM003,CFM56-2C1,4,DC87,,J
DC8 73AF,DC87,1CM003,CFM56-2C5,4,DC87,,J
DC8 73CF,DC87,1CM003,CFM56-2C1,4,DC87,,J
DC8 73F,DC87,1CM003,CFM56-2C5,4,DC87,,J
DC8F 54,DC85,1PW001,JT3D-3B/Q,4,B703,,J
DC8F 55,DC85,1PW001,JT3D-3B/Q,4,B703,,J
DC9 14,DC91,8PW085,JT8D-7,2,BA11,,J
DC9 15,DC91,8PW085,JT8D-7,2,BA11,,J
DC9 15F,DC91,8PW085,JT8D-7,2,BA11,,J
DC9 21,DC92,1PW008,JT8D-11,2,A158,,J
DC9 31,DC93,1PW006,JT8D-9A,2,DC93,,J
DC9 31,DC93,8PW085,JT8D-7B,2,DC93,,J
DC9 32,DC93,1PW006,JT8D-9A,2,DC93,,J
DC9 32,DC93,1PW009,JT8D-15,2,DC93,,J
DC9 32,DC93,1PW012,JT8D-17,2,DC93,,J
DC9 32,DC93,8PW085,JT8D-7A,2,DC93,,J
DC9 33F CF,DC93,1PW006,JT8D-9A,2,DC93,,J
DC9 33F RC,DC93,8PW085,JT8D-7B,2,DC93,,J
DC9 33RC,DC93,1PW006,JT8D-9A,2,DC93,,J
DC9 34CF,DC93,1PW012,JT8D-17,2,DC93,,J
DC9 51,DC95,1PW012,JT8D-17,2,B712,,J
DC9 51,DC95,1PW014,JT8D-17A,2,B712,,J
DH104 DOVE 8,DOVE,Prop>500hp,GIPSY QUEEN 70-4,2,DA62,,P
DH114 HERON 2,HERN,Prop>500hp,GIPSY QUEEN 20-3,4,S2P,,P
DHC2,DHC2,Prop-500hp,R-985,1,C188,,P
DHC2 TURBO,DH2T,PT6A-20,PT6A-20,1,K100,,T
DHC2 TURBO III,DH2T,PT6A-27,PT6A-27,1,K100,,T
DHC3 TURBO,DH3T,BIZLIGHTPROP_F,ASH-621-M18,1,P750,,T
DHC3 TURBO,DH3T,PT6A-135A,PT6A-135A,1,P750,,T
DHC4A,DHC4,Prop>500hp,R-2000-D5,2,S2P,,P
DHC5D,DHC5,BIZHEAVYPROP_F,CT64-820-4,2,AN30,,T
DHC6 100,DHC6,PT6A-20,PT6A-20,2,DHC6,,T
DHC6 200,DHC6,PT6A-20,PT6A-20,2,DHC6,,T
DHC6 200HG,DHC6,PT6A-20,PT6A-20,2,DHC6,,T
DHC6 200HG,DHC6,PT6A-27,PT6A-27,2,DHC6,,T
DHC6 300,DHC6,PT6A-27,PT6A-27,2,DHC6,,T
DHC6 310,DHC6,PT6A-27,PT6A-27,2,DHC6,,T
DHC6 320,DHC6,PT6A-27,PT6A-27,2,DHC6,,T
DHC6 400,DHC6,PT6A-27,PT6A-27,2,DHC6,,T
DHC7 102,DHC7,PT6A-50,PT6A-50,4,AN30,,T
DHC7 102 RC 7B,DHC7,PT6A-50,PT6A-50,4,AN30,,T
DHC7 103,DHC7,PT6A-50,PT6A-50,4,AN30,,T
DHC7 103 RC 7B,DHC7,PT6A-50,PT6A-50,4,AN30,,T
DHC7 110,DHC7,PT6A-50,PT6A-50,4,AN30,,T
DHC8 102,DH8A,PW120A,PW120A,2,DH8A,,T
DHC8 102,DH8A,PW121,PW121,2,DH8A,,T
DHC8 102A,DH8A,PW120A,PW120A,2,DH8A,,T
DHC8 103,DH8A,PW120A,PW120A,2,DH8A,,T
DHC8 103,DH8A,PW121,PW121,2,DH8A,,T
DHC8 103A,DH8A,PW120A,PW120A,2,DH8A,,T
DHC8 103A,DH8A,PW121,PW121,2,DH8A,,T
DHC8 103B,DH8A,PW121,PW121,2,DH8A,,T
DHC8 103Q,DH8A,PW120A,PW120A,2,DH8A,,T
DHC8 103Q,DH8A,PW121,PW121,2,DH8A,,T
DHC8 106,DH8A,PW120A,PW120A,2,DH8A,,T
DHC8 106,DH8A,PW121,PW121,2,DH8A,,T
DHC8 201,DH8B,PW123C,PW123C,2,DH8C,,T
DHC8 201Q,DH8B,PW123C,PW123C,2,DH8C,,T
DHC8 201Q,DH8B,PW123D,PW123D,2,DH8C,,T
DHC8 202,DH8B,PW123B,PW123B,2,DH8C,,T
DHC8 202,DH8B,PW123C,PW123C,2,DH8C,,T
DHC8 202,DH8B,PW123D,PW123D,2,DH8C,,T
DHC8 202 MSA,DH8C,PW123B,PW123B,2,DH8C,,T
DHC8 202Q,DH8B,PW123C,PW123C,2,DH8C,,T
DHC8 202Q,DH8B,PW123D,PW123D,2,DH8C,,T
DHC8 301,DH8C,PW123,PW123,2,DH8C,,T
DHC8 311,DH8C,PW123,PW123,2,DH8C,,T
DHC8 311,DH8C,PW123B,PW123B,2,DH8C,,T
DHC8 311 SCD,DH8C,PW123,PW123,2,DH8C,,T
DHC8 311A,DH8C,PW123,PW123,2,DH8C,,T
DHC8 311B,DH8C,PW121,PW121,2,DH8C,,T
DHC8 311B,DH8C,PW123,PW123,2,DH8C,,T
DHC8 311B,DH8C,PW123B,PW123B,2,DH8C,,T
DHC8 311Q,DH8C,PW123,PW123,2,DH8C,,T
DHC8 311Q,DH8C,PW123B,PW123B,2,DH8C,,T
DHC8 311Q MSA,DH8C,PW123B,PW123B,2,DH8C,,T
DHC8 314,DH8C,PW123,PW123,2,DH8C,,T
DHC8 314,DH8C,PW123B,PW123B,2,DH8C,,T
DHC8 314A,DH8C,PW123B,PW123B,2,DH8C,,T
DHC8 314Q,DH8C,PW123,PW123,2,DH8C,,T
DHC8 314Q,DH8C,PW123B,PW123B,2,DH8C,,T
DHC8 314Q,DH8C,PW123C,PW123C,2,DH8C,,T
DHC8 315,DH8C,PW123,PW123,2,DH8C,,T
DHC8 315,DH8C,PW123B,PW123B,2,DH8C,,T
DHC8 315,DH8C,PW123D,PW123D,2,DH8C,,T
DHC8 315,DH8C,PW123E,PW123E,2,DH8C,,T
DHC8 315B,DH8C,PW123,PW123,2,DH8C,,T
DHC8 315B,DH8C,PW123B,PW123B,2,DH8C,,T
DHC8 315MPA,DH8C,PW123B,PW123B,2,DH8C,,T
DHC8 315Q,DH8C,PW123,PW123,2,DH8C,,T
DHC8 315Q,DH8C,PW123B,PW123B,2,DH8C,,T
DHC8 402Q,DH8D,PW150A,PW150A,2,DH8D,,T
DHC8 402Q AT,DH8D,PW150A,PW150A,2,DH8D,,T
DHC8 402Q PF,DH8D,PW150A,PW150A,2,DH8D,,T
DO228 100,D228,TPE331-5A,TPE331-5-252D,2,D228,,T
DO228 101,D228,TPE331-5A,TPE331-5-252D,2,D228,,T
DO228 200,D228,TPE331-12UA,TPE331-12UAR-701H,2,D228,,T
DO228 200,D228,TPE331-5A,TPE331-5-252D,2,D228,,T
DO228 201,D228,TPE331-12UA,TPE331-12UAR-701H,2,D228,,T
DO228 201,D228,TPE331-5A,TPE331-5-252D,2,D228,,T
DO228 202,D228,TPE331-5A,TPE331-5-252D,2,D228,,T
DO228 202K,D228,TPE331-5A,TPE331-5-252D,2,D228,,T
DO228 212,D228,TPE331-10,UNKNOWN,2,D228,,T
DO228 212,D228,TPE331-10G,TPE331-10GP,2,D228,,T
DO228 212,D228,TPE331-5A,TPE331-5A-252D,2,D228,,T
DO228 212NG,D228,TPE331-5A,TPE331-5A-252D,2,D228,,T
DO28D 1,DO28,IO-540-T4A5D,IGSO-540-A1E,2,DA62,,P
DO28D 2,DO28,IO-540-T4A5D,IGSO-540-A1E,2,DA62,,P
DO328 100,D328,PW119B,PW119B,2,D328,,T
DO328 110,D328,PW119B,PW119B,2,D328,,T
DO328 110,D328,PW119C,PW119C,2,D328,,T
DO328 120,D328,PW119B,PW119B,2,D328,,T
DO328 120,D328,PW119C,PW119C,2,D328,,T
DO328 130,D328,PW119C,PW119C,2,D328,,T
DO328 300 JET,J328,7PW078,PW306B,2,E135,,J
DO328 310 JET,J328,7PW078,PW306B,2,E135,,J
E1000,EPIC,PT6A-67A,PT6A-67A,1,TBM8,,T
E110 111A P 95B,E110,PT6A-34,UNKNOWN,2,D228,,T
E110 P1K C95C,E110,PT6A-34,UNKNOWN,2,D228,,T
EA400,E400,IO-550-B,TSIOL-550-C Voyager,1,PA46,,P
EA500,E500,BIZLIGHTPROP_F,250-B17F/2,1,E500,,T
ECLIPSE 500,EA50,PW610F,PW610F,2,EA50,,J
ELITE,E55P,1AS001,FJ-33-4,2,E55P,,J
EMB110B1,E110,PT6A-27,PT6A-27,2,D228,,T
EMB110C,E110,PT6A-27,PT6A-27,2,D228,,T
EMB110P1,E110,PT6A-34,PT6A-34,2,D228,,T
EMB110P2,E110,PT6A-34,PT6A-34,2,D228,,T
EMB120ER,E120,PW118,PW118,2,E120,,T
EMB120ER,E120,PW118A,PW118A,2,E120,,T
EMB120FC,E120,PW118,PW118,2,E120,,T
EMB120FC,E120,PW118A,PW118A,2,E120,,T
EMB120RT,E120,PW118,PW118,2,E120,,T
EMB120RT F,E120,PW118,PW118,2,E120,,T
EMB121,E121,PT6A-28,PT6A-28,2,MU2,,T
EMB121A,E121,PT6A-135A,PT6A-135,2,MU2,,T
EMB121A1,E121,PT6A-135A,PT6A-135,2,MU2,,T
EMB121AN,E121,PT6A-135A,PT6A-135,2,MU2,,T
EMB135BJ,E35L,01P06AL034,AE3007A3,2,E35L,EMB-135BJ-Legacy600,J
EMB135ER,E135,01P06AL034,AE3007A3,2,E135,EMB-135ER,J
EMB135KL,E135,01P06AL034,AE3007A3,2,E135,EMB-135ER,J
EMB135LR,E135,01P06AL034,AE3007A3,2,E135,EMB-135LR,J
EMB135SL,E135,01P06AL034,AE3007A3,2,E135,EMB-135ER,J
EMB145,E145,01P06AL028,AE3007A1,2,E145,EMB-145ER,J
EMB145EP,E145,01P06AL028,AE3007A1,2,E145,EMB-145ER,J
EMB145EP,E145,4AL003,AE3007A,2,E145,EMB-145ER,J
EMB145ER,E145,4AL003,AE3007A,2,E145,EMB-145ER,J
EMB145EU,E145,01P06AL028,AE3007A1,2,E145,EMB-145ER,J
EMB145EU,E145,4AL003,AE3007A,2,E145,EMB-145ER,J
EMB145LI,E145,01P06AL028,AE3007A1,2,E145,EMB-145ER,J
EMB145LI,E145,01P06AL034,AE3007A3,2,E145,EMB-145ER,J
EMB145LI,E145,4AL003,AE3007A,2,E145,EMB-145ER,J
EMB145LR,E145,01P06AL028,AE3007A1,2,E145,EMB-145LR,J
EMB145LR,E145,4AL003,AE3007A,2,E145,EMB-145LR,J
EMB145LU,E145,01P06AL028,AE3007A1,2,E145,EMB-145LR,J
EMB145MP,E145,01P06AL028,AE3007A1,2,E145,EMB-145ER,J
EMB145MP,E145,4AL003,AE3007A,2,E145,EMB-145ER,J
EMB145MR,E145,4AL003,AE3007A,2,E145,EMB-145ER,J
EMB145RS,E145,01P06AL028,AE3007A1,2,E145,EMB-145ER,J
EMB145RS,E145,01P06AL034,AE3007A3,2,E145,EMB-145ER,J
EMB145RS R99B,E145,4AL003,AE3007A,2,E145,EMB-145ER,J
EMB145SA,E145,01P06AL028,AE3007A1,2,E145,EMB-145ER,J
EMB145SA R99A,E145,4AL003,AE3007A,2,E145,EMB-145ER,J
EMB145XR,E145,01P06AL028,AE3007A1,2,E145,EMB-145LR,J
EMB170 100LR,E170,01P08GE197,CF34-8E5,2,E170,EMB-170AR,J
EMB170 100LR EMB 175,E75L,01P08GE197,CF34-8E5,2,E75L,EMB-175LR,J
EMB170 100SE,E170,01P08GE197,CF34-8E5,2,E170,EMB-170AR,J
EMB170 100ST,E170,01P08GE197,CF34-8E5,2,E170,EMB-170AR,J
EMB170 100STD,E170,01P08GE197,CF34-8E5,2,E170,EMB-170STD,J
EMB170 100SU,E170,01P08GE197,CF34-8E5,2,E170,EMB-170AR,J
EMB170 200LR EMB 175,E75L,01P08GE197,CF34-8E5,2,E75L,EMB-175LR,J
EMB170 200LR LW,E75L,01P08GE197,CF34-8E5,2,E75L,EMB-175LR,J
EMB170 200LR SW,E75L,01P08GE197,CF34-8E5,2,E75L,EMB-175LR,J
EMB170 200STD,E75S,01P08GE197,CF34-8E5,2,E75S,EMB-175STD,J
EMB170 200STD LW,E75L,01P08GE197,CF34-8E5,2,E75L,EMB-175LR,J
EMB170 200STD SW,E75S,01P08GE197,CF34-8E5,2,E75S,EMB-175STD,J
EMB170LR,E170,01P08GE197,CF34-8E5,2,E170,EMB-170LR,J
EMB190,E190,11GE142,CF34-10E,2,E190,EMB-190STD,J
EMB190 100BJ,E190,11GE142,CF34-10E,2,E190,EMB-190STD,J
EMB190 100BJ LINEAGE 1000,E190,11GE142,CF34-10E,2,E190,EMB-190AR,J
EMB190 100IGW,E190,11GE142,CF34-10E,2,E190,EMB-190AR,J
EMB190 100IGW F,E190,CF34-10E,CF34-10E,2,E190,EMB-190STD,J
EMB190 100LR,E190,11GE144,CF34-10E,2,E190,EMB-190LR,J
EMB190 100STD,E190,11GE142,CF34-10E,2,E190,EMB-190STD,J
EMB190 200,E195,11GE144,CF34-10E,2,E195,EMB-195STD,J
EMB190 200LR,E195,11GE144,CF34-10E5A1,2,E195,EMB-195LR,J
EMB190 200LR EMB 195,E195,11GE144,CF34-10E5A1,2,E195,EMB-195LR,J
EMB190 200STD,E195,11GE144,CF34-10E5A1,2,E195,EMB-195STD,J
EMB190 200STD EMB 195,E195,11GE144,CF34-10E5A1,2,E195,EMB-195STD,J
EMB190 300STD,E290,04P20PW200,PW1919G,2,E290,,J
EMB190 400STD,E295,01P20PW191,PW1923G,2,B736,,J
EMB190 400STD,E295,04P20PW200,PW1919G,2,B736,,J
EMB190 LINEAGE 1000,E190,11GE142,CF34-10E,2,E190,EMB-190STD,J
EMB195,E195,11GE144,CF34-10E,2,E195,EMB-195STD,J
EMB195 E2,E295,04P20PW200,PW1919G,2,B736,,J
EPIC LT,EPIC,PT6A-67A,PT6A-67A,1,TBM8,,T
F27 100,F27,RDa.7,DART 532-6,2,F27,,T
F27 200,F27,RDa.7,DART 536-7R,2,F27,,T
F27 200MAR,F27,RDa.7,DART 536-7R,2,F27,,T
F27 400,F27,RDa.7,DART 532-7R,2,F27,,T
F27 400M,F27,RDa.7,UNKNOWN,2,F27,,T
F27 500,F27,RDa.7,DART 532-7,2,F27,,T
F27 500C,F27,RDa.7,DART 536-7,2,F27,,T
F27 500RF,F27,RDa.7,DART 536-7R,2,F27,,T
F27 500RFC,F27,RDa.7,DART 532-7R,2,F27,,T
F27 600,F27,RDa.7,DART 532-7,2,F27,,T
F27 C 31A,F27,RDa.7,UNKNOWN,2,F27,,T
F27M,F27,RDa.7,DART 532-7,2,F27,,T
F28 1000,F28,4RR035,SPEY 555-15,2,F28,,J
F28 1000C,F28,4RR035,SPEY 555-15,2,F28,,J
F28 2000,F28,4RR035,SPEY 555-15,2,F28,,J
F28 3000,F28,4RR035,SPEY 555-15H,2,F28,,J
F28 3000C,F28,4RR035,SPEY 555-15H,2,F28,,J
F28 4000,F28,4RR035,SPEY 555-15P,2,F28,,J
FALCON 10,FA10,1AS001,TFE731-2-1C,2,FA10,,J
FALCON 100,FA10,1AS001,TFE731-2-1C,2,FA10,,J
FALCON 10MER,FA10,1AS001,TFE731-2-1C,2,FA10,,J
FALCON 20 5B,FA20,1AS002,TFE731-5B,2,FA20,,J
FALCON 200,FA20,BIZLIGHTJET_F,ATF3-6A-4C,2,FA20,,J
FALCON 2000,F2TH,BIZMEDIUMJET_F,CFE738-1-1B,2,F2TH,,J
FALCON 2000DX EASY,F2TH,01P07PW146,PW308C,2,F2TH,,J
FALCON 2000EX,F2TH,01P07PW146,PW308C,2,F2TH,,J
FALCON 2000EX EASY,F2TH,01P07PW146,PW308C,2,F2TH,,J
FALCON 2000LX,F2TH,01P07PW146,PW308C,2,F2TH,,J
FALCON 2000S,F2TH,01P07PW146,PW308C,2,F2TH,,J
FALCON 20C,FA20,CF700-2D,CF700-2D2,2,FA20,,J
FALCON 20C 5,FA20,1AS002,TFE731-5AR-2C,2,FA20,,J
FALCON 20D,FA20,CF700-2D,CF700-2D,2,FA20,,J
FALCON 20DC,FA20,CF700-2D,CF700-2D2,2,FA20,,J
FALCON 20E,FA20,1AS002,TFE731-5BR-2C,2,FA20,,J
FALCON 20E,FA20,CF700-2D,CF700-2D2,2,FA20,,J
FALCON 20E 5,FA20,1AS002,TFE731-5BR-2C,2,FA20,,J
FALCON 20ECM,FA20,1AS002,TFE731-5AR-2C,2,FA20,,J
FALCON 20ECM,FA20,CF700-2D,CF700-2D2,2,FA20,,J
FALCON 20EW,FA20,CF700-2D,CF700-2D2,2,FA20,,J
FALCON 20F,FA20,1AS002,TFE731-5AR-2C,2,FA20,,J
FALCON 20F,FA20,CF700-2D,CF700-2D2,2,FA20,,J
FALCON 20F 5,FA20,1AS002,TFE731-5B,2,FA20,,J
FALCON 20F 5B,FA20,1AS002,TFE731-5BR-2C,2,FA20,,J
FALCON 20G,FA20,BIZLIGHTJET_F,ATF3-6-2C,2,FA20,,J
FALCON 20G HU 25A,FA20,BIZLIGHTJET_F,ATF3-6-2C,2,FA20,,J
FALCON 20G HU 25C,FA20,BIZLIGHTJET_F,ATF3-6-2C,2,FA20,,J
FALCON 20G HU 25D,FA20,BIZLIGHTJET_F,ATF3-6-2C,2,FA20,,J
FALCON 20SNA,FA20,CF700-2D,CF700-2C,2,FA20,,J
FALCON 20SP,FA20,CF700-2D,CF700-2C,2,FA20,,J
FALCON 50,FA50,1AS002,TFE731-3-1C,3,FA50,,J
FALCON 50 40,FA50,1AS002,TFE731-40,3,FA50,,J
FALCON 50EX,FA50,1AS002,TFE731-40,3,FA50,,J
FALCON 5X,FA5X,01P22PW141,SILVERCREST,2,GLF2,,J
FALCON 6X,FA6X,01P22PW141,PW814GA,2,GLF5,,J
FALCON 7X,FA7X,03P16PW192,PW307A,3,FA7X,,J
FALCON 8X,FA8X,03P15PW193,PW307D,3,FA7X,,J
FALCON 900,F900,1AS002,TFE731-5AR-1C,3,F900,,J
FALCON 900B,F900,1AS002,TFE731-5BR-1C,3,F900,,J
FALCON 900C,F900,1AS002,TFE731-5BR-1C,3,F900,,J
FALCON 900DX,F900,1AS001,TFE731-60,3,F900,,J
FALCON 900EX,F900,1AS002,TFE731-60-1C,3,F900,,J
FALCON 900EX EASY,F900,1AS002,TFE731-60-1C,3,F900,,J
FALCON 900LX,F900,1AS002,TFE731-60-1C,3,F900,,J
FH227B,F27,RDa.7,UNKNOWN,2,F27,,T
FOKKER 100,F100,1RR020,TAY 620-15,2,F100,F100-620,J
FOKKER 100,F100,3RR031,TAY 650-15,2,F100,F100-650,J
FOKKER 50,F50,PW125B,PW125B,2,F50,,T
FOKKER 50,F50,PW127,PW127,2,F50,,T
FOKKER 50,F50,PW127B,PW127B,2,F50,,T
FOKKER 50 F,F50,PW125B,PW125B,2,F50,,T
FOKKER 50 MARITIME ENFORCER 2S,F50,PW125B,UNKNOWN,2,F50,,T
FOKKER 60 0604MPA,F60,PW127B,PW127B,2,F50,,T
FOKKER 60 604,F60,PW127B,PW127B,2,F50,,T
FOKKER 70,F70,1RR020,TAY 620-15,2,F70,F70-620,J
FOKKER 70ER,F70,1RR020,TAY 620-15,2,F70,F70-620,J
G100,ASTR,1AS002,TFE731-40R-200G,2,G150,,J
G111,U16,Prop>500hp,WRIGHT R-1820-C9HE3,2,S2P,,P
G1159,GLF2,SPEY MK511-8,SPEY 511-8,2,GLF2,,J
G1159 SP,GLF2,SPEY MK511-8,SPEY 511-8,2,GLF2,,J
G1159 SRA 1,GLF3,SPEY MK511-8,SPEY 511-8,2,GLF2,,J
G1159A,GLF3,SPEY MK511-8,SPEY 511-8,2,GLF2,,J
G1159B,GLF3,SPEY MK511-8,SPEY 511-8,2,GLF2,,J
G1159C TP102,GLF4,11RR048,TAY 611-8,2,CRJ9,,J
G1159SP,GLF2,SPEY MK511-8,SPEY 511-8,2,GLF2,,J
G1159TT,GLF2,SPEY MK511-8,SPEY 511-8,2,GLF2,,J
G150,G150,1AS002,TFE731-40R-200G,2,G150,,J
G159 GULFSTREAM I,G159,RDa.7,DART 529-8X,2,AT43,,T
G159F GULFSTREAM I,G159,RDa.7,DART 532-7,2,AT43,,T
G200,GALX,7PW077,PW306A-5,2,HA4T,,J
G21,G21,Prop-500hp,R-985,2,DA62,,P
G21A,G21,Prop-500hp,R-985,2,DA62,,P
G21G,G21,Prop-500hp,R-985,2,DA62,,P
G222 C 27J,G222,PT6A-65B,UNKNOWN,2,F27,,T
G280,G280,01P11HN012,HTF7250G,2,G280,,J
G300,GLF4,11RR048,TAY 611-8,2,CRJ9,,J
G300MPX,GLF4,11RR048,TAY 611-8,2,CRJ9,,J
G350,GLF4,11RR048,TAY 611-8C,2,CRJ9,,J
G400,GLF4,11RR048,TAY 611-8,2,CRJ9,,J
G450,GLF4,11RR048,TAY 611-8C,2,CRJ9,,J
G500,GA5C,01P22PW141,PW814GA,2,GLF5,,J
G500,GLF5,4BR008,BR710-48,2,GLF5,,J
G550,GLF5,4BR008,BR710-48,2,GLF5,,J
G550 AEW,GLF5,4BR008,BR710-48,2,GLF5,,J
G550 C 37B,GLF5,4BR008,BR710-48,2,GLF5,,J
G600,GA6C,01P22PW142,PW815GA,2,GLF5,,J
G650,GLF6,01P11BR016,BR725,2,GLEX,,J
G650 ER,GLF6,01P11BR016,BR725,2,GLEX,,J
G700,GA7C,01P22PW141,Pearl,2,GLEX,,J
G73 TURBO,G73T,PT6A-34,PT6A-34,2,DHC6,,T
GA 8,GA8,IO-540-T4A5D,IO-540-K1A5,1,DA50,,P
GA 8 TC 320,GA8,TIO-540-J2B2,TIO-540-AH1A,1,DA50,,P
GA7,GA7,O-320-E2A,O-320-D1D,2,PA44,,P
GIV,GLF4,11RR048,TAY 611-8,2,CRJ9,,J
GIV SP,GLF4,11RR048,TAY 611-8,2,CRJ9,,J
GIV SP ECM TP102B,GLF4,11RR048,TAY 611-8,2,CRJ9,,J
GLOBAL 5500,GL5T,01P04BR013,BR710A2-20,2,GL5T,,J
GLOBAL 6500,GLEX,01P04BR013,BR710A2-20,2,GLEX,,J
GV,GLF5,4BR008,BR710-48,2,GLF5,,J
GV C 37A,GLF5,4BR008,BR710-48,2,GLF5,,J
GV ECM,GLF5,4BR008,BR710-48,2,GLF5,,J
HAWKER 4000 HORIZON,HA4T,01P07PW145,PW308A,2,HA4T,,J
HAWKER 400XP,BE40,1PW037,JT15D-5,2,BE40,,J
HONDA JET,HDJT,BIZLIGHTJET_F,HF120,2,HDJT,,J
HU 16C G111,U16,Prop>500hp,WRIGHT R-1820-C9HE3,2,S2P,,P
IAI101 201,ARVA,PT6A-34,UNKNOWN,2,DHC6,,T
IAI1121,JCOM,1AS002,CJ610-1,2,H25A,,J
IAI1121B,JCOM,1AS002,CJ610-5,2,H25A,,J
IAI1123,WW23,1AS002,CJ610-9,2,SBR1,,J
IAI1124,WW24,1AS002,TFE731-3-1G,2,SBR1,,J
IAI1124A,WW24,1AS002,TFE731-3-1G,2,SBR1,,J
IAI1125 ASTRA,ASTR,1AS002,TFE731-3B-100G,2,G150,,J
IAI1125SP ASTRA,ASTR,1AS002,TFE731-3C-200G,2,G150,,J
IAI1125SPX ASTRA,ASTR,1AS002,TFE731-3C-200G,2,G150,,J
IAI1126 GALAXY,GALX,7PW077,PW306A-5,2,HA4T,,J
IL18D,IL18,AI-24VT,AI-20M,4,AN12,,T
IL18GRM,IL18,AI-24VT,AI-20M,4,AN12,,T
IL18GRM SCD,IL18,AI-24VT,AI-20M,4,AN12,,T
IL18V,IL18,AI-24VT,AI-20M,4,AN12,,T
IL22,IL18,AI-24VT,AI-20M,4,AN12,,T
IL62M,IL62,1AA003,D30KU,4,DC87,,J
IL62M F,IL62,1AA003,D30KU,4,DC87,,J
IL76 A50,IL76,1AA002,D30KP,4,IL76,,J
IL76M,IL76,1AA002,D30KP,4,IL76,,J
IL76MD,IL76,1AA002,D30KP,4,IL76,,J
IL76MDK,IL76,1AA002,D30KP,4,IL76,,J
IL76T,IL76,1AA002,D30KP,4,IL76,,J
IL76TD,IL76,1AA002,D30KP,4,IL76,,J
IL76TD 90,IL76,1AA002,D30KP,4,IL76,,J
IL76TD 90VD,IL76,13AA006,PS-90A-76,4,IL76,,J
IL78,IL76,1AA002,D30KP2,4,IL76,,J
IL78M,IL76,1AA002,D30KP,4,IL76,,J
IL78MD,IL76,1AA002,D30KP,4,IL76,,J
IL86,IL86,1KK003,NK-86,4,IL86,,J
IL86VKP,IL86,1KK003,NK-86,4,IL86,,J
IL96,IL96,4PW072,PW2337,4,IL96,,J
IL96 300,IL96,13AA006,PS-90A,4,IL96,,J
IL96 300T,IL96,13AA006,PS-90A,4,IL96,,J
IL96 400T,IL96,13AA006,PS-90A,4,IL96,,J
IPTN C212 CC4,C212,TPE331-10A,TPE331-10-501C,2,JS32,,T
JU52 3M,JU52,Prop>500hp,R-1340,3,S2P,,P
JU52 3M G4E,JU52,Prop>500hp,132A3,3,S2P,,P
KC 10A,DC10,3GE073,CF6-50C1,3,DC10,,J
KC 46A PEGASUS B767 2C,B762,12PW102,PW4062,2,B762,B762GE50,J
KC 46A PEGASUS B767 2LK,B762,01P02GE188,CF6-80C2B6F,2,B762,B762GE50,J
KC97L,C97,Prop>500hp,R-4360,4,C30J,,T
KDC10 30CF,DC10,3GE070,CF6-50C,3,DC10,,J
KODIAK 100,K100,PT6A-34,PT6A-34,1,K100,,T
L 100 20,C130,501 D13 alternative 2,501-D22A,4,C130,,T
L 100 30,C130,501 D13 alternative 2,501-D22A,4,C130,,T
L1011 1 F,L101,1RR002,RB211-22B,3,L101,,J
L1011 100,L101,1RR002,RB211-22B,3,L101,,J
L1011 200,L101,1RR005,RB211-524B4,3,L101,,J
L1011 200 F,L101,1RR005,RB211-524B-02,3,L101,,J
L1011 250,L101,1RR005,RB211-524B4,3,L101,,J
L1011 500,L101,1RR005,RB211-524B4,3,L101,,J
L1011 KC1,L101,1RR005,RB211-524,3,L101,,J
L1011 KC2,L101,1RR005,RB211-524,3,L101,,J
L1329 731,L29B,1AS002,TFE731-3,4,CL60,,J
L1329 8,L29A,1AS002,JT12A-8,4,CL60,,J
L1329 II,L29B,1AS002,TFE731-3,4,CL60,,J
L188AF,L188,501 D13 alternative 2,501-D13,4,AN12,,T
L188C,L188,501 D13 alternative 2,501-D13A,4,AN12,,T
L188CF,L188,501 D13 alternative 2,501-D13A,4,AN12,,T
L188PF,L188,501 D13 alternative 2,501-D13A,4,AN12,,T
L200A,L200,Prop-300hp,M337,2,BE76,,P
L200D,L200,Prop-300hp,M337,2,BE76,,P
L382 382C 25D,C130,501 D13 alternative 2,UNKNOWN,4,C130,,T
L382 382C 54E,C130,501 D13 alternative 2,UNKNOWN,4,C130,,T
L382 382C 79E,C130,501 D13 alternative 2,UNKNOWN,4,C130,,T
L382 C 130H,C130,501 D13 alternative 2,UNKNOWN,4,C130,,T
L382E,C130,501 D13 alternative 2,501-D22A,4,C130,,T
L382G,C130,501 D13 alternative 2,501-D22A,4,C130,,T
L382H,C130,501 D13 alternative 2,UNKNOWN,4,C130,,T
L410,L410,TPE331-1,M601D,2,L410,,T
L410FG,L410,TPE331-1,M601D,2,L410,,T
L410MA,L410,PT6A-27,PT6A-27,2,L410,,T
L410MU,L410,TPE331-1,M601B,2,L410,,T
L410NG,L410,TPE331-1,M601E,2,L410,,T
L410T,L410,TPE331-1,M601D,2,L410,,T
L410UVP,L410,TPE331-1,M601E,2,L410,,T
L410UVP E,L410,TPE331-1,M601E,2,L410,,T
L410UVP E10,L410,TPE331-1,M601E,2,L410,,T
L410UVP E12,L410,TPE331-1,M601E,2,L410,,T
L410UVP E13C,L410,TPE331-1,M601E,2,L410,,T
L410UVP E15,L410,TPE331-1,M601D,2,L410,,T
L410UVP E16,L410,TPE331-1,M601E,2,L410,,T
L410UVP E16A,L410,TPE331-1,M601E,2,L410,,T
L410UVP E19A,L410,TPE331-1,M601E,2,L410,,T
L410UVP E2,L410,TPE331-1,M601E,2,L410,,T
L410UVP E20,L410,TPE331-1,M601E,2,L410,,T
L410UVP E20B,L410,TPE331-1,M601E,2,L410,,T
L410UVP E20C,L410,TPE331-1,M601E,2,L410,,T
L410UVP E20D,L410,TPE331-1,M601E,2,L410,,T
L410UVP E20G,L410,TPE331-1,M601E,2,L410,,T
L410UVP E3,L410,TPE331-1,M601E,2,L410,,T
L410UVP E4,L410,TPE331-1,M601E,2,L410,,T
L410UVP E5,L410,TPE331-1,M601E,2,L410,,T
L410UVP E6,L410,TPE331-1,M601E,2,L410,,T
L410UVP E8,L410,TPE331-1,M601E,2,L410,,T
L410UVP E8A,L410,TPE331-1,M601E,2,L410,,T
L410UVP E8B,L410,TPE331-1,M601E,2,L410,,T
L410UVP E8C,L410,TPE331-1,M601E,2,L410,,T
L410UVP E8D,L410,TPE331-1,M601E,2,L410,,T
L410UVP E9D,L410,TPE331-1,M601E,2,L410,,T
L420,L410,TPE331-1,M601F,2,L410,,T
LEARJET 24,LJ24,1AS002,CJ610-4,2,LJ25,,J
LEARJET 24D,LJ24,CJ610-6,CJ610-6,2,LJ25,,J
LEARJET 24E,LJ24,CJ610-6,CJ610-6,2,LJ25,,J
LEARJET 24F,LJ24,CJ610-6,CJ610-6,2,LJ25,,J
LEARJET 24XR,LJ24,CJ610-6,CJ610-6,2,LJ25,,J
LEARJET 25,LJ25,CJ610-6,CJ610-6,2,LJ25,,J
LEARJET 25B,LJ25,CJ610-6,CJ610-6,2,LJ25,,J
LEARJET 25C,LJ25,CJ610-6,CJ610-6,2,LJ25,,J
LEARJET 25D,LJ25,1AS002,CJ610-8A,2,LJ25,,J
LEARJET 31,LJ31,1AS001,TFE731-2-3B,2,BE40,,J
LEARJET 31A,LJ31,1AS001,TFE731-2-3B,2,BE40,,J
LEARJET 35,LJ35,1AS001,TFE731-2-2B,2,LJ35,,J
LEARJET 35A,LJ35,1AS001,TFE731-2-2B,2,LJ35,,J
LEARJET 35A C 21A,LJ35,1AS001,TFE731-2-2B,2,LJ35,,J
LEARJET 35A C 35A,LJ35,1AS001,TFE731-2-2B,2,LJ35,,J
LEARJET 36,LJ35,1AS001,TFE731-2-2B,2,LJ35,,J
LEARJET 36A,LJ35,1AS001,TFE731-2-2B,2,LJ35,,J
LEARJET 40,LJ40,1AS002,TFE731-20AR,2,LJ45,,J
LEARJET 45,LJ45,1AS002,TFE731-20AR,2,LJ45,,J
LEARJET 45XR,LJ45,1AS002,TFE731-20AR,2,LJ45,,J
LEARJET 55,LJ55,1AS002,TFE731-3AR-2B,2,LJ60,,J
LEARJET 55B,LJ55,1AS002,TFE731-3AR-2B,2,LJ60,,J
LEARJET 55C,LJ55,1AS002,TFE731-3AR-2B,2,LJ60,,J
LEARJET 55ER,LJ55,1AS002,TFE731-3AR-2B,2,LJ60,,J
LEARJET 60,LJ60,03P16PW192,PW305A,2,LJ60,,J
LEARJET 60XR,LJ60,03P16PW192,PW305A,2,LJ60,,J
LEARJET 70,LJ70,1AS002,TFE731-40BR,2,LJ75,,J
LEARJET 75,LJ75,1AS002,TFE731-40BR,2,LJ75,,J
LEGACY 450,E545,01P14HN016,HTF7500E,2,E545,,J
LEGACY 500,E550,01P14HN016,HTF7500E,2,E550,,J
LEGACY 600,E35L,01P06AL034,AE3007A3,2,E35L,EMB-135BJ-Legacy600,J
LEGACY 650,E35L,01P06AL034,AE3007A3,2,E35L,EMB-135BJ-Legacy600,J
LEGACY 650,E35L,01P10AL033,AE3007A2,2,E35L,EMB-135BJ-Legacy600,J
LJ45,LJ45,1AS002,UNKNOWN,2,LJ45,,J
LOCKHEED C 121,CONI,Prop>500hp,WRIGHT R-3350,4,C160,,T
M 20 03 MEWA,PA34,TSIO-360C,TSIO-360-KB,2,PA34,,P
M 20 MEWA,PA34,Prop-300hp,F6A-350-C1,2,PA34,,P
M 20 MEWA,PA34,TSIO-360C,TSIO-360-KB,2,PA34,,P
MA60,MA60,PW127,PW127J,2,F27,,T
MC 21 300,A20N,01P22PW175,PW1431G,2,A20N,,J
MC 21 310,A20N,01P22PW175,PW1431G,2,A20N,,J
MD 11 F,MD11,2GE049,CF6-80C2D1F,3,MD11,,J
MD10 10 F,DC10,1GE001,CF6-6D,3,DC10,,J
MD10 10 F,DC10,1GE002,CF6-6D1A,3,DC10,,J
MD10 10 F,DC10,1GE003,CF6-6K,3,DC10,,J
MD10 10CF,DC10,1GE001,CF6-6D,3,DC10,,J
MD10 30CF,DC10,3GE074,CF6-50C2,3,DC10,,J
MD10 30F,DC10,3GE074,CF6-50C2,3,DC10,,J
MD11,MD11,1PW052,PW4462,3,MD11,,J
MD11,MD11,2GE049,CF6-80C2D1F,3,MD11,,J
MD11 F,MD11,1PW052,PW4460,3,MD11,,J
MD11 F,MD11,2GE049,CF6-80C2D1F,3,MD11,,J
MD11C F,MD11,2GE049,CF6-80C2D1F,3,MD11,,J
MD11CF,MD11,1PW052,PW4462,3,MD11,,J
MD11ER,MD11,1PW052,PW4462,3,MD11,,J
MD11ER F,MD11,2GE049,CF6-80C2D1F,3,MD11,,J
MD11F,MD11,1PW052,PW4462,3,MD11,,J
MD11F,MD11,2GE049,CF6-80C2D1F,3,MD11,,J
MD81,MD81,4PW068,JT8D-217,2,MD82,MD808120,J
MD81,MD81,4PW070,JT8D-217C,2,MD82,MD808120,J
MD82,MD82,4PW068,JT8D-217,2,MD82,MD808221,J
MD82,MD82,4PW069,JT8D-217A,2,MD82,MD808221,J
MD82,MD82,4PW070,JT8D-217C,2,MD82,MD808221,J
MD82,MD82,4PW071,JT8D-219,2,MD82,MD808221,J
MD82 F,MD82,4PW070,JT8D-217C,2,MD82,MD808221,J
MD82 SF,MD82,4PW071,JT8D-219,2,MD82,MD808221,J
MD83,MD83,4PW068,JT8D-217,2,MD83,MD808321,J
MD83,MD83,4PW070,JT8D-217C,2,MD83,MD808321,J
MD83,MD83,4PW071,JT8D-219,2,MD83,MD808321,J
MD87,MD87,4PW070,JT8D-217C,2,MD82,MD808720,J
MD87,MD87,4PW071,JT8D-219,2,MD82,MD808720,J
MD88,MD88,4PW070,JT8D-217C,2,MD82,MD808821,J
MD88,MD88,4PW071,JT8D-219,2,MD82,MD808821,J
MD90 30,MD90,1IA002,V2525-D5,2,MD83,,J
MD90 30,MD90,1IA004,V2528-D5,2,MD83,,J
MD90 30ER,MD90,1IA004,V2528-D5,2,MD83,,J
MDC SAIC MD82,MD82,4PW069,JT8D-217A,2,MD82,MD808221,J
MRJ 90 STD,MRJ9,01P22PW169,PW1217G,2,A148,,J
MS760 PARIS II,MS76,BIZLIGHTJET_F,MARBORE VI-C2,2,EA50,,J
MU 2B 20 MU 2F,MU2,TPE331-15AW,TPE331-1-151A,2,MU2,,T
MU 2B 20 MU 2F,MU2,TPE331-6,TPE331-6-251M,2,MU2,,T
MU 2B 25 MU 2K,MU2,TPE331-6,TPE331-6-251M,2,MU2,,T
MU 2B 26 MU 2M,MU2,TPE331-6,TPE331-6-251M,2,MU2,,T
MU 2B 26A MU 2P,MU2,TPE331-10A,TPE331-10-511M,2,MU2,,T
MU 2B 26A MU 2P,MU2,TPE331-5A,TPE331-5-252M,2,MU2,,T
MU 2B 30 MU 2G,MU2,TPE331-15AW,TPE331-1-151A,2,MU2,,T
MU 2B 35 MU 2J,MU2,TPE331-6,TPE331-6-251M,2,MU2,,T
MU 2B 36 MU 2L,MU2,TPE331-6,TPE331-6-251M,2,MU2,,T
MU 2B 36A MU 2N,MU2,TPE331-5A,TPE331-5-252M,2,MU2,,T
MU 2B 60,MU2,TPE331-10A,TPE331-10-511M,2,MU2,,T
MU 2B 60,MU2,TPE331-6,TPE331-6-251M,2,MU2,,T
MU 2C LR 1,MU2,TPE331-2,TPE331-25A,2,MU2,,T
MU300 1,MU30,1PW036,JT15D-4,2,BE40,,J
MU300 1A,MU30,1PW036,JT15D-4D,2,BE40,,J
N24A,NOMA,BIZLIGHTPROP_F,250-B17C,2,BE99,,T
N262A 32,N262,BIZHEAVYPROP_F,BASTAN VII,2,JS41,,T
N262A 42,N262,BIZHEAVYPROP_F,BASTAN VII,2,JS41,,T
N262C 61,N262,BIZHEAVYPROP_F,BASTAN VII,2,JS41,,T
P 3B ORION,P3,T56-A-14,T56-A,4,AN12,,T
P 3C II ORION,P3,T56-A-14,T56-A,4,AN12,,T
P 72A,AT76,PW127,PW127M,2,AT76,ATR72-600,T
P 72B,AT76,PW127,PW127M,2,AT76,ATR72-600,T
P180 AVANTI,P180,PT6A-66,PT6A-66,2,P180,,T
P180 AVANTI II,P180,PT6A-66,PT6A-66B,2,P180,,T
P180 RP 180,P180,PT6A-66,UNKNOWN,2,P180,,T
P2006T,P06T,Rotax 912S,912S3,2,P06T,,P
P2012 TRAVELLER,P212,TIO-540-J2B2,TEO 540C1A,2,C310,,P
P2V 5 P 2E NEPTUNE,P2,Prop>500hp,R-3350-32WA,2,F27,,T
P3 A,P3,T56-A-14,UNKNOWN,4,AN12,,T
P3B ORION,P3,T56-A-14,T56-A,4,AN12,,T
P68,P68,IO-360-A1B6,IO-360-A1B6,2,BE76,,P
P68 OBSERVER,P68,IO-360-A1B6,IO-360-A1B6,2,BE76,,P
P68B,P68,IO-360-A1B6,IO-360-A1B6,2,BE76,,P
P68C,P68,IO-360-A1B6,IO-360-A1B6,2,BE76,,P
P68C OBS2,P68,IO-360-A1B6,IO-360-A1B6,2,BE76,,P
P68C TC,P68,TSIO-360C,TO-360-C1A6D,2,BE76,,P
P68OB2,P68,IO-360-A1B6,IO-360-A1B6,2,BE76,,P
P68OBS,P68,IO-360-A1B6,IO-360-A1B6,2,BE76,,P
P68R,P68,IO-360-A1B6,IO-360-A1B6,2,BE76,,P
PA 46 310P,P46T,PT6A-34,PT6A-34,1,C208,,T
PA 46 310P,PA46,TIO-540-J2B2,T10-540-AE2A,1,PA46,,P
PA 46 310P JETPROP DLX,P46T,PT6A-34,PT6A-34,1,C208,,T
PA 46 350P,P46T,PT6A-34,PT6A-34,1,C208,,T
PA 46 350P,PA46,TIO-540-J2B2,T10-540-AE2A,1,PA46,,P
PA 46 350P JETPROP DLX,P46T,PT6A-34,PT6A-34,1,C208,,T
PA 46 500TP,P46T,PT6A-42,PT6A-42A,1,P46T,,T
PA 46 500TP,PA46,PT6A-42,PT6A-52,1,TBM7,,T
PA 46R 350T,P46T,TIO-540-J2B2,T10-540-AE2A,1,P46T,,T
PA23 150,PA23,O-320-E2A,UNKNOWN,2,DA42,,P
PA23 160,PA23,O-320-E2A,O-320-B2B,2,DA42,,P
PA23 160G,PA23,O-320-E2A,UNKNOWN,2,DA42,,P
PA23 180,PA23,O-360-A3A,O-360-A1D,2,DA42,,P
PA23 250,PA27,IO-540-T4A5D,IO-540-C4B5,2,PA27,,P
PA23 250B,PA27,O-540-J3C5D,O-540-A1D5,2,PA27,,P
PA23 250C,PA27,IO-540-T4A5D,IO-540-C4B4,2,PA27,,P
PA23 250D,PA27,IO-540-T4A5D,IO-540-C4B5,2,PA27,,P
PA23 250E,PA27,IO-540-T4A5D,IO-540-C4B5,2,PA27,,P
PA23 250E,PA27,TIO-540-J2B2,TIO-540-C1A,2,PA27,,P
PA23 250E TURBO,PA27,TIO-540-J2B2,TIO-540-C1A,2,PA27,,P
PA23 250F,PA27,IO-540-T4A5D,IO-540-C4B5,2,PA27,,P
PA30 160,PA30,IO-320-DIAD,IO-320-B1A,2,PA34,,P
PA30 160B,PA30,IO-320-DIAD,IO-320-B1A,2,PA34,,P
PA30 160C,PA30,IO-320-DIAD,IO-320-B1A,2,PA34,,P
PA31,PA31,TIO-540-J2B2,UNKNOWN,2,PA31,,P
PA31 300,PA31,TIO-540-J2B2,TIO-540-A1A,2,PA31,,P
PA31 310,PA31,TIO-540-J2B2,TIO-540-A2C,2,PA31,,P
PA31 310B,PA31,TIO-540-J2B2,TIO-540-A2C,2,PA31,,P
PA31 310C,PA31,TIO-540-J2B2,TIO-540-A2C,2,PA31,,P
PA31 325,PA31,TIO-540-J2B2,TIO-540-A2C,2,PA31,,P
PA31 325 C R,PA31,TIO-540-J2B2,TIO-540-F2BD,2,PA31,,P
PA31 325 COLEMILL PANTHER,PA31,TIO-540-J2B2,TIO-540-J2BD,2,PA31,,P
PA31 325C R,PA31,TIO-540-J2B2,TIO-540-F2BD,2,PA31,,P
PA31 350,PA31,TIO-540-J2B2,TIO-540-J2BD,2,PA31,,P
PA31 350 COLEMILL PANTHER,PA31,TIO-540-J2B2,TIO-540-J2BD,2,PA31,,P
PA31P,PA31,IO-540-T4A5D,TIGO-541-E1A,2,PA31,,P
PA31P 350,PA31,TIO-540-J2B2,TIO-540-V2AD,2,PA31,,P
PA31P 425,PA31,IO-540-T4A5D,TIGO-541-E1A,2,PA31,,P
PA31T I,PAY1,PT6A-11,PT6A-11,2,PAY1,,T
PA31T I,PAY1,PT6A-28,PT6A-28,2,PAY1,,T
PA31T IA,PAY1,PT6A-11,PT6A-11,2,PAY1,,T
PA31T II,PAY2,PT6A-28,PT6A-28,2,PAY2,,T
PA31T II XL,PAY2,PT6A-135A,PT6A-135,2,PAY2,,T
PA34 200,PA34,IO-360-A1B6,IO-360-C1E6,2,PA34,,P
PA34 200,PA34,TSIO-360C,TSIO-360-C1E6,2,PA34,,P
PA34 200T II,PA34,TSIO-360C,TSIO-360-EB,2,PA34,,P
PA34 220T III,PA34,TSIO-360C,TSIO-360-KB,2,PA34,,P
PA34 220T IV,PA34,TSIO-360C,TSIO-360-KB,2,PA34,,P
PA34 220T V,PA34,TSIO-360C,TSIO-360-RB,2,PA34,,P
PA39 C R,PA30,IO-320-DIAD,IO-320-B1A,2,PA34,,P
PA42 1000 400LS,PAY4,TPE331-14B,TPE331-14-801A/B,2,P180,,T
PA42 720 III,PAY3,PT6A-41,PT6A-41,2,PAY3,,T
PA42 720 IIIA,PAY3,PT6A-61,PT6A-61,2,PAY3,,T
PA44 180,PA44,O-360-A3A,O-360-E1A6D,2,PA44,,P
PA44 180,PA44,TSIO-360C,TO-360-E1A6D,2,PA44,,P
PA44 180T,PA44,TSIO-360C,TO-360-E1A6D,2,PA44,,P
PA46-600TP,M600,PT6A-42,PT6A-42A,1,TBM7,,T
PA60 602P,AEST,TIO-540-J2B2,TIO-540-AA1A5,2,BE58,,P
PA60 700P,AEST,TIO-540-J2B2,LTIO-540-U2A,2,BE58,,P
PA600,AEST,IO-540-T4A5D,IO-540-K1F5,2,BE58,,P
PA600A,AEST,IO-540-T4A5D,IO-540-K1J5,2,BE58,,P
PA601,AEST,IO-540-T4A5D,IO-540-P1A5,2,BE58,,P
PA601P,AEST,IO-540-T4A5D,IO-540-S1A5,2,BE58,,P
PAC750,P750,PT6A-34,PT6A-34,1,P750,,T
PBY 5A CATALINA,CAT,Prop>500hp,R-1830-92S,2,S2P,,P
PC12,PC12,PT6A-67B,PT6A-67B,1,PC12,,T
PC12 45,PC12,PT6A-67B,PT6A-67B,1,PC12,,T
PC12 47,PC12,PT6A-67B,PT6A-67B,1,PC12,,T
PC12 47E,PC12,PT6A-67B,PT6A-67B,1,PC12,,T
PC21,PC12,PT6A-68,PT6A-68B,1,PC12,,T
PC24,PC24,1AS001,FJ44-4A,2,C560,,J
PC6 A2 H2,PC6T,PT6A-27,PT6A-27,1,C208,,T
PC6 B1 H2,PC6T,PT6A-20,PT6A-20,1,C208,,T
PC6 B1 H2,PC6T,PT6A-27,PT6A-27,1,C208,,T
PC6 B2 H2,PC6T,PT6A-27,UNKNOWN,1,C208,,T
PC6 B2 H4,PC6T,PT6A-27,PT6A-27,1,C208,,T
PC6 B4 H2,PC6T,PT6A-27,PT6A-27,1,C208,,T
PC7,PC7,PT6A-25C,PT6A-25A,1,C208,,T
PC9B,PC9,PT6A-62,PT6A-62,1,TEX2,,T
PHENOM 100,E50P,PW610F,PW617F,2,E50P,EMB-500,J
PHENOM 300,E55P,PW530,PW535,2,E55P,EMB-505,J
PRAETOR 500,E545,01P14HN016,HTF7500E,2,E545,,J
PRAETOR 600,E550,01P14HN016,HTF7500E,2,E550,,J
PZL MIELEC AN2,AN2,Prop>500hp,ASZ-621R,1,C188,,P
PZL MIELEC AN28,AN28,BIZLIGHTPROP_F,TVD-10B,2,AN28,,T
PZL MIELEC AN28B1R,AN28,BIZLIGHTPROP_F,TVD-10B,2,AN28,,T
PZL MIELEC AN28PT,AN28,PT6A-65B,PT6A-65B,2,AN28,,T
PZL MIELEC AN28TD,AN28,BIZLIGHTPROP_F,TVD-10B,2,AN28,,T
PZL MIELEC AN2R,AN2,Prop>500hp,ASZ-621R,1,C188,,P
PZL MIELEC AN2TP,AN2,Prop>500hp,ASZ-621R,1,C188,,P
PZL MIELEC M28,AN28,PT6A-65B,PT6A-65B,2,AN28,,T
RA 390,PRM1,1AS001,FJ44-2A,2,PRM1,,J
RC500,AC50,O-540-J3C5D,O-540-A2B,2,DA62,,P
RC500A,AC50,Prop-300hp,IO-470-M,2,DA62,,P
RC500S,AC50,IO-540-T4A5D,IO-540-E1B5,2,DA62,,P
RC500U,AC50,IO-540-T4A5D,IO-540-E1A5,2,DA62,,P
RC560,AC56,Prop-300hp,GO-435-C,2,C340,,P
RC680E,AC68,Prop-500hp,GSO-480-B1A6,2,C421,,P
RC680FL,AC6L,IO-540-T4A5D,IGSO-540-B1A,2,C414,,P
RC680FLP,AC6L,Prop-500hp,IO-720-B1A,2,C414,,P
RC680FP,AC68,Prop-500hp,IO-720-B1A,2,C421,,P
RC680V,AC80,TPE331-3U,TPE331-43,2,BE99,,T
RC681,AC80,TPE331-3U,TPE331-43BL,2,BE99,,T
RC685,AC6L,TSIO-520-WB,GTSIO-520K,2,C414,,P
RC690,AC90,TPE331-5A,TPE331-5-251K,2,PAY2,,T
RC690A,AC90,TPE331-5A,TPE331-5-251K,2,PAY2,,T
RC690B,AC90,TPE331-5A,TPE331-5-251K,2,PAY2,,T
RC690C,AC90,TPE331-5A,TPE331-5-254K,2,PAY2,,T
RC690D RC900,AC90,TPE331-5A,TPE331-5-254K,2,PAY2,,T
RC695 GULFSTREAM 1000,AC95,TPE331-10UK,TPE331-10-501K,2,PAY3,,T
RC695A GULFSTREAM 1000A,AC95,TPE331-10UK,TPE331-10-501K,2,PAY3,,T
RC695B GULFSTREAM 1000B,AC95,TPE331-10UK,TPE331-10-501K,2,PAY3,,T
ROMBAC1 11 561RC,BA11,8RR043,SPEY 512-14DW,2,BA11,,J
S 2F 1 TS 2A TRACKER,S2P,Prop>500hp,R-1820,2,S2P,,P
S2 TURBO,S2T,PT6A-67AF,UNKNOWN,2,SH36,,T
SA 226AT MERLIN IVA,SW4,TPE331-3U,TPE331-3U-303G,2,SW4,,T
SA 226AT MERLIN IVA,SW4,TPE331-3W,TPE331-3UW-304G,2,SW4,,T
SA 226T MERLIN III,SW3,TPE331-3U,TPE331-3U-303G,2,MU2,,T
SA 226T MERLIN IIIA,SW3,TPE331-3U,TPE331-3U-303G,2,MU2,,T
SA 226T MERLIN IIIA,SW3,TPE331-3W,TPE331-3UW-303G,2,MU2,,T
SA 226T MERLIN IIIB,SW3,TPE331-10U,TPE331-10U-501H,2,MU2,,T
SA 226T MERLIN IIIB,SW3,TPE331-10UG,TPE331-10U-512G,2,MU2,,T
SA 226TC METRO II,SW4,TPE331-10UA,TPE331-10UA-511G,2,SW4,,T
SA 226TC METRO II,SW4,TPE331-3U,TFE331-3UW-304G,2,SW4,,T
SA 226TC METRO II,SW4,TPE331-3W,TPE331-3UW-303G,2,SW4,,T
SA 227AC METRO III,SW4,TPE331-11U-601G,TPE331-11U-612G,2,SW4,,T
SA 227AT MERLIN IVC,SW4,TPE331-11U-601G,TPE331-11U-611G,2,SW4,,T
SA 227BC METRO III,SW4,TPE331-12,TPE331-12U-701G,2,SW4,,T
SA 227BC METRO III,SW4,TPE331-12UA,TPE331-12UAR-701G,2,SW4,,T
SA 227DC METRO 23,SW4,TPE331-12,TPE331-12U-701G,2,SW4,,T
SA 227DC METRO 23 C 26B,SW4,TPE331-12,TPE331-12U-701G,2,SW4,,T
SA 227TT MERLIN IIIC,SW3,TPE331-10UG,TPE331-10U-513G,2,MU2,,T
SA26AT MERLIN IIB,SW2,TPE331-15AW,TPE331-1-151G,2,BE9L,,T
SAAB 2000,SB20,AE2100A on Saab 2000,GMA2100A,2,SB20,,T
SAAB 340B,SF34,CT7-9B,CT7-9B,2,SF34,,T
SAAB 340B AEW,SF34,CT7-9B,CT7-9B,2,SF34,,T
SAAB 340B F,SF34,CT7-9B,CT7-9B,2,SF34,,T
SAAB 340B QC,SF34,CT7-9B,CT7-9B,2,SF34,,T
SAAB 340B TP100,SF34,CT7-9B,CT7-9B,2,SF34,,T
SAAB 340B TP100C,SF34,CT7-9B,CT7-9B,2,SF34,,T
SABRE 40 TP86,SBR1,1PW037,JT12A-8A,2,SBR1,,J
SABRE 40A,SBR1,1PW037,JT12A-8A,2,SBR1,,J
SABRE 60,SBR1,1PW037,JT12A-8A,2,SBR1,,J
SABRE 65,SBR1,1AS002,TFE731-3R-1D,2,SBR1,,J
SABRE 75A,SBR2,CF700-2D,CF700-2D2,2,SBR1,,J
SABRE CT39A,SBR1,1PW037,J60-P-3,2,SBR1,,J
SABRE CT39G,SBR1,1PW037,JT12A-8A,2,SBR1,,J
SABRE T 39N SABRE 40,SBR1,1PW037,JT12A-8A,2,SBR1,,J
SC5 BELFAST,BELF,BIZHEAVYPROP_F,TYNE 515-101W,4,C130,,T
SC7 3M 400,SC7,TPE331-2,UNKNOWN,2,L410,,T
SC7 SKYVAN 3 100,SC7,TPE331-2,TPE331-2-201A,2,L410,,T
SC7 SKYVAN 3 200,SC7,TPE331-2,TPE331-2-201A,2,L410,,T
SC7 SKYVAN 3A 100,SC7,TPE331-2,TPE331-2-201A,2,L410,,T
SC7 SKYVAN 3M 400,SC7,TPE331-2,TPE331-2-201A,2,L410,,T
SD330 100,SH33,PT6A-45R,PT6A-45R,2,SH36,,T
SD330 100,SH33,PT6A-65R,PT6A-65R,2,SH36,,T
SD330 200 C 23A,SH33,PT6A-45R,PT6A-45R,2,SH36,,T
SD330 200 C 23B,SH33,PT6A-65R,PT6A-65R,2,SH36,,T
SD330 C 23B,SH33,PT6A-45R,UNKNOWN,2,SH36,,T
SD360 100,SH36,PT6A-65AR,PT6A-65AR,2,SH36,,T
SD360 100,SH36,PT6A-65R,PT6A-65R,2,SH36,,T
SD360 100,SH36,PT6A-67R,PT6A-67R,2,SH36,,T
SD360 200,SH36,PT6A-65AR,PT6A-65AR,2,SH36,,T
SD360 200,SH36,PT6A-65R,PT6A-65R,2,SH36,,T
SD360 200,SH36,PT6A-67R,PT6A-67R,2,SH36,,T
SD360 300,SH36,PT6A-67R,PT6A-67R,2,SH36,,T
SD360 C 23B,SH36,PT6A-67R,UNKNOWN,2,SH36,,T
SF340A,SF34,CT7-5A2,CT7-5A2,2,SF34,,T
SF340A F,SF34,CT7-5A2,CT7-5A2,2,SF34,,T
SF340A QC,SF34,CT7-5A2,CT7-5A2,2,SF34,,T
SF50,SF50,1AS001,FJ33,1,SF50,,J
SJ30 2,SJ30,1AS001,FJ44-2A,2,LJ25,,J
SN601 CORVETTE,S601,1PW036,JT15D-4,2,C550,,J
SPN GROB 180,GSPN,1AS001,FJ44-3A,2,C550,,J
SSJ100 95,SU95,01P11PJ003,SaM146-1S17,2,SU95,,J
SSJ100 95B,SU95,01P11PJ003,SaM146-1S17,2,SU95,,J
SSJ100 95LR,SU95,01P11PJ004,SaM146-1S18,2,SU95,,J
SSJ100 95SBJ,SU95,01P11PJ004,SaM146-1S18,2,SU95,,J
TBM 700,TBM7,PT6A-64,PT6A-64,1,TBM7,,T
TBM 700A,TBM7,PT6A-64,PT6A-64,1,TBM7,,T
TBM 700C2,TBM7,PT6A-64,PT6A-64,1,TBM7,,T
TBM 850,TBM8,PT6A-64,PT6A-64,1,TBM8,,T
TBM 900,TBM9,PT6A-64,PT6A-64,1,TBM9,,T
TBM850,TBM7,PT6A-64,PT6A-64,1,TBM7,,T
TBM900,TBM7,PT6A-64,PT6A-64,1,TBM7,,T
TU134A,T134,1AA001,D-30-II,2,T134,,J
TU134A 1,T134,1AA001,D-30-III,2,T134,,J
TU134A 3,T134,1AA001,D-30-III,2,T134,,J
TU134A 3 TU135,T134,1AA001,D-30-III,2,T134,,J
TU134A 3CX,T134,1AA001,D-30-III,2,T134,,J
TU134A 3M,T134,1AA001,D-30-III,2,T134,,J
TU134A TU135,T134,1AA001,D-30-II,2,T134,,J
TU134AK,T134,1AA001,D-30-II,2,T134,,J
TU134B 3,T134,1AA001,D-30-III,2,T134,,J
TU134B 3M,T134,1AA001,D-30-III,2,T134,,J
TU154B1,T154,1KK001,NK8-2U,3,T154,,J
TU154B2,T154,1KK001,NK8-2U,3,T154,,J
TU154M,T154,1AA004,D30KU-154-II,3,T154,,J
TU154M LK1,T154,1AA004,D30KU-154-II,3,T154,,J
TU204,T204,13AA006,PS-90AT,2,T204,,J
TU204 100,T204,13AA006,PS-90AT,2,T204,,J
TU204 100C,T204,13AA006,PS-90AT,2,T204,,J
TU204 100CE,T204,13AA008,PS-90A2,2,T204,,J
TU204 120,T204,13AA006,PS-90AT,2,T204,,J
TU204 120,T204,5RR038,RB211-535E4,2,T204,,J
TU204 120C,T204,13AA006,PS-90AT,2,T204,,J
TU204 120E,T204,13AA006,PS-90AT,2,T204,,J
TU204 200C3 TU 214,T204,13AA006,PS-90AT,2,T204,,J
TU204 300,T204,13AA006,PS-90AT,2,T204,,J
TU214,T204,13AA006,PS-90AT,2,T204,,J
TU234,T204,13AA006,PS-90AT,2,T204,,J
VC 130H,C130,501 D13 alternative 2,501-D22A,4,C130,,T
VC 130H,C130,T56-A-15,T56A-15,4,C130,,T
VC 135B,R135,1CM001,UNKNOWN,4,DC87,,J
VC 99C EMB135BJ,E35L,01P06AL034,AE3007A3,2,E35L,EMB-135BJ-Legacy600,J
VC10 C1 1106,VC10,1PW002,UNKNOWN,4,B703,,J
VC10 C1K,VC10,1PW002,UNKNOWN,4,B703,,J
VC25A B747,B74R,2GE041,CF6-80C2B1,4,B742,,J
VFW614,VF14,1RR001,M45H MK.501,2,E135,,J
WP3D ORION,P3,T56-A-15,T56-A,4,AN12,,T
Y11,Y11,IO-550-B,TSIO-550-B,2,C414,,P
Y5,AN2,Prop>500hp,HS-5,1,C188,,P
Y7 100,AN24,BIZHEAVYPROP_F,WJ-5A-1,2,AN24,,T
Y7 100C,AN24,BIZHEAVYPROP_F,WJ-5A-1,2,AN24,,T
Y7H,AN24,BIZHEAVYPROP_F,WJ-5A-1,2,AN24,,T
Y8,AN12,AI-24VT,AI-20M,4,AN12,,T
Y8F 200W,AN12,BIZHEAVYPROP_F,WJ-6,4,AN12,,T
YAK 40,YK40,AI-24VT,AI-25,3,YK40,,J
YAK 40D,YK40,AI-24VT,AI-25,3,YK40,,J
YAK 40K,YK40,AI-24VT,AI-25,3,YK40,,J
YAK 42,YK42,1ZM001,D-36,3,YK42,,J
YAK 42 100,YK42,1ZM001,D-36,3,YK42,,J
YAK 42D,YK42,1ZM001,D-36,3,YK42,,J
