ACFT_SERIES,ICAO,ENG_TYPE,NB_ENG,BADA3,BADA4,BADA_TYPE,ENGINE_ID
A300B2 103,A30B,CF6-50C,2,A30B,A300B4-203,J,3GE070
A300B2 1C,A30B,CF6-50C2,2,A30B,A300B4-203,J,3GE074
A300B2 203,A30B,CF6-50C2,2,A30B,A300B4-203,J,3GE074
A300B2 2C,A30B,CF6-50C2,2,A30B,A300B4-203,J,3GE074
A300B2K 3C,A30B,CF6-50C2,2,A30B,A300B4-203,J,3GE074
A300B4 103,A30B,CF6-50C2,2,A30B,A300B4-203,J,3GE074
A300B4 103 F,A30B,CF6-50C2,2,A30B,A300B4-203,J,3GE074
A300B4 203,A30B,CF6-50C2,2,A30B,A300B4-203,J,3GE074
A300B4 203 F,A30B,CF6-50C2,2,A30B,A300B4-203,J,3GE074
A300B4 601,A306,CF6-80C2A1,2,A306,A300B4-601,J,2GE036
A300B4 603,A306,CF6-80C2A3,2,A306,A300B4-601,J,2GE038
A300B4 605R,A306,CF6-80C2A5,2,A306,A300B4-601,J,2GE039
A300B4 605R F,A306,CF6-80C2A5,2,A306,A300B4-601,J,2GE039
A300B4 608ST,A3ST,CF6-80C2A8,2,A3ST,A300B4-608ST,J,2GE040
A300B4 620,A306,JT9D-7R4H1,2,A306,A300B4-622,J,1PW030
A300B4 622 F,A306,PW4158,2,A306,A300B4-622,J,1PW048
A300B4 622R,A306,PW4158,2,A306,A300B4-622,J,1PW048
A300B4 622R F,A306,PW4158,2,A306,A300B4-622,J,1PW048
A300C4 203 F,A30B,CF6-50C2,2,A30B,A300B4-203,J,3GE074
A300C4 605F,A306,CF6-80C2A5F,2,A306,A300B4-601,J,3GE056
A300C4 620,A306,JT9D-7R4H1,2,A306,A300B4-622,J,1PW030
A300F4 203,A30B,CF6-50C2,2,A30B,A300B4-203,J,3GE074
A300F4 605R,A306,CF6-80C2A5F,2,A306,A300B4-601,J,3GE056
A300F4 622R,A306,PW4158,2,A306,A300B4-622,J,1PW048
A310 203,A310,CF6-80A3,2,A310,A310-204,J,1GE013
A310 203 F,A310,CF6-80A3,2,A310,A310-204,J,1GE013
A310 204,A310,CF6-80C2A2,2,A310,A310-204,J,2GE037
A310 221 F,A310,JT9D-7R4D1,2,A310,A310-222,J,1PW026
A310 222,A310,JT9D-7R4E1,2,A310,A310-222,J,1PW027
A310 222 F,A310,JT9D-7R4E1,2,A310,A310-222,J,1PW027
A310 304,A310,CF6-80C2A2,2,A310,A310-308,J,2GE037
A310 304 F,A310,CF6-80C2A2,2,A310,A310-308,J,2GE037
A310 304ET,A310,CF6-80C2A2,2,A310,A310-308,J,2GE037
A310 304MRTT,A310,CF6-80C2A2,2,A310,A310-308,J,2GE037
A310 308,A310,CF6-80C2A2,2,A310,A310-308,J,2GE037
A310 308 F,A310,CF6-80C2A8,2,A310,A310-308,J,2GE040
A310 322,A310,JT9D-7R4E1,2,A310,A310-322,J,1PW027
A310 322ET,A310,JT9D-7R4E1,2,A310,A310-322,J,1PW027
A310 324,A310,PW4152,2,A310,A310-324,J,1PW045
A310 324 F,A310,PW4152,2,A310,A310-324,J,1PW045
A310 324ET,A310,PW4152,2,A310,A310-324,J,1PW045
A310 324ET F,A310,PW4152,2,A310,A310-324,J,1PW045
A310 325,A310,PW4156A,2,A310,A310-324,J,1PW047
A310 325ET,A310,PW4156A,2,A310,A310-324,J,1PW047
A318 111,A318,CFM56-5B8/P,2,A318,A318-112,J,7CM048
A318 111 ELITE,A318,CFM56-5B8/P,2,A318,A318-112,J,7CM048
A318 112,A318,CFM56-5B8/P,2,A318,A318-112,J,7CM048
A318 112 ELITE,A318,CFM56-5B8/P,2,A318,A318-112,J,7CM048
A318 121,A318,PW6122,2,A318,A318-112,J,7PW083
A318 122,A318,PW6124A,2,A318,A318-112,J,7PW084
A319 111,A319,CFM56-5B5/P,2,A319,A319-114,J,3CM027
A319 112,A319,CFM56-5B6/P,2,A319,A319-114,J,3CM028
A319 112 SL,A319,CFM56-5B6/P,2,A319,A319-114,J,3CM028
A319 112X,A319,CFM56-5B5/P,2,A319,A319-114,J,3CM027
A319 113,A319,CFM56-5A4,2,A319,A319-114,J,4CM035
A319 114,A319,CFM56-5A5,2,A319,A319-114,J,4CM036
A319 115,A319,CFM56-5B7/P,2,A319,A319-114,J,6CM044
A319 115 SL,A319,CFM56-5B6/P,2,A319,A319-114,J,3CM028
A319 115LR,A319,CFM56-5B7/P,2,A319,A319-114,J,6CM044
A319 115X,A319,CFM56-5B5/P,2,A319,A319-114,J,3CM027
A319 115X SL,A319,CFM56-5B7/P,2,A319,A319-114,J,6CM044
A319 131,A319,V2522-A5,2,A319,A319-131,J,3IA006
A319 132,A319,V2524-A5,2,A319,A319-131,J,3IA007
A319 132 SL,A319,V2524-A5,2,A319,A319-131,J,3IA007
A319 132LR,A319,V2522-A5,2,A319,A319-131,J,3IA006
A319 132X,A319,V2524-A5,2,A319,A319-131,J,3IA007
A319 133,A319,V2527M-A5,2,A319,A319-131,J,8IA009
A319 133 SL,A319,V2527M-A5,2,A319,A319-131,J,8IA009
A319 133LR,A319,V2527-A5,2,A319,A319-131,J,1IA003
A319 133X,A319,V2527-A5,2,A319,A319-131,J,1IA003
A319 153N,A19N,LEAP-1A26,2,A20N,,J,01P20CM128
A319 153N CJ,A19N,LEAP-1A26,2,A20N,,J,01P20CM128
A320 111,A320,CFM56-5A1,2,A320,A320-212,J,1CM008
A320 211,A320,CFM56-5A1,2,A320,A320-212,J,1CM008
A320 211 SL,A320,CFM56-5A3,2,A320,A320-212,J,1CM009
A320 212,A320,CFM56-5A3,2,A320,A320-212,J,1CM009
A320 214,A320,CFM56-5B4/P,2,A320,A320-214,J,3CM026
A320 214 SL,A320,CFM56-5B4/P,2,A320,A320-214,J,3CM026
A320 214X,A320,CFM56-5B4/P,2,A320,A320-214,J,3CM026
A320 214X SL,A320,CFM56-5B4/P,2,A320,A320-214,J,3CM026
A320 216,A320,CFM56-5B6/P,2,A320,A320-214,J,3CM028
A320 216 SL,A320,CFM56-5B6/P,2,A320,A320-214,J,3CM028
A320 231,A320,V2500-A1,2,A320,A320-231,J,1IA001
A320 232,A320,V2527-A5,2,A320,A320-232,J,1IA003
A320 232 P2F,A320,V2527-A5,2,A320,A320-232,J,1IA003
A320 232 SL,A320,V2527-A5,2,A320,A320-232,J,1IA003
A320 232X,A320,V2527-A5,2,A320,A320-232,J,1IA003
A320 232X SL,A320,V2527-A5,2,A320,A320-232,J,1IA003
A320 233,A320,V2527E-A5,2,A320,A320-232,J,8IA010
A320 233 SL,A320,V2527E-A5,2,A320,A320-232,J,8IA010
A320 251N,A20N,LEAP-1A26,2,A20N,A320-271N,J,01P20CM128
A320 251N ACJ,A20N,LEAP-1A26,2,A20N,A320-271N,J,01P20CM128
A320 252N,A20N,LEAP-1A24,2,A20N,A320-271N,J,01P20CM127
A320 271N,A20N,PW1127G-JM,2,A20N,A320-271N,J,01P22PW163
A320 272N,A20N,PW1124G-JM,2,A20N,A320-271N,J,01P22PW160
A321 111,A321,CFM56-5B1,2,A321,A321-111,J,2CM012
A321 112,A321,CFM56-5B2,2,A321,A321-111,J,2CM013
A321 131,A321,V2530-A5,2,A321,A321-131,J,1IA005
A321 211,A321,CFM56-5B3/P,2,A321,A321-111,J,3CM025
A321 211 P2F,A321,CFM56-5B3/P,2,A321,A321-111,J,3CM025
A321 211 PCF,A321,CFM56-5B3/P,2,A321,A321-111,J,3CM025
A321 211 SL,A321,CFM56-5B3/P,2,A321,A321-111,J,3CM025
A321 212,A321,CFM56-5B1/2P,2,A321,A321-111,J,3CM020
A321 213,A321,CFM56-5B2,2,A321,A321-111,J,2CM013
A321 213 SL,A321,CFM56-5B2,2,A321,A321-111,J,2CM013
A321 231,A321,V2533-A5,2,A321,A321-131,J,3IA008
A321 231 P2F,A321,V2533-A5,2,A321,A321-131,J,3IA008
A321 231 PCF,A321,V2533-A5,2,A321,A321-131,J,3IA008
A321 231 SL,A321,V2533-A5,2,A321,A321-131,J,3IA008
A321 232,A321,V2530-A5,2,A321,A321-131,J,1IA005
A321 232 PCF,A321,V2530-A5,2,A321,A321-131,J,1IA005
A321 232 SL,A321,V2530-A5,2,A321,A321-131,J,1IA005
A321 251N,A21N,LEAP-1A32,2,A21N,,J,01P20CM132
A321 251NX,A21N,LEAP-1A32,2,A21N,,J,01P20CM132
A321 251NX LR,A21N,LEAP-1A32,2,A21N,,J,01P20CM132
A321 251NY XLR,A21N,LEAP-1A32,2,A21N,,J,01P20CM132
A321 252NX,A21N,LEAP-1A30,2,A21N,,J,01P20CM132
A321 253N,A21N,LEAP-1A33,2,A21N,,J,01P20CM132
A321 253NX,A21N,LEAP-1A33,2,A21N,,J,01P20CM132
A321 253NX LR,A21N,LEAP-1A33,2,A21N,,J,01P20CM132
A321 253NY XLR,A21N,LEAP-1A32,2,A21N,,J,01P20CM132
A321 271N,A21N,PW1133G-JM,2,A21N,,J,01P22PW167
A321 271NX,A21N,PW1133G-JM,2,A21N,,J,01P22PW167
A321 271NXLR,A21N,PW1133G-JM,2,A21N,,J,01P22PW167
A321 272N,A21N,PW1130G-JM,2,A21N,,J,01P22PW165
A321 272NX,A21N,PW1130G-JM,2,A21N,,J,01P22PW165
A330 201,A332,CF6-80E1A2,2,A332,A330-203,J,2GE051
A330 201 MRTT,A332,CF6-80E1A2,2,A332,A330-203,J,2GE051
A330 202,A332,CF6-80E1A4,2,A332,A330-203,J,4GE081
A330 202 P2F,A332,CF6-80E1A3,2,A332,A330-203,J,5GE085
A330 202MRTT,A332,CF6-80E1A3,2,A332,A330-203,J,5GE085
A330 203,A332,CF6-80E1A3,2,A332,A330-203,J,5GE085
A330 203MRTT,A332,CF6-80E1A3,2,A332,A330-203,J,5GE085
A330 223,A332,PW4168A,2,A332,A330-223,J,7PW082
A330 223F,A332,PW4168A,2,A332,A330-223,J,7PW082
A330 243,A332,TRENT 772B-60,2,A332,A330-243,J,01P14RR102
A330 243 F,A332,TRENT 772B-60,2,A332,A330-243,J,01P14RR102
A330 243 MRTT,A332,TRENT 772B-60,2,A332,A330-243,J,01P14RR102
A330 243 P2F,A332,TRENT 772B-60,2,A332,A330-243,J,01P14RR102
A330 243F,A332,PW4168A,2,A332,A330-223,J,7PW082
A330 243MRTT,A332,CF6-80E1A3,2,A332,A330-223,J,5GE085
A330 301,A333,CF6-80E1A2,2,A333,A330-301,J,2GE051
A330 302,A333,CF6-80E1A2,2,A333,A330-301,J,2GE051
A330 303,A333,CF6-80E1A2,2,A333,A330-301,J,2GE051
A330 321,A333,PW4164,2,A333,A330-321,J,7PW081
A330 322,A333,PW4168,2,A333,A330-321,J,5PW075
A330 322 F,A333,PW4168,2,A333,A330-321,J,5PW075
A330 323,A333,PW4168A,2,A333,A330-321,J,7PW082
A330 323X,A333,PW4168-1D,2,A333,A330-321,J,9PW093
A330 341,A333,TRENT 668,2,A333,A330-341,J,01P14RR101
A330 342,A333,TRENT 772-60,2,A333,A330-341,J,01P14RR102
A330 343,A333,TRENT 772B-60,2,A333,A330-341,J,01P14RR102
A330 343 P2F,A333,TRENT 772B-60,2,A333,A330-341,J,01P14RR102
A330 343E,A333,TRENT 772B-60,2,A333,A330-341,J,01P14RR102
A330 743L,A337,TRENT 772B-60,2,A3ST,A300B4-608ST,J,01P14RR102
A330 841,A338,TRENT 7000-72,2,A339,,J,04P24RR146
A330 941,A339,TRENT 7000-72,2,A339,,J,04P24RR146
A340 211,A342,CFM56-5C2,4,A342,A340-213,J,1CM010
A340 212,A342,CFM56-5C3,4,A342,A340-213,J,1CM011
A340 213,A342,CFM56-5C2,4,A342,A340-213,J,1CM010
A340 311,A343,CFM56-5C2,4,A343,A340-313,J,1CM010
A340 312,A343,CFM56-5C3/F,4,A343,A340-313,J,7CM046
A340 313,A343,CFM56-5C4,4,A343,A340-313,J,2CM015
A340 313E,A343,CFM56-5C4/P,4,A343,A340-313,J,7CM047
A340 541,A345,TRENT 553,4,A345,A340-541,J,8RR044
A340 542,A345,TRENT 556,4,A345,A340-541,J,8RR045
A340 642,A346,TRENT 556-61,4,A346,A340-642,J,8RR045
A340 642 HGW,A346,TRENT 556-61,4,A346,A340-642,J,8RR045
A340 642HGW,A346,TRENT 556-61,4,A346,A340-642,J,8RR045
A350 1041,A35K,TRENT XWB-97,2,A35K,,J,01P21RR125
A350 941,A359,TRENT XWB-84,2,A359,A350-941,J,01P18RR124
A350 941 CJ,A359,TRENT XWB-84,2,A359,A350-941,J,01P18RR124
A350 941 ULR,A359,TRENT XWB-84,2,A359,A350-941,J,01P18RR124
A350 942,A359,TRENT XWB-84,2,A359,A350-941,J,01P18RR124
A380 841,A388,TRENT 970-84,4,A388,A380-841,J,01P18RR103
A380 842,A388,TRENT 970-84,4,A388,A380-841,J,01P18RR103
A380 861,A388,GP7270,4,A388,A380-861,J,9EA001
ACJ320 251N,A20N,LEAP-1A26,2,A20N,A320-271N,J,01P20CM128
AIRBUS ACJ TWOTWENTY,BCS1,PW1524G,2,B736,,J,04P20PW196
AN124,A124,D-18T,4,A124,,J,1ZM001
AN124 100,A124,D-18T,4,A124,,J,1ZM001
AN124 100M,A124,D-18T,4,A124,,J,1ZM001
AN124 100M 150,A124,D-18T,4,A124,,J,1ZM001
AN148,A148,D-436-148,2,A148,,J,13ZM004
AN148 100B,A148,D-436-148,2,A148,,J,13ZM004
AN148 100E,A148,D-436-148,2,A148,,J,13ZM004
AN158,A148,D-436-148,2,A148,,J,13ZM004
AN178,A178,D-436-148FM,2,E190,,J,13ZM003
AN225,A225,D-18T,6,A124,,J,1ZM001
AN72,AN72,D-36,2,F28,,J,1ZM001
AN72 100,AN72,D-36-2A,2,F28,,J,1ZM001
AN74,AN72,D-36,2,F28,,J,1ZM001
AN74 200,AN72,D-36-3A,2,F28,,J,1ZM001
AN74T,AN72,D-36,2,F28,,J,1ZM001
AN74T 100,AN72,D-36,2,F28,,J,1ZM001
AN74TK 200,AN72,D-36-3A,2,F28,,J,13ZM002
AN74TK 200A,AN72,D-36-3A,2,F28,,J,13ZM002
AN74TK 300,A743,D-36-3A,2,F28,,J,13ZM002
AN74TK 300D,A743,D-36-3A,2,F28,,J,13ZM002
ARJ21 700,AJ27,CF34-10A,2,A148,,J,01P11GE202
B707 138B,B701,JT3D-1/Q,4,B703,,J,1PW001
B707 307C,B703,JT3D-3BQ,4,B703,,J,1PW001
B707 321B Q,B703,JT3D-1/Q,4,B703,,J,1PW001
B707 321C,B703,JT3D-3BQ,4,B703,,J,1PW001
B707 323C,B703,JT3D-3BQ,4,B703,,J,1PW001
B707 324C,B703,JT3D-3BQ,4,B703,,J,1PW001
B707 330B,B703,JT3D-7/Q,4,B703,,J,1PW002
B707 331B,B703,JT3D-3B,4,B703,,J,1PW001
B707 331C,B703,JT3D-3B,4,B703,,J,1PW001
B707 338C,B703,JT3D-3B,4,B703,,J,1PW001
B707 340C,B703,JT3D-3B,4,B703,,J,1PW001
B707 344C,B703,JT3D-7,4,B703,,J,1PW002
B707 345C,B703,UNKNOWN,4,B703,,J,1PW001
B707 351C KC135A,K35E,UNKNOWN,4,B703,,J,1CM002
B707 366C,B703,JT3D-7/Q,4,B703,,J,1PW002
B707 368C,B703,JT3D-3B,4,B703,,J,1PW001
B707 373C,B703,JT3D-3B,4,B703,,J,1PW001
B707 384C,B703,UNKNOWN,4,B703,,J,1PW001
B707 386C,B703,JT3D-3B,4,B703,,J,1PW001
B707 387B F,B703,JT3D-3B,4,B703,,J,1PW001
B707 3J6B,B703,JT3D-7/Q,4,B703,,J,1PW002
B707 3J6C,B703,JT3D-7/Q,4,B703,,J,1PW002
B707 3J9C,B703,UNKNOWN,4,B703,,J,1PW001
B707 3K1C,B703,JT3D-3B/Q,4,B703,,J,1PW001
B707 3L6B,B703,JT3D-7/Q,4,B703,,J,1PW002
B707 3L6C,B703,JT3D-7/Q,4,B703,,J,1PW002
B707 3M1C,B703,JT3D-3B,4,B703,,J,1PW001
B707 3P1C,B703,JT3D-3B/7Q,4,B703,,J,1PW001
B707 3W6C,B703,JT3D-3BQ,4,B703,,J,1PW001
B707 E 3D AEW 1,E3CF,UNKNOWN,4,DC87,,J,1CM001
B707 E3A,E3CF,UNKNOWN,4,DC87,,J,1CM001
B707 E3D,E3CF,UNKNOWN,4,DC87,,J,1CM001
B707 E6A,E6,UNKNOWN,4,DC87,,J,1PW001
B707 E8B,B703,JT3D-3BQ,4,B703,,J,1PW001
B707 E8C,B703,JT3D-3B,4,B703,,J,1PW001
B707 KC 135E,K35E,UNKNOWN,4,B703,,J,1CM001
B707 KC 135R,K35R,UNKNOWN,4,B703,,J,1CM001
B707 RC 135W,K35E,CFM56,4,B703,,J,1CM001
B707 TC 135B,B701,UNKNOWN,4,B703,,J,1CM001
B717 22K,B712,BR715,2,B712,B712HGW21,J,4BR005
B717 231,B712,BR715,2,B712,B712HGW21,J,4BR005
B717 23S,B712,BR715,2,B712,B712HGW21,J,4BR005
B717 2BL,B712,BR715A,2,B712,B712HGW21,J,4BR005
B717 2CM,B712,BR715,2,B712,B712HGW21,J,4BR005
B717 2K9,B712,BR715,2,B712,B712HGW21,J,4BR005
B727 108C RE,B721,TAY 651-54,3,B722,,J,3RR032
B727 109,B721,JT8D-7,3,B722,,J,8PW085
B727 14,B721,JT8D-7,3,B722,,J,8PW085
B727 17 RE,B721,JT8D-217C2/17A1,3,B722,,J,4PW070
B727 173C RE,B721,TAY 651-54,3,B722,,J,3RR032
B727 180C RE,B721,TAY 651-54,3,B722,,J,3RR032
B727 185C RE,B721,TAY 651-54,3,B722,,J,3RR032
B727 1A7C RE,B721,TAY 651-54,3,B722,,J,3RR032
B727 1H2 RE,B721,JT8D-217C2/9A1,3,B722,,J,4PW070
B727 21,B721,JT8D-7B/Q,3,B722,,J,8PW085
B727 212,B722,JT8D-17/Q,3,B722,,J,1PW012
B727 212 ADV,B722,JT8D-17A/Q,3,B722,,J,1PW014
B727 212 RE,B722,JT8D-217C2/17A1,3,B722,,J,4PW070
B727 212 RE ADV,B722,JT8D-217C2/17A1,3,B722,,J,4PW070
B727 22,B722,JT8D-7B/Q,3,B722,,J,8PW085
B727 22 F,B722,JT8D-7B/Q,3,B722,,J,8PW085
B727 22 RE,B722,JT8D-217C217A1,3,B722,,J,4PW070
B727 221 F,B722,JT8D-17R/Q,3,B722,,J,1PW016
B727 221 RE ADV,B722,JT8D-217C2/17A1,3,B722,,J,4PW070
B727 222 F,B722,JT8D-15,3,B722,,J,1PW009
B727 223 ADV,B722,JT8D-9A/Q,3,B722,,J,1PW006
B727 223 F ADV,B722,JT8D-9A/Q,3,B722,,J,1PW006
B727 225,B722,JT8D-15,3,B722,,J,1PW009
B727 225 F,B722,JT8D-15,3,B722,,J,1PW009
B727 225 F ADV,B722,JT8D-15,3,B722,,J,1PW009
B727 227 F ADV,B722,JT8D-17R,3,B722,,J,1PW016
B727 228 ADV,B722,JT8D-15A,3,B722,,J,1PW011
B727 22C,B722,JT8D-7B/Q,3,B722,,J,8PW085
B727 22C QF,B722,TAY 651-54,3,B722,,J,3RR032
B727 22C RE,B722,TAY 651-54,3,B722,,J,3RR032
B727 23,B722,JT8D-7B,3,B722,,J,8PW085
B727 23 Q,B722,TAY 651-54,3,B722,,J,3RR032
B727 230,B722,JT8D-15,3,B722,,J,1PW009
B727 230 ADV,B722,JT8D-15/Q,3,B722,,J,1PW009
B727 230 F ADV,B722,JT8D-15/Q,3,B722,,J,1PW009
B727 232,B722,JT8D-15/Q,3,B722,,J,1PW009
B727 232 ADV,B722,JT8D-15,3,B722,,J,1PW009
B727 233 F ADV,B722,JT8D-15,3,B722,,J,1PW009
B727 235,B722,JT8D-7B,3,B722,,J,8PW085
B727 243 ADV,B722,JT8D-15,3,B722,,J,1PW009
B727 247,B722,JT8D-15,3,B722,,J,1PW009
B727 251,B722,JT8D-15,3,B722,,J,1PW009
B727 256 ADV,B722,JT8D-9,3,B722,,J,1PW006
B727 25C,B722,JT8D-7B/Q,3,B722,,J,8PW085
B727 25C RE,B722,TAY 651-54,3,B722,,J,3RR032
B727 260 F ADV,B722,JT8D-17R/Q,3,B722,,J,1PW016
B727 264 ADV,B722,JT8D-17R,3,B722,,J,1PW016
B727 264 F ADV,B722,JT8D-17R/Q,3,B722,,J,1PW016
B727 269 ADV,B722,JT8D-17R,3,B722,,J,1PW016
B727 276 ADV,B722,JT8D-9/Q,3,B722,,J,1PW006
B727 281 F ADV,B722,JT8D-17/Q,3,B722,,J,1PW012
B727 281 RE,B722,JT8D-217C2/17A1,3,B722,,J,4PW070
B727 282,B722,JT8D-17/Q,3,B722,,J,1PW012
B727 286,B722,JT8D-15,3,B722,,J,1PW009
B727 294 ADV,B722,JT8D-17,3,B722,,J,1PW012
B727 2B7,B722,JT8D-17A,3,B722,,J,1PW014
B727 2D6 ADV,B722,JT8D-15,3,B722,,J,1PW009
B727 2F2 ADV,B722,JT8D-15,3,B722,,J,1PW009
B727 2F2 F ADV,B722,JT8D-15,3,B722,,J,1PW009
B727 2H9 ADV,B722,JT8D-9A,3,B722,,J,1PW006
B727 2J4 ADV,B722,JT8D-7B,3,B722,,J,8PW085
B727 2K5 ADV,B722,JT8D-17,3,B722,,J,1PW012
B727 2L5 ADV,B722,JT8D-15,3,B722,,J,1PW009
B727 2L8 ADV,B722,JT8D-15,3,B722,,J,1PW009
B727 2M1 RE ADV,B722,JT8D-217C2/17A1,3,B722,,J,4PW070
B727 2M7 ADV,B722,JT8D-17R,3,B722,,J,1PW016
B727 2M7 RE ADV,B722,JT8D-217C2/17A1,3,B722,,J,4PW070
B727 2N6 RE ADV,B722,JT8D-217C2/17A1,3,B722,,J,4PW070
B727 2N8 ADV,B722,JT8D-17R,3,B722,,J,1PW016
B727 2P1 RE ADV,B722,JT8D-217C2/17A1,3,B722,,J,4PW070
B727 2Q9 F ADV,B722,JT8D-17R/Q,3,B722,,J,1PW016
B727 2S2F RE,B722,JT8D-217C2/17A1,3,B722,,J,4PW070
B727 2U5 RE ADV,B722,JT8D-217C2/17A1,3,B722,,J,4PW070
B727 2X8 RE ADV,B722,JT8D-217C2/17A1,3,B722,,J,4PW070
B727 2Y4 ADV,B722,JT8D-15/Q,3,B722,,J,1PW009
B727 30,B722,JT8D-7B/Q,3,B722,,J,8PW085
B727 30 RE,B722,JT8D-217C2/17A1,3,B722,,J,4PW070
B727 30C,B722,JT8D-7/Q,3,B722,,J,8PW085
B727 30C RE,B722,TAY 651-54,3,B722,,J,3RR032
B727 31 RE,B722,JT8D-217C2/17A1,3,B722,,J,4PW070
B727 31C QF,B722,TAY 651-54,3,B722,,J,3RR032
B727 31C RE,B722,TAY 651-54,3,B722,,J,3RR032
B727 44,B722,JT8D-7,3,B722,,J,8PW085
B727 44C,B722,JT8D-7B/Q,3,B722,,J,8PW085
B727 46,B722,JT8D-7B/Q,3,B722,,J,8PW085
B727 46 F,B722,JT8D-7B,3,B722,,J,8PW085
B727 51,B722,JT8D-7/Q,3,B722,,J,8PW085
B727 76 RE,B722,JT8D-217C2/17A1,3,B722,,J,4PW070
B727 82,B722,JT8D-7B/Q,3,B722,,J,8PW085
B727 89,B722,JT8D-7B/Q,3,B722,,J,8PW085
B727 91,B722,JT8D-7/Q,3,B722,,J,8PW085
B727 95,B722,JT8D-9A/Q,3,B722,,J,1PW006
B737 10,B3XM,LEAP-1B,2,B39M,,J,01P20CM140
B737 201,B732,JT8D-9A,2,B732,B73215,J,1PW006
B737 204 ADV,B732,JT8D-15,2,B732,B73215,J,1PW009
B737 205 ADV,B732,JT8D-17A,2,B732,B73215,J,1PW014
B737 209 F,B732,JT8D-9A,2,B732,B73215,J,1PW006
B737 209 F ADV,B732,JT8D-9A,2,B732,B73215,J,1PW006
B737 210C,B732,JT8D-9A,2,B732,B73215,J,1PW006
B737 217,B732,JT8D-17A,2,B732,B73215,J,1PW014
B737 217 ADV,B732,JT8D-17A,2,B732,B73215,J,1PW014
B737 219 ADV,B732,JT8D-15,2,B732,B73215,J,1PW009
B737 222,B732,JT8D-7B,2,B732,B73215,J,8PW085
B737 228 ADV,B732,JT8D-15A,2,B732,B73215,J,1PW011
B737 229 ADV,B732,JT8D-15A,2,B732,B73215,J,1PW011
B737 230 ADV,B732,JT8D-15/Q,2,B732,B73215,J,1PW009
B737 230 F,B732,JT8D-15,2,B732,B73215,J,1PW009
B737 232,B732,JT8D-15A,2,B732,B73215,J,1PW011
B737 236 ADV,B732,JT8D-15A,2,B732,B73215,J,1PW011
B737 242,B732,JT8D-9A,2,B732,B73215,J,1PW006
B737 242C,B732,JT8D-9A,2,B732,B73215,J,1PW006
B737 244 ADV,B732,JT8D-17A,2,B732,B73215,J,1PW014
B737 247,B732,JT8D-15A,2,B732,B73215,J,1PW011
B737 247 ADV,B732,JT8D-17A,2,B732,B73215,J,1PW014
B737 248C ADV,B732,JT8D-9A,2,B732,B73215,J,1PW006
B737 25A ADV,B732,JT8D-15A,2,B732,B73215,J,1PW011
B737 266 ADV,B732,JT8D-17,2,B732,B73215,J,1PW012
B737 268 ADV,B732,JT8D-15,2,B732,B73215,J,1PW009
B737 270C ADV,B732,JT8D-15,2,B732,B73215,J,1PW009
B737 275,B732,JT8D-9A,2,B732,B73215,J,1PW006
B737 277,B732,JT8D-15,2,B732,B73215,J,1PW009
B737 281 ADV,B732,JT8D-17,2,B732,B73215,J,1PW012
B737 282 ADV,B732,JT8D-17A,2,B732,B73215,J,1PW014
B737 286,B732,JT8D-15,2,B732,B73215,J,1PW009
B737 287,B732,JT8D-9A,2,B732,B73215,J,1PW006
B737 291,B732,JT8D-17,2,B732,B73215,J,1PW012
B737 297,B732,JT8D-9A,2,B732,B73215,J,1PW006
B737 2A8 F,B732,JT8D-17A,2,B732,B73215,J,1PW014
B737 2B6C ADV,B732,JT8D-15A/Q,2,B732,B73215,J,1PW011
B737 2B7,B732,JT8D-15A,2,B732,B73215,J,1PW011
B737 2D6 ADV,B732,JT8D-15,2,B732,B73215,J,1PW009
B737 2D6C ADV,B732,JT8D-15,2,B732,B73215,J,1PW009
B737 2E7 ADV,B732,JT8D-15,2,B732,B73215,J,1PW009
B737 2H3 ADV,B732,JT8D-17,2,B732,B73215,J,1PW012
B737 2H3C ADV,B732,JT8D-9A,2,B732,B73215,J,1PW006
B737 2H4,B732,JT8D-9A,2,B732,B73215,J,1PW006
B737 2J8,B732,JT8D-15,2,B732,B73215,J,1PW009
B737 2K2C,B732,JT8D-15A,2,B732,B73215,J,1PW011
B737 2K3 ADV,B732,JT8D-15,2,B732,B73215,J,1PW009
B737 2K5,B732,JT8D-17,2,B732,B73215,J,1PW012
B737 2K9 ADV,B732,JT8D-15A,2,B732,B73215,J,1PW011
B737 2L9 ADV,B732,JT8D-17,2,B732,B73215,J,1PW012
B737 2M2,B732,JT8D-17,2,B732,B73215,J,1PW012
B737 2M2C,B732,JT8D-17,2,B732,B73215,J,1PW012
B737 2N0 ADV,B732,JT8D-17A,2,B732,B73215,J,1PW014
B737 2N1,B732,JT8D-17,2,B732,B73215,J,1PW012
B737 2N3,B732,UNKNOWN,2,B732,B73215,J,1PW012
B737 2N9C ADV,B732,JT8D-17,2,B732,B73215,J,1PW012
B737 2Q2C,B732,JT8D-17,2,B732,B73215,J,1PW012
B737 2Q3,B732,JT8D-17,2,B732,B73215,J,1PW012
B737 2Q8,B732,JT8D-15A,2,B732,B73215,J,1PW011
B737 2Q8 ADV,B732,JT8D-17,2,B732,B73215,J,1PW012
B737 2Q8C,B732,JT8D-17,2,B732,B73215,J,1PW012
B737 2R4C,B732,JT8D-17A,2,B732,B73215,J,1PW014
B737 2S2C ADV,B732,JT8D-17,2,B732,B73215,J,1PW012
B737 2S3 ADV,B732,JT8D-17,2,B732,B73215,J,1PW012
B737 2S9 ADV,B732,JT8D-17,2,B732,B73215,J,1PW012
B737 2T2 ADV,B732,JT8D-17,2,B732,B73215,J,1PW012
B737 2T4 ADV,B732,JT8D-17A,2,B732,B73215,J,1PW014
B737 2T4 F ADV,B732,JT8D-17A,2,B732,B73215,J,1PW014
B737 2T4C ADV,B732,JT8D-17A,2,B732,B73215,J,1PW014
B737 2T5,B732,JT8D-15,2,B732,B73215,J,1PW009
B737 2T5 ADV,B732,JT8D-15,2,B732,B73215,J,1PW009
B737 2V6 ADC,B732,JT8D-17,2,B732,B73215,J,1PW012
B737 2W8 ADV,B732,JT8D-15,2,B732,B73215,J,1PW009
B737 2X2 ADV,B732,JT8D-17,2,B732,B73215,J,1PW012
B737 2Z6,B732,JT8D-15,2,B732,B73215,J,1PW009
B737 301,B733,CFM56-3B1,2,B733,B73320,J,1CM004
B737 301 BDSF,B733,CFM56-3B2,2,B733,B73320,J,1CM005
B737 301 F,B733,CFM56-3B1,2,B733,B73320,J,1CM004
B737 306,B733,CFM56-3B1,2,B733,B73320,J,1CM004
B737 317,B733,CFM56-3B1,2,B733,B73320,J,1CM004
B737 319,B733,CFM56-3C1,2,B733,B73320,J,1CM007
B737 31B F,B733,CFM56-3C1,2,B733,B73320,J,1CM007
B737 31L,B733,CFM56-3B1,2,B733,B73320,J,1CM004
B737 31S,B733,CFM56-3C1,2,B733,B73320,J,1CM007
B737 31S WL,B733,CFM56-3C1,2,B733,B73320,J,1CM007
B737 322,B733,CFM56-3B1,2,B733,B73320,J,1CM004
B737 322 F,B733,CFM56-3B2,2,B733,B73320,J,1CM005
B737 322 WL,B733,CFM56-3B1,2,B733,B73320,J,1CM004
B737 329,B733,CFM56-3B2,2,B733,B73320,J,1CM005
B737 32Q,B733,CFM56-3C1,2,B733,B73320,J,1CM007
B737 330,B733,CFM56-3B1,2,B733,B73320,J,1CM004
B737 330 F,B733,CFM56-3B1,2,B733,B73320,J,1CM004
B737 330 QC,B733,CFM56-3B2,2,B733,B73320,J,1CM005
B737 330 QC WL,B733,CFM56-3B1,2,B733,B73320,J,1CM004
B737 330 WL,B733,CFM56-3B1,2,B733,B73320,J,1CM004
B737 332,B733,CFM56-3C1,2,B733,B73320,J,1CM007
B737 33A,B733,CFM56-3B1,2,B733,B73320,J,1CM004
B737 33A F,B733,CFM56-3B2,2,B733,B73320,J,1CM005
B737 33A QC,B733,CFM56-3C1,2,B733,B73320,J,1CM007
B737 33A WL,B733,CFM56-3B1,2,B733,B73320,J,1CM004
B737 33R,B733,CFM56-3C1,2,B733,B73320,J,1CM007
B737 33R WL,B733,CFM56-3C1,2,B733,B73320,J,1CM007
B737 33S WL,B733,CFM56-3C1,2,B733,B73320,J,1CM007
B737 33V,B733,CFM56-3C1,2,B733,B73320,J,1CM007
B737 33V F,B733,CFM56-3C1,2,B733,B73320,J,1CM007
B737 33V WL,B733,CFM56-3C1,2,B733,B73320,J,1CM007
B737 341,B733,CFM56-3B2,2,B733,B73320,J,1CM005
B737 347,B733,CFM56-3B1,2,B733,B73320,J,1CM004
B737 348 QC,B733,CFM56-3B1,2,B733,B73320,J,1CM004
B737 34N,B733,CFM56-3C1,2,B733,B73320,J,1CM007
B737 34S BDSF,B733,CFM56-3C1,2,B733,B73320,J,1CM007
B737 35B,B733,CFM56-3B2,2,B733,B73320,J,1CM005
B737 35B F,B733,CFM56-3B2,2,B733,B73320,J,1CM005
B737 36E,B733,CFM56-3C1,2,B733,B73320,J,1CM007
B737 36E BDSF,B733,CFM56-3B2,2,B733,B73320,J,1CM005
B737 36M,B733,CFM56-3C1,2,B733,B73320,J,1CM007
B737 36N,B733,CFM56-3C1,2,B733,B73320,J,1CM007
B737 36N F,B733,CFM56-3C1,2,B733,B73320,J,1CM007
B737 36N WL,B733,CFM56-3C1,2,B733,B73320,J,1CM007
B737 36Q,B733,CFM56-3C1,2,B733,B73320,J,1CM007
B737 36Q F,B733,CFM56-3C1,2,B733,B73320,J,1CM007
B737 36Q WL,B733,CFM56-3C1,2,B733,B73320,J,1CM007
B737 375,B733,CFM56-3B1,2,B733,B73320,J,1CM004
B737 375 BDSF,B733,CFM56-3B1,2,B733,B73320,J,1CM004
B737 376,B733,CFM56-3B2,2,B733,B73320,J,1CM005
B737 377,B733,CFM56-3B1,2,B733,B73320,J,1CM004
B737 377 BDQC,B733,CFM56-3B1,2,B733,B73320,J,1CM004
B737 377 BDSF,B733,CFM56-3B1,2,B733,B73320,J,1CM004
B737 377 WL,B733,CFM56-3B1,2,B733,B73320,J,1CM004
B737 37Q,B733,CFM56-3C1,2,B733,B73320,J,1CM007
B737 382,B733,CFM56-3B2,2,B733,B73320,J,1CM005
B737 382 QC,B733,CFM56-3B1,2,B733,B73320,J,1CM004
B737 38B QC,B733,CFM56-3C1,2,B733,B73320,J,1CM007
B737 38J,B733,CFM56-3C1,2,B733,B73320,J,1CM007
B737 39A WL,B733,CFM56-3B2,2,B733,B73320,J,1CM005
B737 39M,B733,CFM56-3C1,2,B733,B73320,J,1CM007
B737 39M QC,B733,CFM56-3C1,2,B733,B73320,J,1CM007
B737 3B3 QC,B733,CFM56-3C1,2,B733,B73320,J,1CM007
B737 3B7,B733,CFM56-3B2,2,B733,B73320,J,1CM005
B737 3B7 F,B733,CFM56-3B2,2,B733,B73320,J,1CM005
B737 3G7,B733,CFM56-3B1,2,B733,B73320,J,1CM004
B737 3G7 F,B733,CFM56-3B2,2,B733,B73320,J,1CM005
B737 3H4 F WL,B733,CFM56-3B1,2,B733,B73320,J,1CM004
B737 3H4 WL,B733,CFM56-3B1,2,B733,B73320,J,1CM004
B737 3H6F,B733,CFM56-3C1,2,B733,B73320,J,1CM007
B737 3H9,B733,CFM56-3B1,2,B733,B73320,J,1CM004
B737 3J6,B733,CFM56-3B1,2,B733,B73320,J,1CM004
B737 3K2,B733,CFM56-3C1,2,B733,B73320,J,1CM007
B737 3K9,B733,CFM56-3B2,2,B733,B73320,J,1CM005
B737 3L9,B733,CFM56-3C1,2,B733,B73320,J,1CM007
B737 3L9 QC,B733,CFM56-3B2,2,B733,B73320,J,1CM005
B737 3L9 WL,B733,CFM56-3C1,2,B733,B73320,J,1CM007
B737 3M8,B733,CFM56-3B2,2,B733,B73320,J,1CM005
B737 3M8 BDSF,B733,CFM56-3B2,2,B733,B73320,J,1CM005
B737 3M8 QC,B733,CFM56-3B2,2,B733,B73320,J,1CM005
B737 3Q4,B733,CFM56-3B2,2,B733,B73320,J,1CM005
B737 3Q4 F,B733,CFM56-3B2,2,B733,B73320,J,1CM005
B737 3Q8,B733,CFM56-3B2,2,B733,B73320,J,1CM005
B737 3Q8 BDQC,B733,CFM56-3B2,2,B733,B73320,J,1CM005
B737 3Q8 F,B733,CFM56-3B2,2,B733,B73320,J,1CM005
B737 3Q8 QC,B733,CFM56-3B2,2,B733,B73320,J,1CM005
B737 3S1 F,B733,CFM56-3B2,2,B733,B73320,J,1CM005
B737 3S3,B733,CFM56-3C1,2,B733,B73320,J,1CM007
B737 3S3 QC,B733,CFM56-3B2,2,B733,B73320,J,1CM005
B737 3S3F,B733,CFM56-3B1,2,B733,B73320,J,1CM004
B737 3T0,B733,CFM56-3B1,2,B733,B73320,J,1CM004
B737 3T0 F,B733,CFM56-3B1,2,B733,B73320,J,1CM004
B737 3U3,B733,CFM56-3C1,2,B733,B73320,J,1CM007
B737 3U3 F,B733,CFM56-3C1,2,B733,B73320,J,1CM007
B737 3U8,B733,CFM56-3C1,2,B733,B73320,J,1CM007
B737 3U8 F,B733,CFM56-3C1,2,B733,B73320,J,1CM007
B737 3Y0,B733,CFM56-3B2,2,B733,B73320,J,1CM005
B737 3Y0 BDQC,B733,CFM56-3B2,2,B733,B73320,J,1CM005
B737 3Y0 BDSF,B733,CFM56-3B2,2,B733,B73320,J,1CM005
B737 3Y0 F,B733,CFM56-3B1,2,B733,B73320,J,1CM004
B737 3Y0 QC,B733,CFM56-3B1,2,B733,B73320,J,1CM004
B737 3Y0 WL,B733,CFM56-3B1,2,B733,B73320,J,1CM004
B737 3Y5,B733,CFM56-3C1,2,B733,B73320,J,1CM007
B737 3Y5 F,B733,CFM56-3C1,2,B733,B73320,J,1CM007
B737 3Y5 WL,B733,CFM56-3C1,2,B733,B73320,J,1CM007
B737 3Z0,B733,CFM56-3B1,2,B733,B73320,J,1CM004
B737 3Z8,B733,CFM56-3B1,2,B733,B73320,J,1CM004
B737 3Z9,B733,CFM56-3B1,2,B733,B73320,J,1CM004
B737 401,B734,CFM56-3B2,2,B734,B73423,J,1CM005
B737 405,B734,CFM56-3C1,2,B734,B73423,J,1CM007
B737 405 F,B734,CFM56-3C1,2,B734,B73423,J,1CM007
B737 406,B734,CFM56-3B2,2,B734,B73423,J,1CM005
B737 406 F,B734,CFM56-3B2,2,B734,B73423,J,1CM005
B737 408 F,B734,CFM56-3C1,2,B734,B73423,J,1CM007
B737 429 F,B734,CFM56-3C1,2,B734,B73423,J,1CM007
B737 42C,B734,CFM56-3C1,2,B734,B73423,J,1CM007
B737 42C F,B734,CFM56-3C1,2,B734,B73423,J,1CM007
B737 42J F,B734,CFM56-3C1,2,B734,B73423,J,1CM007
B737 430,B734,CFM56-3C1,2,B734,B73423,J,1CM007
B737 436,B734,CFM56-3C1,2,B734,B73423,J,1CM007
B737 436 F,B734,CFM56-3C1,2,B734,B73423,J,1CM007
B737 436 SF,B734,CFM56-3C1,2,B734,B73423,J,1CM007
B737 43Q,B734,CFM56-3C1,2,B734,B73423,J,1CM007
B737 43Q F,B734,CFM56-3C1,2,B734,B73423,J,1CM007
B737 446,B734,CFM56-3C1,2,B734,B73423,J,1CM007
B737 448,B734,CFM56-3B2,2,B734,B73423,J,1CM005
B737 448 F,B734,CFM56-3B2,2,B734,B73423,J,1CM005
B737 45D,B734,CFM56-3C1,2,B734,B73423,J,1CM007
B737 45D BDSF,B734,CFM56-3C1,2,B734,B73423,J,1CM007
B737 45D F,B734,CFM56-3C1,2,B734,B73423,J,1CM007
B737 45S,B734,CFM56-3C1,2,B734,B73423,J,1CM007
B737 46B,B734,CFM56-3C1,2,B734,B73423,J,1CM007
B737 46B F,B734,CFM56-3C1,2,B734,B73423,J,1CM007
B737 46J,B734,CFM56-3C1,2,B734,B73423,J,1CM007
B737 46J F,B734,CFM56-3C1,2,B734,B73423,J,1CM007
B737 46M,B734,CFM56-3C1,2,B734,B73423,J,1CM007
B737 46N,B734,CFM56-3C1,2,B734,B73423,J,1CM007
B737 46N F,B734,CFM56-3C1,2,B734,B73423,J,1CM007
B737 46Q,B734,CFM56-3C1,2,B734,B73423,J,1CM007
B737 46Q F,B734,CFM56-3C1,2,B734,B73320,J,1CM007
B737 476,B734,CFM56-3C1,2,B734,B73423,J,1CM007
B737 476 F,B734,CFM56-3C1,2,B734,B73423,J,1CM007
B737 484,B734,CFM56-3C1,2,B734,B73423,J,1CM007
B737 484 F,B734,CFM56-3C1,2,B734,B73423,J,1CM007
B737 484 SF,B734,CFM56-3C1,2,B734,B73423,J,1CM007
B737 48E,B734,CFM56-3C1,2,B734,B73423,J,1CM007
B737 48E SF,B734,CFM56-3C1,2,B734,B73423,J,1CM007
B737 490,B734,CFM56-3C1,2,B734,B73423,J,1CM007
B737 490 F,B734,CFM56-3C1,2,B734,B73423,J,1CM007
B737 49R,B734,CFM56-3C1,2,B734,B73423,J,1CM007
B737 49R BDSF,B734,CFM56-3C1,2,B734,B73423,J,1CM007
B737 49R F,B734,CFM56-3C1,2,B734,B73423,J,1CM007
B737 4B3,B734,CFM56-3C1,2,B734,B73423,J,1CM007
B737 4B3 SF,B734,CFM56-3C1,2,B734,B73423,J,1CM007
B737 4B6,B734,CFM56-3C1,2,B734,B73423,J,1CM007
B737 4B6 F,B734,CFM56-3C1,2,B734,B73423,J,1CM007
B737 4B7,B734,CFM56-3B2,2,B734,B73423,J,1CM005
B737 4B7 F,B734,CFM56-3B2,2,B734,B73423,J,1CM005
B737 4C9,B734,CFM56-3C1,2,B734,B73423,J,1CM007
B737 4D7,B734,CFM56-3C1,2,B734,B73423,J,1CM007
B737 4D7 F,B734,CFM56-3C1,2,B734,B73423,J,1CM007
B737 4H6,B734,CFM56-3C1,2,B734,B73423,J,1CM007
B737 4H6 F,B734,CFM56-3C1,2,B734,B73423,J,1CM007
B737 4K5,B734,CFM56-3C1,2,B734,B73423,J,1CM007
B737 4K5 F,B734,CFM56-3C1,2,B734,B73423,J,1CM007
B737 4K5 SF,B734,CFM56-3C1,2,B734,B73423,J,1CM007
B737 4L7,B734,CFM56-3C1,2,B734,B73423,J,1CM007
B737 4M0,B734,CFM56-3C1,2,B734,B73423,J,1CM007
B737 4M0 BDSF,B734,CFM56-3C1,2,B734,B73423,J,1CM007
B737 4M0 F,B734,CFM56-3C1,2,B734,B73423,J,1CM007
B737 4Q3,B734,CFM56-3B1,2,B734,B73423,J,1CM004
B737 4Q3 F,B734,CFM56-3C1,2,B734,B73423,J,1CM007
B737 4Q8,B734,CFM56-3C1,2,B734,B73423,J,1CM007
B737 4Q8 F,B734,CFM56-3C1,2,B734,B73423,J,1CM007
B737 4Q8 QC,B734,CFM56-3C1,2,B734,B73423,J,1CM007
B737 4Q8 SF,B734,CFM56-3C1,2,B734,B73423,J,1CM007
B737 4S3,B734,CFM56-3C1,2,B734,B73423,J,1CM007
B737 4S3 F,B734,CFM56-3C1,2,B734,B73423,J,1CM007
B737 4U3,B734,CFM56-3C1,2,B734,B73423,J,1CM007
B737 4Y0,B734,CFM56-3C1,2,B734,B73423,J,1CM007
B737 4Y0 BDSF,B734,CFM56-3C1,2,B734,B73423,J,1CM007
B737 4Y0 F,B734,CFM56-3C1,2,B734,B73423,J,1CM007
B737 4Y0 SF,B734,CFM56-3C1,2,B734,B73423,J,1CM007
B737 4Z6,B734,CFM56-3C1,2,B734,B73423,J,1CM007
B737 4Z9 F,B734,CFM56-3C1,2,B734,B73423,J,1CM007
B737 505,B735,CFM56-3C1,2,B735,B73518,J,1CM007
B737 505 WL,B735,CFM56-3C1,2,B735,B73518,J,1CM007
B737 522,B735,CFM56-3C1,2,B735,B73518,J,1CM007
B737 524,B735,CFM56-3C1,2,B735,B73518,J,1CM007
B737 524 WL,B735,CFM56-3C1,2,B735,B73518,J,1CM007
B737 528,B735,CFM56-3C1,2,B735,B73518,J,1CM007
B737 528 WL,B735,CFM56-3C1,2,B735,B73518,J,1CM007
B737 529,B735,CFM56-3C1,2,B735,B73518,J,1CM007
B737 529 WL,B735,CFM56-3C1,2,B735,B73518,J,1CM007
B737 530,B735,CFM56-3B1,2,B735,B73518,J,1CM004
B737 53A,B735,CFM56-3C1,2,B735,B73518,J,1CM007
B737 53C,B735,CFM56-3C1,2,B735,B73518,J,1CM007
B737 53S,B735,CFM56-3C1,2,B735,B73518,J,1CM007
B737 548,B735,CFM56-3B1,2,B735,B73518,J,1CM004
B737 548 WL,B735,CFM56-3B1,2,B735,B73518,J,1CM004
B737 55D,B735,CFM56-3C1,2,B735,B73518,J,1CM007
B737 55D WL,B735,CFM56-3C1,2,B735,B73518,J,1CM007
B737 55S,B735,CFM56-3C1,2,B735,B73518,J,1CM007
B737 566,B735,CFM56-3C1,2,B735,B73518,J,1CM007
B737 56N,B735,CFM56-3C1,2,B735,B73518,J,1CM007
B737 58E,B735,CFM56-3C1,2,B735,B73518,J,1CM007
B737 58N,B735,CFM56-3C1,2,B735,B73518,J,1CM007
B737 59D,B735,CFM56-3C1,2,B735,B73518,J,1CM007
B737 5B6,B735,CFM56-3C1,2,B735,B73518,J,1CM007
B737 5C9,B735,CFM56-3C1,2,B735,B73518,J,1CM007
B737 5H3,B735,CFM56-3C1,2,B735,B73518,J,1CM007
B737 5H6,B735,CFM56-3C1,2,B735,B73518,J,1CM007
B737 5K5,B735,CFM56-3C1,2,B735,B73518,J,1CM007
B737 5L9,B735,CFM56-3B1,2,B735,B73518,J,1CM004
B737 5L9 WL,B735,CFM56-3C1,2,B735,B73518,J,1CM007
B737 5Q8,B735,CFM56-3C1,2,B735,B73518,J,1CM007
B737 5Y0,B735,CFM56-3B1,2,B735,B73518,J,1CM004
B737 5Y0 WL,B735,CFM56-3B1,2,B735,B73518,J,1CM004
B737 66N,B736,CFM56-7B20,2,B736,B73622,J,3CM030
B737 683,B736,CFM56-7B20,2,B736,B73622,J,3CM030
B737 6D6,B736,CFM56-7B26,2,B736,B73622,J,8CM051
B737 6H3,B736,CFM56-7B20,2,B736,B73622,J,3CM030
B737 6Q8,B736,CFM56-7B20,2,B736,B73622,J,3CM030
B737 6Z9,B736,CFM56-7B22,2,B736,B73622,J,3CM031
B737 7,B37M,LEAP-1B,2,B38M,,J,01P20CM136
B737 700 NE3 BBJ,B737,CFM56-7B26E,2,B737,B737W24,J,01P11CM116
B737 700WL,B737,CFM56-7B26E,2,B737,B737W24,J,01P11CM116
B737 705,B737,CFM56-7B24,2,B737,B737W24,J,3CM032
B737 71B,B737,CFM56-7B24,2,B737,B737W24,J,3CM032
B737 71M,B737,CFM56-7B24,2,B737,B737W24,J,3CM032
B737 71Q,B737,CFM56-7B24,2,B737,B737W24,J,3CM032
B737 72T,B737,CFM56-7B26,2,B737,B737W24,J,8CM051
B737 72U,B737,CFM56-7B26,2,B737,B737W24,J,8CM051
B737 732,B737,CFM56-7B24,2,B737,B737W24,J,3CM032
B737 73A,B737,CFM56-7B24,2,B737,B737W24,J,3CM032
B737 73Q,B737,CFM56-7B26,2,B737,B737W24,J,8CM051
B737 73S,B737,CFM56-7B24,2,B737,B737W24,J,3CM032
B737 73T,B737,CFM56-7B26,2,B737,B737W24,J,8CM051
B737 73U,B737,CFM56-7B26,2,B737,B737W24,J,8CM051
B737 73V,B737,CFM56-7B20,2,B737,B737W24,J,3CM030
B737 73W,B737,CFM56-7B26,2,B737,B737W24,J,8CM051
B737 74Q,B737,CFM56-7B26,2,B737,B737W24,J,8CM051
B737 74T,B737,CFM56-7B26,2,B737,B737W24,J,8CM051
B737 74U,B737,CFM56-7B26,2,B737,B737W24,J,8CM051
B737 74V,B737,CFM56-7B26,2,B737,B737W24,J,8CM051
B737 752,B737,CFM56-7B24,2,B737,B737W24,J,3CM032
B737 758,B737,CFM56-7B24,2,B737,B737W24,J,3CM032
B737 75B,B737,CFM56-7B22,2,B737,B737W24,J,3CM031
B737 75C,B737,CFM56-7B26,2,B737,B737W24,J,8CM051
B737 75C BDSF,B737,CFM56-7B24,2,B737,B737W24,J,3CM032
B737 75G,B737,CFM56-7B26,2,B737,B737W24,J,8CM051
B737 75R,B737,CFM56-7B22,2,B737,B737W24,J,3CM031
B737 75T,B737,CFM56-7B26,2,B737,B737W24,J,8CM051
B737 75U,B737,CFM56-7B26,2,B737,B737W24,J,8CM051
B737 75V,B737,CFM56-7B26,2,B737,B737W24,J,8CM051
B737 760,B737,CFM56-7B24,2,B737,B737W24,J,3CM032
B737 76D,B737,CFM56-7B24,2,B737,B737W24,J,3CM032
B737 76J,B737,CFM56-7B24E,2,B737,B737W24,J,01P11CM114
B737 76N,B737,CFM56-7B20,2,B737,B737W24,J,3CM030
B737 76Q,B737,CFM56-7B22,2,B737,B737W24,J,3CM031
B737 76Q FC WL,B737,CFM56-7B22,2,B737,B737W24,J,3CM031
B737 77W,B737,CFM56-7BE,2,B737,B737W24,J,01P11CM121
B737 77Z,B737,CFM56-7B27E,2,B737,B737W24,J,01P11CM121
B737 781,B737,CFM56-7B22,2,B737,B737W24,J,3CM031
B737 783,B737,CFM56-7B22,2,B737,B737W24,J,3CM031
B737 78J,B737,CFM56-7B24,2,B737,B737W24,J,3CM032
B737 790,B737,CFM56-7B24,2,B737,B737W24,J,3CM032
B737 790 BDSF,B737,CFM56-7B24,2,B737,B737W24,J,3CM032
B737 790 BDSF WL,B737,CFM56-7B24,2,B737,B737W24,J,3CM032
B737 79L,B737,CFM56-7B24,2,B737,B737W24,J,3CM032
B737 79P,B737,CFM56-7B22,2,B737,B737W24,J,3CM031
B737 79T,B737,CFM56-7B26,2,B737,B737W24,J,8CM051
B737 79U,B737,CFM56-7B26,2,B737,B737W24,J,8CM051
B737 79V,B737,CFM56-7B26E,2,B737,B737W24,J,01P11CM116
B737 7AF,B737,CFM56-7B22,2,B737,B737W24,J,3CM031
B737 7AF C 40A,B737,CFM56-7B22,2,B737,B737W24,J,3CM031
B737 7AF C 40C,B737,CFM56-7B24E,2,B737,B737W24,J,01P11CM114
B737 7AH,B737,CFM56-7B26,2,B737,B737W24,J,8CM051
B737 7AJ,B737,CFM56-7B26,2,B737,B737W24,J,8CM051
B737 7AK,B737,CFM56-7B26,2,B737,B737W24,J,8CM051
B737 7AN,B737,CFM56-7B26,2,B737,B737W24,J,8CM051
B737 7AU,B737,CFM56-7B26,2,B737,B737W24,J,8CM051
B737 7AV,B737,CFM56-7B26,2,B737,B737W24,J,8CM051
B737 7AW,B737,CFM56-7B26,2,B737,B737W24,J,8CM051
B737 7AX,B737,CFM56-7B26,2,B737,B737W24,J,8CM051
B737 7AXC,B737,CFM56-7B20,2,B737,B737W24,J,3CM030
B737 7B5,B737,CFM56-7B26,2,B737,B737W24,J,8CM051
B737 7B6,B737,CFM56-7B24,2,B737,B737W24,J,3CM032
B737 7BC,B737,CFM56-7B26,2,B737,B737W24,J,8CM051
B737 7BD,B737,CFM56-7B20,2,B737,B737W24,J,3CM030
B737 7BF,B737,CFM56-7B26,2,B737,B737W24,J,8CM051
B737 7BJ,B737,CFM56-7B27E,2,B737,B737W24,J,01P11CM121
B737 7BK,B737,CFM56-7B22,2,B737,B737W24,J,3CM031
B737 7BQ,B737,CFM56-7B26,2,B737,B737W24,J,8CM051
B737 7BX,B737,CFM56-7B24,2,B737,B737W24,J,3CM032
B737 7C9,B737,CFM56-7B24,2,B737,B737W24,J,3CM032
B737 7CG,B737,CFM56-7B26,2,B737,B737W24,J,8CM051
B737 7CJ,B737,CFM56-7B26,2,B737,B737W24,J,8CM051
B737 7CN,B737,CFM56-7B26,2,B737,B737W24,J,8CM051
B737 7CT,B737,CFM56-7B24,2,B737,B737W24,J,3CM032
B737 7CU,B737,CFM56-7B26,2,B737,B737W24,J,8CM051
B737 7D6 C,B737,CFM56-7BE,2,B737,B737W24,J,01P11CM121
B737 7DP,B737,CFM56-7B26,2,B737,B737W24,J,8CM051
B737 7DT,B737,CFM56-7B26,2,B737,B737W24,J,8CM051
B737 7E0,B737,CFM56-7B26,2,B737,B737W24,J,8CM051
B737 7ED,B737,CFM56-7B26,2,B737,B737W24,J,8CM051
B737 7EE,B737,CFM56-7B26,2,B737,B737W24,J,8CM051
B737 7EG,B737,CFM56-7B26,2,B737,B737W24,J,8CM051
B737 7EH,B737,CFM56-7B22E,2,B737,B737W24,J,01P11CM112
B737 7EI,B737,CFM56-7B27,2,B737,B737W24,J,3CM034
B737 7EJ,B737,CFM56-7B26,2,B737,B737W24,J,8CM051
B737 7EL,B737,CFM56-7B26,2,B737,B737W24,J,8CM051
B737 7EM,B737,CFM56-7B27,2,B737,B737W24,J,3CM034
B737 7ES,E737,CFM56-7B26,2,B737,,J,8CM051
B737 7ET,B737,CFM56-7B26,2,B737,B737W24,J,8CM051
B737 7FB,B737,CFM56-7B26,2,B737,B737W24,J,8CM051
B737 7FG,B737,CFM56-7B26,2,B737,B737W24,J,8CM051
B737 7FY,B737,CFM56-7B27,2,B737,B737W24,J,3CM034
B737 7GC,B737,CFM56-7B26,2,B737,B737W24,J,8CM051
B737 7GE,B737,CFM56-7B27E,2,B737,B737W24,J,01P11CM121
B737 7GJ,B737,CFM56-7B27E,2,B737,B737W24,J,01P11CM121
B737 7GL,B737,CFM56-7B20,2,B737,B737W24,J,3CM030
B737 7GV,B737,CFM56-7B27,2,B737,B737W24,J,3CM034
B737 7H3,B737,CFM56-7B26,2,B737,B737W24,J,8CM051
B737 7H6,B737,CFM56-7B26,2,B737,B737W24,J,8CM051
B737 7HB,B737,CFM56-7B24,2,B737,B737W24,J,3CM032
B737 7HB QC,B737,CFM56-7B24,2,B737,B737W24,J,3CM032
B737 7HD,B737,CFM56-7B27,2,B737,B737W24,J,3CM034
B737 7HE,B737,CFM56-7B26,2,B737,B737W24,J,8CM051
B737 7HF,B737,CFM56-7B27,2,B737,B737W24,J,3CM034
B737 7HI,B737,CFM56-7B26,2,B737,B737W24,J,8CM051
B737 7HJC,B737,CFM56-7B26,2,B737,B737W24,J,8CM051
B737 7HZ,B737,CFM56-7B26,2,B737,B737W24,J,8CM051
B737 7JB,B737,CFM56-7B27,2,B737,B737W24,J,3CM034
B737 7JF,B737,CFM56-7B26,2,B737,B737W24,J,8CM051
B737 7JR,B737,CFM56-7B26,2,B737,B737W24,J,8CM051
B737 7JU,B737,CFM56-7B27E,2,B737,B737W24,J,01P11CM121
B737 7JV,B737,CFM56-7B27E,2,B737,B737W24,J,01P11CM121
B737 7JW,B737,CFM56-7B27E,2,B737,B737W24,J,01P11CM121
B737 7JY,B737,CFM56-7B26,2,B737,B737W24,J,8CM051
B737 7JZ,B737,CFM56-7B26,2,B737,B737W24,J,8CM051
B737 7K2,B737,CFM56-7B24,2,B737,B737W24,J,3CM032
B737 7K2 SF,B737,CFM56-7B24,2,B737,B737W24,J,3CM032
B737 7K5,B737,CFM56-7B22,2,B737,B737W24,J,3CM031
B737 7K9,B737,CFM56-7B22,2,B737,B737W24,J,3CM031
B737 7KK,B737,CFM56-7B26,2,B737,B737W24,J,8CM051
B737 7L9,B737,CFM56-7B22,2,B737,B737W24,J,3CM031
B737 7M2,B737,CFM56-7B24,2,B737,B737W24,J,3CM032
B737 7N6,B737,CFM56-7B26,2,B737,B737W24,J,8CM051
B737 7P3,B737,CFM56-7B26,2,B737,B737W24,J,8CM051
B737 7Q8,B737,CFM56-7B22,2,B737,B737W24,J,3CM031
B737 7U8,B737,CFM56-7B22,2,B737,B737W24,J,3CM031
B737 7V3,B737,CFM56-7B22,2,B737,B737W24,J,3CM031
B737 7X2,B737,CFM56-7B24,2,B737,B737W24,J,3CM032
B737 7Z5,B737,CFM56-7B26,2,B737,B737W24,J,8CM051
B737 7Z9,B737,CFM56-7B22,2,B737,B737W24,J,3CM031
B737 7ZH,B737,CFM56-7B27,2,B737,B737W24,J,3CM034
B737 7ZX,B737,CFM56-7BE,2,B737,B737W24,J,01P11CM121
B737 8,B38M,LEAP-1B,2,B38M,,J,01P20CM136
B737 8 200,B38M,LEAP-1B,2,B38M,,J,01P20CM136
B737 800A P 8 POSEIDON MRA MK1,B738,CFM56-7B27E,2,B738,B738W26,J,01P11CM121
B737 800A P 8A,B738,CFM56-7B27E,2,B738,B738W26,J,01P11CM121
B737 800WL,B738,CFM56-7B26E,2,B738,B738W26,J,01P11CM116
B737 804,B738,CFM56-7B26,2,B738,B738W26,J,8CM051
B737 804 BCF,B738,CFM56-7B26,2,B738,B738W26,J,8CM051
B737 804 SF,B738,CFM56-7B26,2,B738,B738W26,J,8CM051
B737 808,B738,CFM56-7B26,2,B738,B738W26,J,8CM051
B737 808 BCF,B738,CFM56-7B26,2,B738,B738W26,J,8CM051
B737 808 BDSF,B738,CFM56-7B26,2,B738,B738W26,J,8CM051
B737 809,B738,CFM56-7B26,2,B738,B738W26,J,8CM051
B737 81B,B738,CFM56-7B26E,2,B738,B738W26,J,01P11CM116
B737 81D,B738,CFM56-7B26E,2,B738,B738W26,J,01P11CM116
B737 81M,B738,CFM56-7B26,2,B738,B738W26,J,8CM051
B737 81P,B738,CFM56-7B26E,2,B738,B738W26,J,01P11CM116
B737 81Q,B738,CFM56-7B26,2,B738,B738W26,J,8CM051
B737 81Q BCF,B738,CFM56-7B26,2,B738,B738W26,J,8CM051
B737 81Z,B738,CFM56-7BE,2,B738,B738W26,J,01P11CM121
B737 823,B738,CFM56-7B26,2,B738,B738W26,J,8CM051
B737 824,B738,CFM56-7B26,2,B738,B737W24,J,8CM051
B737 82K,B738,CFM56-7B26E,2,B738,B738W26,J,01P11CM116
B737 82R,B738,CFM56-7B26E,2,B738,B738W26,J,01P11CM116
B737 82R BCF,B738,CFM56-7B26,2,B738,B738W26,J,8CM051
B737 82Z,B738,CFM56-7B27E,2,B738,B738W26,J,01P11CM121
B737 832,B738,CFM56-7B26,2,B738,B738W26,J,8CM051
B737 832 BCF,B738,CFM56-7B26,2,B738,B738W26,J,8CM051
B737 83N,B738,CFM56-7B27,2,B738,B738W26,J,3CM034
B737 83N BCF,B738,CFM56-7B27,2,B738,B738W26,J,3CM034
B737 83N SF,B738,CFM56-7B27,2,B738,B738W26,J,3CM034
B737 846,B738,CFM56-7B27,2,B738,B738W26,J,3CM034
B737 84P,B738,CFM56-7B26,2,B738,B738W26,J,8CM051
B737 84P BCF,B738,CFM56-7B26,2,B738,B738W26,J,8CM051
B737 84P SF,B738,CFM56-7B26,2,B738,B738W26,J,8CM051
B737 84R,B738,CFM56-7B24E,2,B738,B738W26,J,01P11CM114
B737 84Y,B738,CFM56-7BE,2,B738,B738W26,J,01P11CM121
B737 852,B738,CFM56-7B26,2,B738,B738W26,J,8CM051
B737 858,B738,CFM56-7B26,2,B738,B738W26,J,8CM051
B737 85F,B738,CFM56-7B27,2,B738,B738W26,J,3CM034
B737 85F SF,B738,CFM56-7B26,2,B738,B738W26,J,8CM051
B737 85H,B738,CFM56-7B26,2,B738,B738W26,J,8CM051
B737 85H BCF,B738,CFM56-7B26,2,B738,B738W26,J,8CM051
B737 85P,B738,CFM56-7B24E,2,B738,B738W26,J,01P11CM114
B737 85P BCF,B738,CFM56-7B27/B1,2,B738,B738W26,J,01P11CM122
B737 85P SF,B738,CFM56-7B27/B1,2,B738,B738W26,J,01P11CM122
B737 85R,B738,CFM56-7B26,2,B738,B738W26,J,8CM051
B737 85R BCF,B738,CFM56-7B24,2,B738,B738W26,J,3CM032
B737 85R SF,B738,CFM56-7B24,2,B738,B738W26,J,3CM032
B737 860,B738,CFM56-7B27E,2,B738,B738W26,J,01P11CM121
B737 866,B738,CFM56-7B26,2,B738,B738W26,J,8CM051
B737 866 SF,B738,CFM56-7B26,2,B738,B738W26,J,8CM051
B737 86D,B738,CFM56-7B26E,2,B738,B738W26,J,01P11CM116
B737 86J,B738,CFM56-7B26E,2,B738,B738W26,J,01P11CM116
B737 86J BCF,B738,CFM56-7B27,2,B738,B738W26,J,3CM034
B737 86J SF,B738,CFM56-7B27,2,B738,B738W26,J,3CM034
B737 86J WL BDSF,B738,CFM56-7B27,2,B738,B738W26,J,3CM034
B737 86N,B738,CFM56-7B26,2,B738,B738W26,J,8CM051
B737 86N BCF,B738,CFM56-7B26,2,B738,B738W26,J,8CM051
B737 86N BDSF,B738,CFM56-7B26,2,B738,B738W26,J,8CM051
B737 86N SF,B738,CFM56-7B26,2,B738,B738W26,J,8CM051
B737 86Q,B738,CFM56-7B26,2,B738,B738W26,J,8CM051
B737 86Q SF,B738,CFM56-7B27/B1,2,B738,B738W26,J,01P11CM122
B737 86R,B738,CFM56-7B24,2,B738,B738W26,J,3CM032
B737 883,B738,CFM56-7B26,2,B738,B738W26,J,8CM051
B737 883 BCF,B738,CFM56-7B26,2,B738,B738W26,J,8CM051
B737 883 BDSF,B738,CFM56-7B26,2,B738,B738W26,J,8CM051
B737 883 SF,B738,CFM56-7B26,2,B738,B738W26,J,8CM051
B737 890,B738,CFM56-7B24,2,B738,B738W26,J,3CM032
B737 89L,B738,CFM56-7B26,2,B738,B738W26,J,8CM051
B737 89L SF,B738,CFM56-7B26,2,B738,B738W26,J,8CM051
B737 89M,B738,CFM56-7B26,2,B738,B737W24,J,8CM051
B737 89P,B738,CFM56-7B24,2,B738,B738W26,J,3CM032
B737 8AJ,B738,CFM56-7B26,2,B738,B738W26,J,8CM051
B737 8AL,B738,CFM56-7B24E,2,B738,B738W26,J,01P11CM114
B737 8AL BCF,B738,CFM56-7B26,2,B738,B738W26,J,8CM051
B737 8AN,B738,CFM56-7B26,2,B738,B738W26,J,8CM051
B737 8AS,B738,CFM56-7B24,2,B738,B738W26,J,3CM032
B737 8AS BCF,B738,CFM56-7B24,2,B738,B738W26,J,3CM032
B737 8AS SF,B738,CFM56-7B24,2,B738,B738W26,J,3CM032
B737 8AW,B738,CFM56-7B26,2,B738,B738W26,J,8CM051
B737 8B5 BCF,B738,CFM56-7B26,2,B738,B738W26,J,8CM051
B737 8B6,B738,CFM56-7B26,2,B738,B738W26,J,8CM051
B737 8BG,B738,CFM56-7B27,2,B738,B738W26,J,3CM034
B737 8BK,B738,CFM56-7B26,2,B738,B738W26,J,8CM051
B737 8BK BCF,B738,CFM56-7B24,2,B738,B738W26,J,3CM032
B737 8BK SF,B738,CFM56-7B26,2,B738,B738W26,J,8CM051
B737 8C9,B738,CFM56-7BE,2,B738,B738W26,J,01P11CM121
B737 8CT,B738,CFM56-7B27,2,B738,B738W26,J,3CM034
B737 8CX,B738,CFM56-7B26,2,B738,B738W26,J,8CM051
B737 8CX SF,B738,CFM56-7B26,2,B738,B738W26,J,8CM051
B737 8D6,B738,CFM56-7B20,2,B738,B738W26,J,3CM030
B737 8D6 BCF,B738,CFM56-7B20,2,B738,B738W26,J,3CM030
B737 8DC,B738,CFM56-7B24,2,B738,B738W26,J,3CM032
B737 8DP,B738,CFM56-7B26,2,B738,B738W26,J,8CM051
B737 8DR,B738,CFM56-7B26,2,B738,B738W26,J,8CM051
B737 8DV,B738,CFM56-7B26,2,B738,B738W26,J,8CM051
B737 8DY,B738,CFM56-7B26,2,B738,B738W26,J,8CM051
B737 8E0,B738,CFM56-7B26,2,B738,B738W26,J,8CM051
B737 8E9,B738,CFM56-7BE,2,B738,B738W26,J,01P11CM121
B737 8EC,B738,CFM56-7B26,2,B738,B738W26,J,8CM051
B737 8EF,B738,CFM56-7B26,2,B738,B738W26,J,8CM051
B737 8EH,B738,CFM56-7B27E,2,B738,B738W26,J,01P11CM121
B737 8EH BCF,B738,CFM56-7B26,2,B738,B738W26,J,8CM051
B737 8EQ,B738,CFM56-7B26,2,B738,B738W26,J,8CM051
B737 8EV,B738,CFM56-7B26,2,B738,B738W26,J,8CM051
B737 8EX,B738,CFM56-7B26,2,B738,B738W26,J,8CM051
B737 8F2,B738,CFM56-7B26E,2,B738,B738W26,J,01P11CM116
B737 8F2 BCF,B738,CFM56-7B26,2,B738,B738W26,J,8CM051
B737 8FB,B738,CFM56-7BE,2,B738,B738W26,J,01P11CM121
B737 8FE,B738,CFM56-7B26,2,B738,B738W26,J,8CM051
B737 8FE BCF,B738,CFM56-7B26,2,B738,B738W26,J,8CM051
B737 8FE BDSF,B738,CFM56-7B26,2,B738,B738W26,J,8CM051
B737 8FE SF,B738,CFM56-7B26,2,B738,B738W26,J,8CM051
B737 8FH,B738,CFM56-7B26,2,B738,B738W26,J,8CM051
B737 8FH BDSF,B738,CFM56-7B26,2,B738,B738W26,J,8CM051
B737 8FN,B738,CFM56-7B26,2,B738,B738W26,J,8CM051
B737 8FV ERX P 8A,B738,CFM56-7B24,2,B738,B738W26,J,3CM032
B737 8FV P 8A,B738,CFM56-7B27E,2,B738,B738W26,J,01P11CM121
B737 8FV P 8I,B738,CFM56-7B24,2,B738,B738W26,J,3CM032
B737 8FZ,B738,CFM56-7B26,2,B738,B738W26,J,8CM051
B737 8GG,B738,CFM56-7B27,2,B738,B738W26,J,3CM034
B737 8GJ,B738,CFM56-7B26,2,B738,B738W26,J,8CM051
B737 8GK,B738,CFM56-7B26,2,B738,B738W26,J,8CM051
B737 8GP,B738,CFM56-7B24E,2,B738,B738W26,J,01P11CM114
B737 8GQ,B738,CFM56-7B26,2,B738,B738W26,J,8CM051
B737 8GS,B738,CFM56-7BE,2,B738,B738W26,J,01P11CM121
B737 8GU,B738,CFM56-7B27,2,B738,B738W26,J,3CM034
B737 8H4,B738,CFM56-7B27E,2,B738,B738W26,J,01P11CM121
B737 8H6,B738,CFM56-7B26E,2,B738,B738W26,J,01P11CM116
B737 8HC,B738,CFM56-7B26E,2,B738,B738W26,J,01P11CM116
B737 8HG,B738,CFM56-7B24,2,B738,B738W26,J,3CM032
B737 8HO,B738,CFM56-7B26,2,B738,B738W26,J,8CM051
B737 8HX,B738,CFM56-7B26,2,B738,B738W26,J,8CM051
B737 8HX SF,B738,CFM56-7B26,2,B738,B738W26,J,8CM051
B737 8JE,B738,CFM56-7B26,2,B738,B738W26,J,8CM051
B737 8JM,B738,CFM56-7B26,2,B738,B738W26,J,8CM051
B737 8JP,B738,CFM56-7B26E,2,B738,B738W26,J,01P11CM116
B737 8K2,B738,CFM56-7B24,2,B738,B738W26,J,3CM032
B737 8K2 SF,B738,CFM56-7B27,2,B738,B738W26,J,3CM034
B737 8K5,B738,CFM56-7B26,2,B738,B738W26,J,8CM051
B737 8K5 BCF,B738,CFM56-7B26,2,B738,B738W26,J,8CM051
B737 8KB,B738,CFM56-7B26,2,B738,B738W26,J,8CM051
B737 8KN,B738,CFM56-7B27E,2,B738,B738W26,J,01P11CM121
B737 8KT,B738,CFM56-7B26,2,B738,B738W26,J,8CM051
B737 8KV,B738,CFM56-7B24E,2,B738,B738W26,J,01P11CM114
B737 8LD,B738,CFM56-7BE,2,B738,B738W26,J,01P11CM121
B737 8LH,B738,CFM56-7B26E,2,B738,B738W26,J,01P11CM116
B737 8LJ,B738,CFM56-7B26E,2,B738,B738W26,J,01P11CM116
B737 8LP,B738,CFM56-7B27E,2,B738,B738W26,J,01P11CM121
B737 8LX,B738,CFM56-7B27E,2,B738,B738W26,J,01P11CM121
B737 8LZ,B738,CFM56-7B27E,2,B738,B738W26,J,01P11CM121
B737 8MA,B738,CFM56-7B26E,2,B738,B738W26,J,01P11CM116
B737 8MC,B738,CFM56-7B26E,2,B738,B738W26,J,01P11CM116
B737 8MG,B738,CFM56-7B26E,2,B738,B738W26,J,01P11CM116
B737 8Q8,B738,CFM56-7B26,2,B738,B738W26,J,8CM051
B737 8Q8 BCF,B738,CFM56-7B26,2,B738,B738W26,J,8CM051
B737 8Q8 SF,B738,CFM56-7B27,2,B738,B738W26,J,3CM034
B737 8S3,B738,CFM56-7B26,2,B738,B738W26,J,8CM051
B737 8SA,B738,CFM56-7B27E,2,B738,B738W26,J,01P11CM121
B737 8SH,B738,CFM56-7BE,2,B738,B738W26,J,01P11CM121
B737 8U3,B738,CFM56-7B26,2,B738,B738W26,J,8CM051
B737 8V3,B738,CFM56-7B26,2,B738,B738W26,J,8CM051
B737 8V3 BCF,B738,CFM56-7B26,2,B738,B738W26,J,8CM051
B737 8Z0,B738,CFM56-7B26,2,B738,B738W26,J,8CM051
B737 8Z0 BDSF,B738,CFM56-7B26,2,B738,B738W26,J,8CM051
B737 8Z6,B738,CFM56-7B26E,2,B738,B738W26,J,01P11CM116
B737 8Z9,B738,CFM56-7B26,2,B738,B738W26,J,8CM051
B737 8Z9 BCF,B738,CFM56-7B26,2,B738,B738W26,J,8CM051
B737 8ZE,B738,CFM56-7B27E,2,B738,B738W26,J,01P11CM121
B737 8ZM,B738,CFM56-7BE,2,B738,B738W26,J,01P11CM121
B737 8ZQ,B738,CFM56-7B27,2,B738,B738W26,J,3CM034
B737 8ZS,B738,CFM56-7B,2,B738,B738W26,J,3CM030
B737 9,B39M,LEAP-1B,2,B39M,,J,01P20CM140
B737 900WL,B739,CFM56-7B26E,2,B739,B739ERW26,J,01P11CM116
B737 91M ER,B738,CFM56-7B26E,2,B738,B738W26,J,01P11CM116
B737 93Y ER,B739,CFM56-7BE,2,B739,B739ERW26,J,01P11CM121
B737 94X ER,B739,CFM56-7B26,2,B739,B739ERW26,J,8CM051
B737 958 ER,B739,CFM56-7B27E,2,B739,B739ERW26,J,01P11CM121
B737 95R,B739,CFM56-7B24,2,B739,B739ERW26,J,3CM032
B737 96N ER,B739,CFM56-7B26,2,B739,B739ERW26,J,8CM051
B737 97L,B739,CFM56-7B26,2,B739,B739ERW26,J,8CM051
B737 97Y ER,B739,CFM56-7B27E,2,B739,B739ERW26,J,01P11CM121
B737 990,B739,CFM56-7B24,2,B739,B739ERW26,J,3CM032
B737 9B5,B739,CFM56-7B26,2,B739,B739ERW26,J,8CM051
B737 9BQ ER,B739,UNKNOWN,2,B739,B739ERW26,J,01P11CM121
B737 9F2 ER,B739,CFM56-7B27E,2,B739,B739ERW26,J,01P11CM121
B737 9FG ER,B739,UNKNOWN,2,B739,B739ERW26,J,01P11CM121
B737 9GJ ER,B739,CFM56-7B26,2,B739,B739ERW26,J,8CM051
B737 9GP ER,B739,CFM56-7B26,2,B739,B739ERW26,J,8CM051
B737 9HW ER,B739,UNKNOWN,2,B739,B739ERW26,J,01P11CM121
B737 9JA ER,B739,UNKNOWN,2,B739,B739ERW26,J,01P11CM121
B737 9K2,B739,CFM56-7B26,2,B739,B739ERW26,J,8CM051
B737 9KV ER,B739,CFM56-7BE,2,B739,B739ERW26,J,01P11CM121
B737 9LB ER,B739,UNKNOWN,2,B739,B739ERW26,J,01P11CM121
B737 T43A,B732,JT8D-9A/Q,2,B732,B73215,J,1PW006
B747 121 F SCD,B741,JT9D-7A,4,B742,,J,8PW087
B747 122 F SCD,B741,JT9D-7A,4,B742,,J,8PW087
B747 123 F SCD,B741,JT8D-7A,4,B742,,J,8PW085
B747 132 F SCD,B741,JT9D-7AD,4,B742,,J,8PW087
B747 146,B741,JT9D-7A,4,B742,,J,8PW087
B747 146 F SCD,B741,JT9D-7A,4,B742,,J,8PW087
B747 168B,B741,RB211-524C2,4,B742,,J,1RR006
B747 186B,B741,JT9D-7F,4,B742,,J,1PW022
B747 206B F SCD,B742,CF6-50E2,4,B742,B742RR,J,3GE077
B747 206B SCD,B742,CF6-50E2,4,B742,B742RR,J,3GE077
B747 206B SCD SUD,B742,CF6-50E2,4,B742,B742RR,J,3GE077
B747 206B SUD,B742,CF6-50E2,4,B742,B742RR,J,3GE077
B747 209B F,B742,JT9D-7Q,4,B742,B742RR,J,1PW025
B747 209B F SCD,B742,JT9D-7R4G2,4,B742,B742RR,J,1PW029
B747 212B,B742,JT9D-7Q,4,B742,B742RR,J,1PW025
B747 212B F,B742,JT9D-7Q,4,B742,B742RR,J,1PW025
B747 212B F SCD,B742,JT9D-7J,4,B742,B742RR,J,1PW024
B747 217B,B742,JT9D-7A,4,B742,B742RR,J,8PW087
B747 219B,B742,RB211-524D4,4,B742,B742RR,J,1RR007
B747 21AC SCD,B742,CF6-50E2,4,B742,B742RR,J,3GE077
B747 221F,B742,JT9D-7Q,4,B742,B742RR,J,1PW025
B747 222B F,B742,JT9D-7R4G2,4,B742,B742RR,J,1PW029
B747 228B F SCD,B742,CF6-50E2,4,B742,B742RR,J,3GE077
B747 228B SCD,B742,CF6-50E2,4,B742,B742RR,J,3GE077
B747 228F,B742,CF6-50E2,4,B742,B742RR,J,3GE077
B747 228F SCD,B742,CF6-50E2,4,B742,B742RR,J,3GE077
B747 230B,B742,CF6-50E2,4,B742,B742RR,J,3GE077
B747 230B F,B742,CF6-50E2,4,B742,B742RR,J,3GE077
B747 230B F SCD,B742,CF6-50E2,4,B742,B742RR,J,3GE077
B747 230B SCD,B742,CF6-50E2,4,B742,B742RR,J,3GE077
B747 230F SCD,B742,CF6-50E2,4,B742,B742RR,J,3GE077
B747 236B,B742,RB211-524D4,4,B742,B742RR,J,1RR007
B747 236B F,B742,RB211-524D4,4,B742,B742RR,J,1RR007
B747 236B F SCD,B742,RB211-524D4,4,B742,B742RR,J,1RR007
B747 237B,B742,JT9D-7Q,4,B742,B742RR,J,1PW025
B747 237B F,B742,JT9D-7J,4,B742,B742RR,J,1PW024
B747 238B,B742,JT9D-7J,4,B742,B742RR,J,1PW024
B747 240B SCD,B742,CF6-50E2,4,B742,B742RR,J,3GE077
B747 243B,B742,CF6-50E2,4,B742,B742RR,J,3GE077
B747 243B F SCD,B742,CF6-50E2,4,B742,B742RR,J,3GE077
B747 243B SCD,B742,CF6-50E2,4,B742,B742RR,J,3GE077
B747 243F SCD,B742,CF6-50E2,4,B742,B742RR,J,3GE077
B747 245 F SCD,B742,JT9D-70A,4,B742,B742RR,J,1PW034
B747 245F,B742,JT9D-7Q,4,B742,B742RR,J,1PW025
B747 246B,B742,JT9D-7R4G2,4,B742,B742RR,J,1PW029
B747 246B F SCD,B742,JT9D-7Q,4,B742,B742RR,J,1PW025
B747 246F,B742,JT9D-7Q,4,B742,B742RR,J,1PW025
B747 249B F SCD,B742,JT9D-7Q,4,B742,B742RR,J,1PW025
B747 251B,B742,JT9D-7Q,4,B742,B742RR,J,1PW025
B747 251B F,B742,JT9D-7Q,4,B742,B742RR,J,1PW025
B747 251B SF,B742,JT9D-7Q,4,B742,B742RR,J,1PW025
B747 251F SCD,B742,JT9D-7R4G2,4,B742,B742RR,J,1PW029
B747 256B,B742,JT9D-7Q3,4,B742,B742RR,J,1PW025
B747 258B F SCD,B742,JT9D-7F,4,B742,B742RR,J,1PW022
B747 258C SCD,B742,JT9D-7J,4,B742,B742RR,J,1PW024
B747 259B SCD,B742,JT9D-7Q,4,B742,B742RR,J,1PW025
B747 267B,B742,RB211-524D4,4,B742,B742RR,J,1RR007
B747 267B F SCD,B742,RB211-524D4,4,B742,B742RR,J,1RR007
B747 268F SCD,B742,RB211-524D4,4,B742,B742RR,J,1RR007
B747 269B SCD,B742,JT9D-7J,4,B742,B742RR,J,1PW024
B747 269F SCD,B742,JT9D-7J,4,B742,B742RR,J,1PW024
B747 271C SCD,B742,CF6-50E2,4,B742,B742RR,J,3GE077
B747 273C,B742,JT9D-7F,4,B742,B742RR,J,1PW022
B747 281B,B742,CF6-50E2,4,B742,B742RR,J,3GE077
B747 281B F,B742,CF6-50E2,4,B742,B742RR,J,3GE077
B747 281F SCD,B742,CF6-50E2,4,B742,B742RR,J,3GE077
B747 282B,B742,JT9D-7A,4,B742,B742RR,J,8PW087
B747 283B F SCD,B742,JT9D-70A,4,B742,B742RR,J,1PW034
B747 286B SCD,B742,JT9D-7F,4,B742,B742RR,J,1PW022
B747 287B,B742,JT9D-7Q,4,B742,B742RR,J,1PW025
B747 2B3B F SCD,B742,CF6-50E2,4,B742,B742RR,J,3GE077
B747 2B3B SCD,B742,CF6-50E2,4,B742,B742RR,J,3GE077
B747 2B4B F SCD,B742,JT9D-7FW,4,B742,B742RR,J,1PW022
B747 2B4B SCD,B742,JT9D-7FW,4,B742,B742RR,J,1PW022
B747 2B5B F SCD,B742,JT9D-7Q,4,B742,B742RR,J,1PW025
B747 2B5F SCD,B742,JT9D-7Q,4,B742,B742RR,J,1PW025
B747 2D3B F SCD,B742,CF6-50E2,4,B742,B742RR,J,3GE077
B747 2D7B F SCD,B742,CF6-50E2,4,B742,B742RR,J,3GE077
B747 2F6B F,B742,CF6-50E2,4,B742,B742RR,J,3GE077
B747 2J6B F SCD,B742,JT9D-7R4G2,4,B742,B742RR,J,1PW029
B747 2J6B SCD,B742,JT9D-7R4G2,4,B742,B742RR,J,1PW029
B747 2J6F SCD,B742,JT9D-7R4G2,4,B742,B742RR,J,1PW029
B747 2J9F,B742,JT9D-7F,4,B742,B742RR,J,1PW022
B747 2L5B F SCD,B742,CF6-50E2,4,B742,B742RR,J,3GE077
B747 2R7F,B742,JT9D-70A,4,B742,B742RR,J,1PW034
B747 2S4F SCD,B742,JT9D-7Q,4,B742,B742RR,J,1PW025
B747 2U3B,B742,JT9D-7Q,4,B742,B742RR,J,1PW025
B747 2U3B F,B742,JT9D-7Q,4,B742,B742RR,J,1PW025
B747 306 SCD,B743,CF6-50E2,4,B743,B743PW,J,3GE077
B747 312,B743,JT9D-7R4G2,4,B743,B743PW,J,1PW029
B747 312 SCD,B743,JT9D-7R4G2,4,B743,B743PW,J,1PW029
B747 312SF,B743,JT9D-7R4G2,4,B743,B743PW,J,1PW029
B747 329 SCD,B743,CF6-50E2,4,B743,B743PW,J,3GE077
B747 337 SCD,B743,CF6-80C2B,4,B743,B743PW,J,2GE041
B747 338,B743,RB211-524D4,4,B743,B743PW,J,1RR007
B747 341,B743,CF6-50C2B,4,B743,B743PW,J,3GE078
B747 341 SCD,B743,CF6-50E2,4,B743,B743PW,J,3GE077
B747 344,B743,JT9D-7R4G2,4,B743,B743PW,J,1PW029
B747 346,B743,JT9D-7R4G2,4,B743,B743PW,J,1PW029
B747 357,B743,JT9D-7R4G2,4,B743,B743PW,J,1PW029
B747 357 SCD,B743,JT9D-7R4G2,4,B743,B743PW,J,1PW029
B747 367,B743,RB211-524D4,4,B743,B743PW,J,1RR007
B747 368,B743,RB211-524D4,4,B743,B743PW,J,1RR007
B747 3B3,B743,CF6-50E2,4,B743,B743PW,J,3GE077
B747 3B3 SCD,B743,CF6-50E2,4,B743,B743PW,J,3GE077
B747 3B5,B743,JT9D-7R4G2,4,B743,B743PW,J,1PW029
B747 3B5 SCD,B743,JT9D-7R4G2,4,B743,B743PW,J,1PW029
B747 3D7,B743,CF6-80C2B1,4,B743,B743PW,J,2GE041
B747 3G1,B743,JT9D-7R4G2,4,B743,B743PW,J,1PW029
B747 3H6 SCD,B743,JT9D-7R4G2,4,B743,B743PW,J,1PW029
B747 406,B744,CF6-80C2B1F,4,B744,B744GE,J,01P02GE186
B747 406 SCD,B744,CF6-80C2B1F,4,B744,B744GE,J,01P02GE186
B747 406ERF,B744,CF6-80C2B5F,4,B744,B744ERGE,J,01P03GE187
B747 409,B744,PW4056,4,B744,B744GE,J,1PW042
B747 409 BDSF,B744,PW4056,4,B744,B744GE,J,1PW042
B747 409 LCF,BLCF,PW4056,4,A346,,J,1PW042
B747 409F,B744,PW4056,4,B744,B744GE,J,1PW042
B747 40BERF,B744,CF6-80C2B5F,4,B744,B744ERGE,J,01P03GE187
B747 412,B744,PW4056,4,B744,B744GE,J,1PW042
B747 412 BCF,B744,PW4056,4,B744,B744GE,J,1PW042
B747 412 BDSF,B744,PW4056,4,B744,B744GE,J,1PW042
B747 412F,B744,PW4056,4,B744,B744GE,J,1PW042
B747 419,B744,RB211-524G,4,B744,B744GE,J,1RR010
B747 419 BDSF,B744,RB211-524G,4,B744,B744GE,J,1RR010
B747 41BF,B744,CF6-80C2B1F,4,B744,B744GE,J,01P02GE186
B747 41R,B744,CF6-80C2B1F,4,B744,B744GE,J,01P02GE186
B747 422,B744,PW4056,4,B744,B744GE,J,1PW042
B747 428,B744,CF6-80C2B1F,4,B744,B744GE,J,01P02GE186
B747 428 BCF,B744,CF6-80C2B1F,4,B744,B744GE,J,01P02GE186
B747 428 ER,B744,CF6-80C2B5F,4,B744,B744ERGE,J,01P03GE187
B747 428 SCD,B744,CF6-80C2B1F,4,B744,B744GE,J,01P02GE186
B747 428 SCD BCF,B744,CF6-80C2B1F,4,B744,B744GE,J,01P02GE186
B747 428ERF,B744,CF6-80C2B1F,4,B744,B744ERGE,J,01P02GE186
B747 428F SCD,B744,CF6-80C2B1F,4,B744,B744GE,J,01P02GE186
B747 430,B744,CF6-80C2B1F,4,B744,B744GE,J,01P02GE186
B747 430 SCD,B744,CF6-80C2B1F,4,B744,B744GE,J,01P02GE186
B747 433 BDSF,B744,PW4056,4,B744,B744GE,J,1PW042
B747 433 SCD,B744,PW4056,4,B744,B744GE,J,1PW042
B747 436,B744,RB211-524H2,4,B744,B744GE,J,1RR011
B747 437,B744,PW4056,4,B744,B744GE,J,1PW042
B747 438,B744,RB211-524G2,4,B744,B744GE,J,1RR010
B747 438 ER,B744,CF6-80C2B5F,4,B744,B744ERGE,J,01P03GE187
B747 441,B744,CF6-80C2B1F,4,B744,B744GE,J,01P02GE186
B747 443,B744,CF6-80C2B1F,4,B744,B744GE,J,01P02GE186
B747 444,B744,RB211-524H,4,B744,B744GE,J,1RR011
B747 444 BCF,B744,RB211-524H,4,B744,B744GE,J,1RR011
B747 446,B744,CF6-80C2B1F,4,B744,B744GE,J,01P02GE186
B747 446 BCF,B744,CF6-80C2B1F,4,B744,B744GE,J,01P02GE186
B747 446 BDSF,B744,CF6-80C2B1F,4,B744,B744GE,J,01P02GE186
B747 446F,B744,CF6-80C2B1F,4,B744,B744GE,J,01P02GE186
B747 44AF,B744,RB211-524G/H-T,4,B744,B744GE,J,4RR036
B747 451,B744,PW4056,4,B744,B744GE,J,1PW042
B747 458,B744,PW4056,4,B744,B744GE,J,1PW042
B747 45E,B744,CF6-80C2B1F,4,B744,B744GE,J,01P02GE186
B747 45E BCF,B744,CF6-80C2B1F,4,B744,B744GE,J,01P02GE186
B747 45E BDSF,B744,CF6-80C2B1F,4,B744,B744GE,J,01P02GE186
B747 45EF,B744,CF6-80C2B1F,4,B744,B744GE,J,01P02GE186
B747 467,B744,RB211-524H,4,B744,B744GE,J,1RR011
B747 467 BCF,B744,RB211-524H,4,B744,B744GE,J,1RR011
B747 467 ERF,B744,CF6-80C2B1F,4,B744,B744ERGE,J,01P02GE186
B747 467ERF,B744,CF6-80C2B1F,4,B744,B744ERGE,J,01P02GE186
B747 467F,B744,RB211-524H,4,B744,B744GE,J,1RR011
B747 467F SCD,B744,RB211-524H,4,B744,B744GE,J,1RR011
B747 468,B744,CF6-80C2B1F,4,B744,B744GE,J,01P02GE186
B747 469,B744,CF6-80C2B1F,4,B744,B744GE,J,01P02GE186
B747 46NERF,B744,CF6-80C2B5F,4,B744,B744ERGE,J,01P03GE187
B747 46NF,B744,CF6-80C2B1F,4,B744,B744GE,J,01P02GE186
B747 475,B744,CF6-80C2B1F,4,B744,B744GE,J,01P02GE186
B747 47C,B744,CF6-80C2B1F,4,B744,B744GE,J,01P02GE186
B747 47UF,B744,CF6-80C2B1F,4,B744,B744GE,J,01P02GE186
B747 481,B744,CF6-80C2B1F,4,B744,B744GE,J,01P02GE186
B747 481 BCF,B744,CF6-80C2B1F,4,B744,B744GE,J,01P02GE186
B747 481 BDSF,B744,CF6-80C2B1F,4,B744,B744GE,J,01P02GE186
B747 481 F,B744,CF6-80C2B1F,4,B744,B744GE,J,01P02GE186
B747 481F,B744,CF6-80C2B1F,4,B744,B744GE,J,01P02GE186
B747 48E,B744,CF6-80C2B1F,4,B744,B744GE,J,01P02GE186
B747 48E BDSF,B744,CF6-80C2B1F,4,B744,B744GE,J,01P02GE186
B747 48EF,B744,CF6-80C2B1F,4,B744,B744GE,J,01P02GE186
B747 4B3,B744,CF6-80C2B,4,B744,B744GE,J,01P02GE186
B747 4B3 BCF,B744,CF6-80C2B,4,B744,B744GE,J,01P02GE186
B747 4B5,B744,PW4056,4,B744,B744GE,J,1PW042
B747 4B5 BCF,B744,PW4056,4,B744,B744GE,J,1PW042
B747 4B5 ERF,B744,PW4062,4,B744,B744ERGE,J,12PW102
B747 4B5ERF,B744,PW4062,4,B744,B744ERGE,J,12PW102
B747 4B5F,B744,PW4056,4,B744,B744GE,J,1PW042
B747 4D7,B744,CF6-80C2B1F,4,B744,B744GE,J,01P02GE186
B747 4D7 BCF,B744,CF6-80C2B1F,4,B744,B744GE,J,01P02GE186
B747 4EVERF,B744,CF6-80C2B5F,4,B744,B744ERGE,J,01P03GE187
B747 4F6,B744,CF6-80C2B1F,4,B744,B744GE,J,01P02GE186
B747 4F6 BDSF,B744,CF6-80C2B1F,4,B744,B744GE,J,01P02GE186
B747 4FTF,B744,PW4056,4,B744,B744GE,J,1PW042
B747 4H6,B744,PW4056,4,B744,B744GE,J,1PW042
B747 4H6 BCF,B744,CF6-80C2B1F,4,B744,B744GE,J,01P02GE186
B747 4H6 BDSF,B744,PW4056,4,B744,B744GE,J,1PW042
B747 4H6 LCF,BLCF,PW4056,4,A346,,J,1PW042
B747 4H6F,B744,PW4056,4,B744,B744GE,J,1PW042
B747 4HAERF,B744,CF6-80C2B5F,4,B744,B744ERGE,J,01P03GE187
B747 4HQERF,B744,CF6-80C2B5F,4,B744,B744ERGE,J,01P03GE187
B747 4J6,B744,PW4056,4,B744,B744GE,J,1PW042
B747 4J6 BCF,B744,PW4056,4,B744,B744GE,J,1PW042
B747 4J6 LCF,BLCF,PW4056,4,A346,,J,1PW042
B747 4J6 SCD,B744,PW4056,4,B744,B744GE,J,1PW042
B747 4KZF,B744,CF6-80C2B1F,4,B744,B744GE,J,01P02GE186
B747 4P8,B744,CF6-80C2B1F,4,B744,B744GE,J,01P02GE186
B747 4Q8,B744,CF6-80C2B1F,4,B744,B744GE,J,01P02GE186
B747 4R7F,B744,RB211-524G/H-T,4,B744,B744GE,J,4RR036
B747 4R7F SCD,B744,RB211-524G/H-T,4,B744,B744GE,J,4RR036
B747 4U3,B744,CF6-80C2B1F,4,B744,B744GE,J,01P02GE186
B747 830,B748,GENX-2B67,4,B748,B748F,J,11GE139
B747 83QF,B748,GENX-2B67,4,B748,B748F,J,11GE139
B747 85M,B748,GENX-2B67,4,B748,B748F,J,11GE139
B747 867F,B748,GENX-2B67,4,B748,B748F,J,11GE139
B747 87UF,B748,GENX-2B67,4,B748,B748F,J,11GE139
B747 89L,B748,GENX-2B67,4,B748,B748F,J,11GE139
B747 8B5,B748,GENX-2B67,4,B748,B748F,J,11GE139
B747 8B5 F,B748,GENX-2B67,4,B748,B748F,J,11GE139
B747 8F,B748,GENX-2B67,4,B748,B748F,J,11GE139
B747 8H0,B748,GENX-2B67,4,B748,B748F,J,11GE139
B747 8HTF,B748,GENX-2B67,4,B748,B748F,J,11GE139
B747 8HVF,B748,GENX-2B67,4,B748,B748F,J,11GE139
B747 8I,B748,GENX-2B67,4,B748,B748F,J,11GE139
B747 8JA,B748,GENX-2B67,4,B748,B748F,J,11GE139
B747 8JK,B748,GENX-2B67,4,B748,B748F,J,11GE139
B747 8KB,B748,GENX-2B67,4,B748,B748F,J,11GE139
B747 8KV,B748,GENX-2B67,4,B748,B748F,J,11GE139
B747 8KZF,B748,GENX-2B67,4,B748,B748F,J,11GE139
B747 8LQ,B748,GENX-2B67,4,B748,B748F,J,11GE139
B747 8R7F,B748,GENX-2B67,4,B748,B748F,J,11GE139
B747 8Z5,B748,GENX-2B67,4,B748,B748F,J,11GE139
B747 E 4B,B744,UNKNOWN,4,B744,B742RR,J,1RR007
B747SP 09,B74S,JT9D-7A,4,B742,,J,8PW087
B747SP 21,B74S,JT8D-7A,4,B742,,J,8PW085
B747SP 27,B74S,JT9D-7J,4,B742,,J,1PW024
B747SP 31,B74S,RB211-524D4,4,B742,,J,1RR007
B747SP 68,B74S,RB211-524C2,4,B742,,J,1RR006
B747SP 86,B74S,JT9D-7F,4,B742,,J,1PW022
B747SP 94,B74S,JT9D-7,4,B742,,J,8PW086
B747SR 46 F SCD,B74R,JT9D-7A,4,B742,,J,8PW087
B747SR 81 F SCD,B74R,CF6-45A2,4,B742,,J,3GE068
B757 204,B752,RB211-535E4,2,B752,B752WRR40,J,5RR038
B757 204 F,B752,RB211-535E4,2,B752,B752WRR40,J,5RR038
B757 204 F WL,B752,RB211-535E4,2,B752,B752WRR40,J,5RR038
B757 204 PCF,B752,RB211-535E4,2,B752,B752WRR40,J,5RR038
B757 204 PCF WL,B752,RB211-535E4,2,B752,B752WRR40,J,5RR038
B757 204 WL,B752,RB211-535E4,2,B752,B752WRR40,J,5RR038
B757 208 PCF,B752,RB511-535E4,2,B752,B752WRR40,J,5RR038
B757 208 WL,B752,RB511-535E4,2,B752,B752WRR40,J,5RR038
B757 212,B752,PW2037,2,B752,B752WRR40,J,4PW072
B757 21B,B752,RB211-535E4,2,B752,B752WRR40,J,5RR038
B757 21B F,B752,RB211-535E4,2,B752,B752WRR40,J,5RR038
B757 222 F WL,B752,PW2037,2,B752,B752WRR40,J,4PW072
B757 222 PCF,B752,PW2037,2,B752,B752WRR40,J,4PW072
B757 223,B752,RB211-535E4-B,2,B752,B752WRR40,J,5RR039
B757 223 F,B752,RB211-535E4-B,2,B752,B752WRR40,J,5RR039
B757 223 F WL,B752,RB211-535E4-B,2,B752,B752WRR40,J,5RR039
B757 223 PCF WL,B752,RB211-535E4-B,2,B752,B752WRR40,J,5RR039
B757 223 WL,B752,RB211-535E4-B,2,B752,B752WRR40,J,5RR039
B757 224,B752,RB211-535E4-B,2,B752,B752WRR40,J,5RR039
B757 224 WL,B752,RB211-535E4-B,2,B752,B752WRR40,J,5RR039
B757 225,B752,RB211-535E4,2,B752,B752WRR40,J,5RR038
B757 225 ASF,B752,RB211-535E4,2,B752,B752WRR40,J,5RR038
B757 225 F,B752,RB211-535E4,2,B752,B752WRR40,J,5RR038
B757 225 WL,B752,RB211-535E4,2,B752,B752WRR40,J,5RR038
B757 22K,B752,RB211-535E4,2,B752,B752WRR40,J,5RR038
B757 22L,B752,RB211-535E4,2,B752,B752WRR40,J,5RR038
B757 230,B752,PW2040,2,B752,B752WRR40,J,4PW073
B757 230 WL,B752,PW2040,2,B752,B752WRR40,J,4PW073
B757 230F,B752,PW2040,2,B752,B752WRR40,J,4PW073
B757 230F WL,B752,PW2040,2,B752,B752WRR40,J,4PW073
B757 231,B752,PW2037,2,B752,B752WRR40,J,4PW072
B757 231 F,B752,PW2037,2,B752,B752WRR40,J,4PW072
B757 231 WL,B752,PW2037,2,B752,B752WRR40,J,4PW072
B757 232 PCF,B752,PW2037,2,B752,B752WRR40,J,4PW072
B757 232 WL,B752,PW2037,2,B752,B752WRR40,J,4PW072
B757 236,B752,RB211-535E4,2,B752,B752WRR40,J,5RR038
B757 236 F,B752,RB211-535E4,2,B752,B752WRR40,J,5RR038
B757 236 PF,B752,RB211-535E4,2,B752,B752WRR40,J,5RR038
B757 236 PF WL,B752,RB211-535E4,2,B752,B752WRR40,J,5RR038
B757 236 S,B752,RB211-535C,2,B752,B752WRR40,J,1RR012
B757 236 SF,B752,RB211-535C,2,B752,B752WRR40,J,1RR012
B757 236 SF WL,B752,RB211-535E4,2,B752,B752WRR40,J,5RR038
B757 23A,B752,RB211-535E4,2,B752,B752WRR40,J,5RR038
B757 23A F,B752,RB211-535E4,2,B752,B752WRR40,J,5RR038
B757 23APF,B752,RB211-535E4,2,B752,B752WRR40,J,5RR038
B757 23N,B752,RB211-535E4,2,B752,B752WRR40,J,5RR038
B757 23N PCF,B752,RB211-535E4,2,B752,B752WRR40,J,5RR038
B757 23N PCF WL,B752,RB211-535E4,2,B752,B752WRR40,J,5RR038
B757 23N SF,B752,RB211-535E4,2,B752,B752WRR40,J,5RR038
B757 23N WL,B752,RB211-535E4,2,B752,B752WRR40,J,5RR038
B757 23P,B752,PW2037,2,B752,B752WRR40,J,4PW072
B757 24APF,B752,PW2040,2,B752,B752WRR40,J,4PW073
B757 24Q,B752,PW2040,2,B752,B752WRR40,J,4PW073
B757 251,B752,PW2037,2,B752,B752WRR40,J,4PW072
B757 251 WL,B752,PW2037,2,B752,B752WRR40,J,4PW072
B757 256,B752,RB211-535E4,2,B752,B752WRR40,J,5RR038
B757 256 F,B752,RB211-535E4,2,B752,B752WRR40,J,5RR038
B757 256 F WL,B752,RB211-535E4,2,B752,B752WRR40,J,5RR038
B757 256 PCF WL,B752,RB211-535E4,2,B752,B752WRR40,J,5RR038
B757 256 WL,B752,RB211-535E4,2,B752,B752WRR40,J,5RR038
B757 258,B752,RB211-535E4,2,B752,B752WRR40,J,5RR038
B757 258 SF,B752,RB211-535E4,2,B752,B752WRR40,J,5RR038
B757 25C F,B752,RB211-535E4,2,B752,B752WRR40,J,5RR038
B757 25F,B752,RB211-535E4,2,B752,B752WRR40,J,5RR038
B757 260,B752,PW2040,2,B752,B752WRR40,J,4PW073
B757 260 PCF,B752,PW2040,2,B752,B752WRR40,J,4PW073
B757 260PF,B752,PW2040,2,B752,B752WRR40,J,4PW073
B757 26D,B752,PW2037,2,B752,B752WRR40,J,4PW072
B757 26D WL,B752,PW2037,2,B752,B752WRR40,J,4PW072
B757 27A F,B752,PW2040,2,B752,B752WRR40,J,4PW073
B757 27A PCF,B752,PW2037,2,B752,B752WRR40,J,4PW072
B757 27B,B752,RB211-535E4,2,B752,B752WRR40,J,5RR038
B757 27B F,B752,RB211-535E4,2,B752,B752WRR40,J,5RR038
B757 27B WL,B752,RB211-535E4,2,B752,B752WRR40,J,5RR038
B757 28A,B752,RB211-535E4,2,B752,B752WRR40,J,5RR038
B757 28A ASF,B752,RB211-535E4,2,B752,B752WRR40,J,5RR038
B757 28A F,B752,RB211-535E4,2,B752,B752WRR40,J,5RR038
B757 28A F WL,B752,RB211-535E4,2,B752,B752WRR40,J,5RR038
B757 28A PCF WL,B752,RB211-535E4,2,B752,B752WRR40,J,5RR038
B757 28A WL,B752,RB211-535E4,2,B752,B752WRR40,J,5RR038
B757 28S,B752,RB211-535E4,2,B752,B752WRR40,J,5RR038
B757 28S F,B752,RB211-535E4,2,B752,B752WRR40,J,5RR038
B757 29J,B752,PW2037,2,B752,B752WRR40,J,4PW072
B757 2B6,B752,PW2037,2,B752,B752WRR40,J,4PW072
B757 2B6 PCF WL,B752,PW2037,2,B752,B752WRR40,J,4PW072
B757 2B7,B752,RB211-535E4,2,B752,B752WRR40,J,5RR038
B757 2B7 F,B752,RB211-535E4,2,B752,B752WRR40,J,5RR038
B757 2B7 F WL,B752,RB211-535E4,2,B752,B752WRR40,J,5RR038
B757 2B7 SF,B752,RB211-535E4,2,B752,B752WRR40,J,5RR038
B757 2B7 WL,B752,RB211-535E4,2,B752,B752WRR40,J,5RR038
B757 2G5,B752,RB211-535E4,2,B752,B752WRR40,J,5RR038
B757 2G5 F,B752,RB211-535E4,2,B752,B752WRR40,J,5RR038
B757 2G5 PCF WL,B752,RB211-535E4,2,B752,B752WRR40,J,5RR038
B757 2J4,B752,RB211-535E4,2,B752,B752WRR40,J,5RR038
B757 2K2,B752,RB211-535E4-37,2,B752,B752WRR40,J,5RR038
B757 2K2 WL,B752,RB211-535E4-37,2,B752,B752WRR40,J,5RR038
B757 2M6,B752,RB211-535E4,2,B752,B752WRR40,J,5RR038
B757 2Q8,B752,PW2037,2,B752,B752WRR40,J,4PW072
B757 2Q8 F,B752,PW2040,2,B752,B752WRR40,J,4PW073
B757 2Q8 F WL,B752,PW2040,2,B752,B752WRR40,J,4PW073
B757 2Q8 WL,B752,PW2037,2,B752,B752WRR40,J,4PW072
B757 2T7,B752,RB211-535E4,2,B752,B752WRR40,J,5RR038
B757 2T7 F,B752,RB211-535E4,2,B752,B752WRR40,J,5RR038
B757 2Y0,B752,RB211-535E4,2,B752,B752WRR40,J,5RR038
B757 2Y0 F,B752,RB211-535E4,2,B752,B752WRR40,J,5RR038
B757 2Y0 WL,B752,RB211-535E4,2,B752,B752WRR40,J,5RR038
B757 2Z0,B752,RB211-535E4,2,B752,B752WRR40,J,5RR038
B757 2Z0 F,B752,RB211-535E4,2,B752,B752WRR40,J,5RR038
B757 308 WL,B753,RB211-535E4-B-37,2,B753,B753RR,J,5RR039
B757 330,B753,RB211-535E4-B,2,B753,B753RR,J,5RR039
B757 330 WL,B753,RB211-535E4-B,2,B753,B753RR,J,5RR039
B757 33N,B753,RB211-535E4-C,2,B753,B753RR,J,5RR038
B757 351 WL,B753,PW2043,2,B753,B753RR,J,4PW073
B757 3CQ,B753,RB211-535E4-B-37,2,B753,B753RR,J,5RR039
B757 3E7,B753,RB211-535E4-B,2,B753,B753RR,J,5RR039
B757 3E7 WL,B753,RB211-535E4-B,2,B753,B753RR,J,5RR039
B767 201 ER,B762,CF6-80C2B2,2,B762,B762ERPW56,J,2GE042
B767 204 ER,B762,CF6-80A2,2,B762,B762ERPW56,J,1GE012
B767 204 ER BDSF,B762,CF6-80A2,2,B762,B762ERPW56,J,1GE012
B767 205 ER,B762,JT9D-7R4D,2,B762,B762ERPW56,J,1PW026
B767 209 ER,B762,JT9D-7R4D,2,B762,B762ERPW56,J,1PW026
B767 216 ER,B762,CF6-80A2,2,B762,B762ERPW56,J,1GE012
B767 219 ER,B762,CF6-80C2B2,2,B762,B762ERPW56,J,2GE042
B767 219 ER BDSF,B762,CF6-80A2,2,B762,B762ERPW56,J,1GE012
B767 222,B762,JT9D-7R4D,2,B762,B762GE50,J,1PW026
B767 222 ER,B762,JT9D-7R4D,2,B762,B762ERPW56,J,1PW026
B767 223 BDSF,B762,CF6-80A2,2,B762,B762GE50,J,1GE012
B767 223 ER,B762,CF6-80A2,2,B762,B762ERPW56,J,1GE012
B767 224 ER,B762,CF6-80C2B4F,2,B762,B762ERPW56,J,2GE047
B767 224 ER BDSF,B762,CF6-80C2B4F,2,B762,B762GE50,J,2GE047
B767 231 ER,B762,JT9D-7R4D,2,B762,B762ERPW56,J,1PW026
B767 231 ER BDSF,B762,JT9D-7R4D,2,B762,B762ERPW56,J,1PW026
B767 232 BDSF,B762,CF6-80A,2,B762,B762GE50,J,1GE010
B767 233,B762,JT9D-7R4D,2,B762,B762GE50,J,1PW026
B767 233 ER,B762,JT9D-7R4D1,2,B762,B762ERPW56,J,1PW026
B767 238 ER,B762,JT9D-7R4E,2,B762,B762ERPW56,J,1PW027
B767 23B ER,B762,CF6-80C2B4,2,B762,B762ERPW56,J,2GE043
B767 241 ER,B762,CF6-80C2B2,2,B762,B762ERPW56,J,2GE042
B767 246,B762,JT9D-7R4D,2,B762,B762GE50,J,1PW026
B767 24N ER,B762,CF6-80C2B7F,2,B762,B762ERPW56,J,2GE054
B767 258,B762,JT9D-7R4D,2,B762,B762GE50,J,1PW026
B767 258 ER,B762,JT9D-7R4D,2,B762,B762ERPW56,J,1PW026
B767 259 ER,B762,PW4056,2,B762,B762ERPW56,J,1PW042
B767 25D ER,B762,CF6-80C2B4,2,B762,B762ERPW56,J,2GE043
B767 25E BDSF,B762,CF6-80C2B2F,2,B762,B762GE50,J,2GE046
B767 260 ER,B762,JT9D-7R4E,2,B762,B762ERPW56,J,1PW027
B767 266 ER,B762,JT9D-7R4E,2,B762,B762ERPW56,J,1PW027
B767 269 ER,B762,JT9D-7R4E4,2,B762,B762ERPW56,J,1PW028
B767 277,B762,CF6-80A,2,B762,B762GE50,J,1GE010
B767 27E ER,B762,PW4060,2,B762,B762ERPW56,J,12PW101
B767 27G ER,B762,CF6-80C2B6F,2,B762,B762ERPW56,J,01P02GE188
B767 281 BDSF,B762,CF6-80A,2,B762,B762GE50,J,1GE010
B767 283 ER,B762,PW4056,2,B762,B762ERPW56,J,1PW042
B767 284 ER,B762,PW4056,2,B762,B762ERPW56,J,1PW042
B767 2AX ER,B762,CF6-80C2B6F,2,B762,B762ERPW56,J,01P02GE188
B767 2B1 ER,B762,PW4056,2,B762,B762ERPW56,J,1PW042
B767 2B7 ER,B762,CF6-80C2B2,2,B762,B762ERPW56,J,2GE042
B767 2DX ER,B762,UNKNOWN,2,B762,B762ERPW56,J,2GE046
B767 2EY TANKER,B762,CF6-80C2B6F,2,B762,B762GE50,J,01P02GE188
B767 2FK ER,B762,CF6-80C2B6F,2,B762,B762ERPW56,J,01P02GE188
B767 2J6 ER,B762,PW4052,2,B762,B762ERPW56,J,1PW042
B767 2N0 ER,B762,PW4056,2,B762,B762ERPW56,J,1PW042
B767 2Q8 ER,B762,CF6-80C2B4,2,B762,B762ERPW56,J,2GE043
B767 300 F,B763,CF6-80C2B7F,2,B763,B763PW60,J,2GE054
B767 304 ER,B763,CF6-80C2B7F,2,B763,B763ERGE61,J,2GE054
B767 304 ER BCF WL,B763,CF6-80C2B7F,2,B763,B763ERGE61,J,2GE054
B767 304 ER F WL,B763,CF6-80C2B7F,2,B763,B763ERGE61,J,2GE054
B767 304 ER WL,B763,CF6-80C2B7F,2,B763,B763ERGE61,J,2GE054
B767 304 ER WL BDSF,B763,CF6-80C2B7F,2,B763,B763ERGE61,J,2GE054
B767 306 ER,B763,CF6-80C2B6F,2,B763,B763ERGE61,J,01P02GE188
B767 306 ER BCF,B763,CF6-80C2B6F,2,B763,B763ERGE61,J,01P02GE188
B767 306 ER BDSF,B763,CF6-80C2B6F,2,B763,B763ERGE61,J,01P02GE188
B767 306 ER BDSF WL,B763,CF6-80C2B7F,2,B763,B763ERGE61,J,2GE054
B767 316 ER,B763,CF6-80C2B7F,2,B763,B763ERGE61,J,2GE054
B767 316 ER BCF WL,B763,CF6-80C2B7F,2,B763,B763ERGE61,J,2GE054
B767 316 ER BDSF WL,B763,CF6-80C2B7F,2,B763,B763ERGE61,J,2GE054
B767 316 ER WL,B763,CF6-80C2B7F,2,B763,B763ERGE61,J,2GE054
B767 316F ER,B763,CF6-80C2B7F,2,B763,B763ERGE61,J,2GE054
B767 316F ER WL,B763,CF6-80C2B7F,2,B763,B763ERGE61,J,2GE054
B767 319 ER,B763,CF6-80C2B6F,2,B763,B763ERGE61,J,01P02GE188
B767 319 ER BCF WL,B763,CF6-80C2B6F,2,B763,B763ERGE61,J,01P02GE188
B767 319 ER BDSF,B763,CF6-80C2B6F,2,B763,B763ERGE61,J,01P02GE188
B767 319 ER BDSF WL,B763,CF6-80C2B6F,2,B763,B763ERGE61,J,01P02GE188
B767 319 ER WL,B763,CF6-80C2B6F,2,B763,B763ERGE61,J,01P02GE188
B767 31A ER,B763,PW4060,2,B763,B763ERGE61,J,12PW101
B767 31A ER WL,B763,PW4060,2,B763,B763ERGE61,J,12PW101
B767 31B ER BCF WL,B763,CF6-80C2B6F,2,B763,B763ERGE61,J,01P02GE188
B767 31B ER WL,B763,CF6-80C2B6F,2,B763,B763ERGE61,J,01P02GE188
B767 31K ER WL,B763,CF6-80C2B7F,2,B763,B763ERGE61,J,2GE054
B767 31K ER WL BDSF,B763,CF6-80C2B7F,2,B763,B763ERGE61,J,2GE054
B767 322 ER,B763,PW4060,2,B763,B763ERGE61,J,12PW101
B767 322 ER WL,B763,PW4052,2,B763,B763ERGE61,J,1PW042
B767 323,B763,CF6-80C2B6,2,B763,B763PW60,J,2GE044
B767 323 ER,B763,CF6-80C2B6,2,B763,B763ERGE61,J,2GE044
B767 323 ER BDSF,B763,CF6-80C2B6,2,B763,B763ERGE61,J,2GE044
B767 323 ER WL,B763,CF6-80C2B6,2,B763,B763ERGE61,J,2GE044
B767 323 ER WL BCF,B763,CF6-80C2B6,2,B763,B763ERGE61,J,2GE044
B767 323 ER WL BDSF,B763,CF6-80C2B6,2,B763,B763ERGE61,J,2GE044
B767 323 WL,B763,CF6-80C2B6,2,B763,B763PW60,J,2GE044
B767 324 ER,B763,CF6-80C2B7F,2,B763,B763ERGE61,J,2GE054
B767 324 ER BCF WL,B763,CF6-80C2B6,2,B763,B763ERGE61,J,2GE044
B767 324 ER BDSF WL,B763,CF6-80C2B6,2,B763,B763ERGE61,J,2GE044
B767 324 ER WL,B763,CF6-80C2B6,2,B763,B763ERGE61,J,2GE044
B767 328 ER,B763,CF6-80C2B6F,2,B763,B763ERGE61,J,01P02GE188
B767 328 ER BCF,B763,CF6-80C2B6F,2,B763,B763ERGE61,J,01P02GE188
B767 328 ER BDSF,B763,CF6-80C2B6F,2,B763,B763ERGE61,J,01P02GE188
B767 32K ER,B763,CF6-80C2B7F,2,B763,B763ERGE61,J,2GE054
B767 32L ER,B763,CF6-80C2B7F,2,B763,B763ERGE61,J,2GE054
B767 32LF,B763,CF6-80C2B7F,2,B763,B763PW60,J,2GE054
B767 32LF WL,B763,CF6-80C2B7F,2,B763,B763PW60,J,2GE054
B767 330 ER,B763,PW4060,2,B763,B763ERGE61,J,12PW101
B767 330 ER BDSF WL,B763,PW4060,2,B763,B763PW60,J,12PW101
B767 330 ER WL,B763,PW4060,2,B763,B763ERGE61,J,12PW101
B767 332,B763,CF6-80A2,2,B763,B763PW60,J,1GE012
B767 332 ER,B763,PW4060,2,B763,B763ERGE61,J,12PW101
B767 332 ER BDSF WL,B763,PW4060,2,B763,B763PW60,J,12PW101
B767 332 ER WL,B763,PW4060,2,B763,B763ERGE61,J,12PW101
B767 332 WL,B763,PW4060,2,B763,B763PW60,J,12PW101
B767 333 ER BCF WL,B763,PW4060,2,B763,B763PW60,J,12PW101
B767 333 ER BDSF WL,B763,PW4060,2,B763,B763PW60,J,12PW101
B767 333 ER WL,B763,PW4060,2,B763,B763ERGE61,J,12PW101
B767 336,B763,RB211-524H,2,B763,B763PW60,J,1RR011
B767 336 ER,B763,RB211-524H,2,B763,B763ERGE61,J,1RR011
B767 338 ER,B763,CF6-80C2B6,2,B763,B763ERGE61,J,2GE044
B767 338 ER BCF,B763,CF6-80C2B6,2,B763,B763ERGE61,J,2GE044
B767 338 ER BDSF,B763,CF6-80C2B6,2,B763,B763ERGE61,J,2GE044
B767 338 ER BDSF WL,B763,CF6-80C2B6,2,B763,B763ERGE61,J,2GE044
B767 33A ER,B763,CF6-80C2B6F,2,B763,B763ERGE61,J,01P02GE188
B767 33A ER BCF,B763,PW4060,2,B763,B763PW60,J,12PW101
B767 33A ER BDSF,B763,CF6-80C2B6F,2,B763,B763ERGE61,J,01P02GE188
B767 33A ER BDSF WL,B763,PW4060,2,B763,B763PW60,J,12PW101
B767 33A ER WL,B763,PW4056,2,B763,B763ERGE61,J,1PW042
B767 33P ER,B763,PW4062,2,B763,B763ERGE61,J,12PW102
B767 33P ER BCF,B763,PW4062,2,B763,B763ERGE61,J,12PW102
B767 341 ER,B763,CF6-80C2B6,2,B763,B763ERGE61,J,2GE044
B767 341 ER BCF,B763,CF6-80C2B6,2,B763,B763ERGE61,J,2GE044
B767 343 ER,B763,CF6-80C2B6F,2,B763,B763ERGE61,J,01P02GE188
B767 343 ER WL,B763,CF6-80C2B6F,2,B763,B763ERGE61,J,01P02GE188
B767 346 ER BCF,B763,CF6-80C2B7F,2,B763,B763ERGE61,J,2GE054
B767 346 ER BCF WL,B763,CF6-80C2B7F,2,B763,B763ERGE61,J,2GE054
B767 346F ER,B763,CF6-80C2B6F,2,B763,B763ERGE61,J,01P02GE188
B767 34AF ER,B763,CF6-80C2B7F,2,B763,B763ERGE61,J,2GE054
B767 34AF ER WL,B763,CF6-80C2B7F,2,B763,B763ERGE61,J,2GE054
B767 34G ER WL,B763,CF6-80C2B7F,2,B763,B763ERGE61,J,2GE054
B767 34P ER,B763,CF6-80C2B4F,2,B763,B763ERGE61,J,2GE047
B767 352 ER,B763,PW4062,2,B763,B763ERGE61,J,12PW102
B767 35D ER,B763,CF6-80C2B6,2,B763,B763ERGE61,J,2GE044
B767 35E ER BCF WL,B763,CF6-80C2B6F,2,B763,B763ERGE61,J,01P02GE188
B767 35H ER,B763,CF6-80C2B6F,2,B763,B763ERGE61,J,01P02GE188
B767 35H ER BDSF,B763,CF6-80C2B6F,2,B763,B763ERGE61,J,01P02GE188
B767 360 ER,B763,PW4062,2,B763,B763ERGE61,J,12PW102
B767 360 ER BDSF WL,B763,PW4062,2,B763,B763ERGE61,J,12PW102
B767 360 ER WL,B763,PW4062,2,B763,B763ERGE61,J,12PW102
B767 366 ER,B763,PW4060,2,B763,B763ERGE61,J,12PW101
B767 36D ER,B763,PW4060,2,B763,B763ERGE61,J,12PW101
B767 36D ER BCF,B763,PW4060,2,B763,B763PW60,J,12PW101
B767 36N ER,B763,PW4060,2,B763,B763ERGE61,J,12PW101
B767 36N ER BCF,B763,PW4060,2,B763,B763ERGE61,J,12PW101
B767 36N ER BCF WL,B763,PW4060,2,B763,B763PW60,J,12PW101
B767 36N ER BDSF,B763,PW4060,2,B763,B763ERGE61,J,12PW101
B767 36N ER BDSF WL,B763,PW4060,2,B763,B763ERGE61,J,12PW101
B767 36N ER SF,B763,PW4060,2,B763,B763PW60,J,12PW101
B767 36N ER WL,B763,PW4060,2,B763,B763ERGE61,J,12PW101
B767 375 ER,B763,CF6-80C2B6F,2,B763,B763ERGE61,J,01P02GE188
B767 375 ER BCF,B763,CF6-80C2B6,2,B763,B763ERGE61,J,2GE044
B767 375 ER BCF WL,B763,CF6-80C2B6,2,B763,B763ERGE61,J,2GE044
B767 375 ER BDSF,B763,CF6-80C2B6,2,B763,B763ERGE61,J,2GE044
B767 375 ER BDSF WL,B763,CF6-80C2B6,2,B763,B763ERGE61,J,2GE044
B767 37D ER BDSF,B763,CF6-80C2B6F,2,B763,B763ERGE61,J,01P02GE188
B767 37E ER,B763,PW4060,2,B763,B763ERGE61,J,12PW101
B767 381 ER,B763,CF6-80C2B6F,2,B763,B763ERGE61,J,01P02GE188
B767 381 ER BCF,B763,CF6-80C2B6F,2,B763,B763ERGE61,J,01P02GE188
B767 381 ER BDSF,B763,CF6-80C2B6F,2,B763,B763ERGE61,J,01P02GE188
B767 381 ER BDSF WL,B763,CF6-80C2B6F,2,B763,B763ERGE61,J,01P02GE188
B767 383 ER,B763,PW4060,2,B763,B763ERGE61,J,12PW101
B767 383 ER BDSF,B763,PW4060,2,B763,B763ERGE61,J,12PW101
B767 38A ER,B763,CF6-80C2B7F,2,B763,B763ERGE61,J,2GE054
B767 38A ER BCF,B763,CF6-80C2B7F,2,B763,B763ERGE61,J,2GE054
B767 38E,B763,CF6-80C2B2F,2,B763,B763PW60,J,2GE046
B767 38E ER,B763,CF6-80C2B2F,2,B763,B763ERGE61,J,2GE046
B767 38E ER BCF WL,B763,PW4060,2,B763,B763PW60,J,12PW101
B767 38E ER BDSF,B763,CF6-80C2B2F,2,B763,B763ERGE61,J,2GE046
B767 38E ER BDSF WL,B763,CF6-80C2B2F,2,B763,B763ERGE61,J,2GE046
B767 38E ER WL,B763,PW4060,2,B763,B763ERGE61,J,12PW101
B767 39H ER BCF WL,B763,CF6-80C2B6F,2,B763,B763ERGE61,J,01P02GE188
B767 39H ER BDSF,B763,CF6-80C2B6F,2,B763,B763ERGE61,J,01P02GE188
B767 3BG ER,B763,PW4060,2,B763,B763ERGE61,J,12PW101
B767 3BG ER BCF,B763,PW4062,2,B763,B763PW60,J,12PW102
B767 3CB ER,B763,PW4060,2,B763,B763ERGE61,J,12PW101
B767 3CB ER WL,B763,PW4060,2,B763,B763ERGE61,J,12PW101
B767 3D6 ER,B763,CF6-80C2B2F,2,B763,B763ERGE61,J,2GE046
B767 3DF ER,B763,PW4060,2,B763,B763ERGE61,J,12PW101
B767 3G5 ER,B763,PW4060,2,B763,B763ERGE61,J,12PW101
B767 3JHF ER,B763,CF6-80C2B7F,2,B763,B763ERGE61,J,2GE054
B767 3JHF ER WL,B763,CF6-80C2B7F,2,B763,B763ERGE61,J,2GE054
B767 3KY ER WL,B763,CF6-80C2B6F,2,B763,B763ERGE61,J,01P02GE188
B767 3P6 ER,B763,CF6-80C2B4,2,B763,B763ERGE61,J,2GE043
B767 3P6 ER BCF,B763,CF6-80C2B4,2,B763,B763ERGE61,J,2GE043
B767 3P6 ER BDSF,B763,CF6-80C2B4,2,B763,B763ERGE61,J,2GE043
B767 3P6 ER BDSF WL,B763,CF6-80C2B4,2,B763,B763ERGE61,J,2GE043
B767 3P6 ER WL,B763,CF6-80C2B4,2,B763,B763ERGE61,J,2GE043
B767 3Q8 ER,B763,PW4060,2,B763,B763ERGE61,J,12PW101
B767 3Q8 ER BCF WL,B763,CF6-80C2B6F,2,B763,B763ERGE61,J,01P02GE188
B767 3Q8 ER BDSF,B763,PW4060,2,B763,B763ERGE61,J,12PW101
B767 3Q8 ER BDSF WL,B763,CF6-80C2B6F,2,B763,B763ERGE61,J,01P02GE188
B767 3Q8 ER WL,B763,CF6-80C2B6F,2,B763,B763ERGE61,J,01P02GE188
B767 3S1 ER,B763,CF6-80C2B6F,2,B763,B763ERGE61,J,01P02GE188
B767 3S2 F,B763,CF6-80C2B7F,2,B763,B763PW60,J,2GE054
B767 3T7 ER,B763,CF6-80C2B6F,2,B763,B763ERGE61,J,01P02GE188
B767 3W0 ER,B763,RB211-524H,2,B763,B763ERGE61,J,1RR011
B767 3X2 ER,B763,CF6-80C2B6F,2,B763,B763ERGE61,J,01P02GE188
B767 3Y0 ER,B763,PW4060,2,B763,B763ERGE61,J,12PW101
B767 3Y0 ER BDSF,B763,PW4060,2,B763,B763ERGE61,J,12PW101
B767 3Z9 ER,B763,PW4056,2,B763,B763ERGE61,J,1PW042
B767 3Z9 ER WL,B763,PW4056,2,B763,B763ERGE61,J,1PW042
B767 424 ER,B764,CF6-80C2B7F,2,B764,B764ER,J,2GE054
B767 432 ER,B764,CF6-80C2B7F,2,B764,B764ER,J,2GE054
B767 4FS,B764,CF6-80C2B7F,2,B764,B764ER,J,2GE054
B777 206 ER,B772,GE90-94B,2,B772,B772RR92,J,9GE128
B777 212 ER,B772,TRENT 892,2,B772,B772RR92,J,2RR027
B777 219 ER,B772,TRENT 892,2,B772,B772RR92,J,2RR027
B777 21B,B772,GE90-85B,2,B772,B772RR92,J,9GE126
B777 21B ER,B772,GE90-92B,2,B772,B772RR92,J,3GE066
B777 21H,B772,TRENT 871,2,B772,B772RR92,J,2RR025
B777 21H ER,B772,TRENT 892B,2,B772,B772RR92,J,2RR027
B777 21H LR,B77L,GE90-115B1L,2,B77L,B772LR,J,01P21GE217
B777 222,B772,PW4077,2,B772,B772RR92,J,2PW061
B777 222 ER,B772,PW4090,2,B772,B772RR92,J,10PW099
B777 223 ER,B772,TRENT 892-17,2,B772,B772RR92,J,2RR027
B777 224 ER,B772,GE90-90B,2,B772,B772RR92,J,9GE127
B777 228 ER,B772,GE90-92B,2,B772,B772RR92,J,3GE066
B777 22K LR,B772,TRENT 892,2,B772,B772RR92,J,2RR027
B777 232,B772,TRENT 892,2,B772,B772RR92,J,2RR027
B777 232 ER,B772,TRENT 892,2,B772,B772RR92,J,2RR027
B777 232 LR,B77L,GE90-115B1,2,B77L,B772LR,J,01P21GE217
B777 233 LR,B77L,GE90-110B1,2,B77L,B772LR,J,01P21GE216
B777 236,B772,GE90-76B,2,B772,B772RR92,J,9GE124
B777 236 ER,B772,GE90-85B,2,B772,B772RR92,J,9GE126
B777 237 LR,B77L,GE90-110B1,2,B77L,B772LR,J,01P21GE216
B777 240 ER,B772,GE90-94B,2,B772,B772RR92,J,9GE128
B777 240 LR,B77L,GE90-110B1,2,B77L,B772LR,J,01P21GE216
B777 243 ER,B772,GE90-94B,2,B772,B772RR92,J,9GE128
B777 246 ER,B772,GE90-94B,2,B772,B772RR92,J,9GE128
B777 24Q ER,B772,GE90-92B,2,B772,B772RR92,J,3GE066
B777 258 ER,B772,TRENT 895,2,B772,B772RR92,J,5RR040
B777 260 LR,B77L,GE90-115B1,2,B77L,B772LR,J,01P21GE217
B777 266,B772,PW4090,2,B772,B772RR92,J,10PW099
B777 266 ER,B772,PW4090,2,B772,B772RR92,J,10PW099
B777 268 ER,B772,GE90-92B,2,B772,B772RR92,J,3GE066
B777 269 ER,B772,GE90-90B,2,B772,B772RR92,J,9GE127
B777 26K ER,B772,PW4084D,2,B772,B772RR92,J,10PW098
B777 281 ER,B772,PW4090,2,B772,B772RR92,J,10PW099
B777 28E ER,B772,PW4090,2,B772,B772RR92,J,10PW099
B777 29L,B772,PW4090,2,B772,B772RR92,J,10PW099
B777 29M LR,B77L,GE90-115B1,2,B77L,B772LR,J,01P21GE217
B777 2AN ER,B772,PW4077,2,B772,B772RR92,J,2PW061
B777 2B5 ER,B772,PW4090,2,B772,B772RR92,J,10PW099
B777 2D7,B772,TRENT 871,2,B772,B772RR92,J,2RR025
B777 2D7 ER,B772,TRENT 871,2,B772,B772RR92,J,2RR025
B777 2DZ LR,B77L,GE90-110B1,2,B77L,B772LR,J,01P21GE216
B777 2FB LR,B77L,GE90-115B1L,2,B77L,B772LR,J,01P21GE217
B777 2H6,B772,TRENT 890,2,B772,B772RR92,J,2RR027
B777 2J6,B772,PW4090,2,B772,B772RR92,J,10PW099
B777 2KQ LR,B77L,GE90-115B1,2,B77L,B772LR,J,01P21GE217
B777 2M2 ER,B772,GE90-94B,2,B772,B772RR92,J,9GE128
B777 2Q8 ER,B772,GE90-90B,2,B772,B772RR92,J,9GE127
B777 2U8 ER,B772,TRENT 892,2,B772,B772RR92,J,2RR027
B777 2Z9,B772,GE90-90B,2,B772,B772RR92,J,9GE127
B777 2Z9 ER,B772,GE90-90B,2,B772,B772RR92,J,9GE127
B777 300 ER,B77W,GE90-115B,2,B77W,B773ERGE115B,J,01P21GE217
B777 306 ER,B77W,GE90-115B,2,B77W,B773ERGE115B,J,01P21GE217
B777 309 ER,B77W,GE90-115B,2,B77W,B773ERGE115B,J,01P21GE217
B777 312,B773,TRENT 892,2,B773,B773RR92,J,2RR027
B777 312 ER,B77W,GE90-115B,2,B77W,B773ERGE115B,J,01P21GE217
B777 319 ER,B77W,GE90-115B,2,B77W,B773ERGE115B,J,01P21GE217
B777 31B ER,B77W,GE90-115B,2,B77W,B773ERGE115B,J,01P21GE217
B777 31H,B773,TRENT 892,2,B773,B773RR92,J,2RR027
B777 31H ER,B77W,GE90-115B,2,B77W,B773ERGE115B,J,01P21GE217
B777 323 ER,B77W,GE90-115B,2,B77W,B773ERGE115B,J,01P21GE217
B777 328 ER,B77W,GE90-115B,2,B77W,B773ERGE115B,J,01P21GE217
B777 32W ER,B77W,GE90-115B,2,B77W,B773ERGE115B,J,01P21GE217
B777 333 ER,B77W,GE90-115B,2,B77W,B773ERGE115B,J,01P21GE217
B777 336 ER,B77W,GE90-115B,2,B77W,B773ERGE115B,J,01P21GE217
B777 337 ER,B77W,GE90-115B,2,B77W,B773ERGE115B,J,01P21GE217
B777 340 ER,B77W,GE90-115B,2,B77W,B773ERGE115B,J,01P21GE217
B777 346,B773,PW4090,2,B773,B773RR92,J,10PW099
B777 346 ER,B77W,GE90-115B,2,B77W,B773ERGE115B,J,01P21GE217
B777 35E ER,B77W,GE90-115B,2,B77W,B773ERGE115B,J,01P21GE217
B777 35R ER,B77W,GE90-118B,2,B77W,B773ERGE115B,J,01P21GE217
B777 360 ER,B77W,GE90-115B,2,B77W,B773ERGE115B,J,01P21GE217
B777 367 ER,B77W,GE90-115BL2,2,B77W,B773ERGE115B,J,01P21GE217
B777 368 ER,B77W,GE90-115B,2,B77W,B773ERGE115B,J,01P21GE217
B777 36N ER,B77W,GE90-115B,2,B77W,B773ERGE115B,J,01P21GE217
B777 36N ER BDSF,B77W,GE90-115B,2,B77W,B773ERGE115B,J,01P21GE217
B777 36N ER SF,B77W,GE90-115B,2,B77W,B773ERGE115B,J,01P21GE217
B777 381 ER,B77W,GE90-115B,2,B77W,B773ERGE115B,J,01P21GE217
B777 39L ER,B77W,GE90-115B,2,B77W,B773ERGE115B,J,01P21GE217
B777 39M ER,B77W,GE90-115B,2,B77W,B773ERGE115B,J,01P21GE217
B777 39P ER,B77W,GE90-115B,2,B77W,B773ERGE115B,J,01P21GE217
B777 3AL ER,B77W,GE90-115B,2,B77W,B773ERGE115B,J,01P21GE217
B777 3B5,B773,PW4098,2,B773,B773RR92,J,5PW076
B777 3B5 ER,B77W,GE90-115B,2,B77W,B773ERGE115B,J,01P21GE217
B777 3D7,B773,TRENT 892,2,B773,B773RR92,J,2RR027
B777 3DE ER,B77W,GE90-115B,2,B77W,B773ERGE115B,J,01P21GE217
B777 3DZ ER,B77W,GE90-115B,2,B77W,B773ERGE115B,J,01P21GE217
B777 3E9 ER,B77W,GE90-115B,2,B77W,B773ERGE115B,J,01P21GE217
B777 3F2 ER,B77W,GE90-115B,2,B77W,B773ERGE115B,J,01P21GE217
B777 3FG ER,B77W,GE90-115B,2,B77W,B773ERGE115B,J,01P21GE217
B777 3FX ER,B77W,GE90-115B,2,B77W,B773ERGE115B,J,01P21GE217
B777 3M0 ER,B77W,GE90-115B,2,B77W,B773ERGE115B,J,01P21GE217
B777 3M2 ER,B77W,GE90-115B,2,B77W,B773ERGE115B,J,01P21GE217
B777 3Q8 ER,B77W,GE90-115B,2,B77W,B773ERGE115B,J,01P21GE217
B777 3U3 ER,B77W,GE90-115B,2,B77W,B773ERGE115B,J,01P21GE217
B777 3U8 ER,B77W,GE90-115B,2,B77W,B773ERGE115B,J,01P21GE217
B777 3ZG ER,B77W,GE90-115B,2,B77W,B773ERGE115B,J,01P21GE217
B777 9,B779,GE9X-105B1A,2,B77W,,J,01P21GE217
B777 F,B77L,GE90-115B1L,2,B77L,B772LR,J,01P21GE217
B777 F1B,B77L,GE90-115B1L,2,B77L,B772LR,J,01P21GE217
B777 F1H,B77L,GE90-115B1L,2,B77L,B772LR,J,01P21GE217
B777 F28 LR,B77L,GE90-115B1L,2,B77L,B772LR,J,01P21GE217
B777 F60,B77L,GE90-115B1L,2,B77L,B772LR,J,01P21GE217
B777 F6N,B77L,GE90-115B1L,2,B77L,B772LR,J,01P21GE217
B777 FB5,B77L,GE90-115B1L,2,B77L,B772LR,J,01P21GE217
B777 FBT,B77L,GE90-115B1L,2,B77L,B772LR,J,01P21GE217
B777 FDZ,B77L,GE90-115B1L,2,B77L,B772LR,J,01P21GE217
B777 FEZ,B77L,GE90-115B1L,2,B77L,B772LR,J,01P21GE217
B777 FFG,B77L,GE90-115B1L,2,B77L,B772LR,J,01P21GE217
B777 FFT,B77L,GE90-115B1L,2,B77L,B772LR,J,01P21GE217
B777 FFX,B77L,GE90-115B1L,2,B77L,B772LR,J,01P21GE217
B777 FHT,B77L,GE90-115B1L,2,B77L,B772LR,J,01P21GE217
B777 FS2,B77L,GE90-115B1L,2,B77L,B772LR,J,01P21GE217
B777 FZB,B77L,GE90-115B1L,2,B77L,B772LR,J,01P21GE217
B777 FZN LR,B77L,GE90-115B1L,2,B77L,B772LR,J,01P21GE217
B787 10,B78X,GENX-1B,2,B78X,,J,01P17GE210
B787 8,B788,GENX-64B,2,B788,B788GE67,J,12GE150
B787 9,B789,GENX-64B,2,B789,B789GE75,J,12GE150
BAC 1 11 401 AK,BA11,SPEY 511-14,2,BA11,,J,8RR043
BAC 1 11 401AK,BA11,SPEY 511-14,2,BA11,,J,8RR043
BAC 1 11 422EQ,BA11,SPEY 511-14W,2,BA11,,J,8RR043
BAC 1 11 479FU,BA11,SPEY 512-14DW,2,BA11,,J,8RR043
BAC 1 11 485GD F,BA11,SPEY 512-14DW,2,BA11,,J,8RR043
BAC 1 11 488GH,BA11,SPEY 512-14DW,2,BA11,,J,8RR043
BAC 1 11 492GM,BA11,SPEY 511-14DW,2,BA11,,J,8RR043
BAC 1 11 539GL,BA11,SPEY 512-14DW,2,BA11,,J,8RR043
BAE125 1000,H25C,PW305B,2,H25B,,J,PW307B
BAE125 1000A,H25C,PW305B,2,H25B,,J,PW307B
BAE125 1000B,H25C,PW305B,2,H25B,,J,PW307B
BAE125 1F,H25B,TFE731-3R-1H,2,H25B,,J,1AS002
BAE125 3A,H25A,VIPER 522,2,H25A,,J,1AS002
BAE125 3A RA,H25A,VIPER 522,2,H25A,,J,1AS002
BAE125 3B,H25A,VIPER 522,2,H25A,,J,1AS002
BAE125 3F,H25B,TFE731-3R-1H,2,H25B,,J,1AS002
BAE125 400A,H25A,VIPER 522,2,H25A,,J,1AS002
BAE125 400F,H25B,TFE731-3R-1H,2,H25B,,J,1AS002
BAE125 600A,H25A,VIPER 601-22,2,H25A,,J,1AS002
BAE125 600B,H25A,VIPER 601-22,2,H25A,,J,1AS002
BAE125 600F,H25B,TFE731-3R-1H,2,H25B,,J,1AS002
BAE125 700A,H25B,TFE731-3-1H,2,H25B,,J,1AS002
BAE125 700B,H25B,TFE731-3-1H,2,H25B,,J,1AS002
BAE125 750,H25B,TFE731-5BR,2,H25B,,J,1AS002
BAE125 800,H25B,TFE731-5R-1H,2,H25B,,J,1AS002
BAE125 800A,H25B,TFE731-5R-1H,2,H25B,,J,1AS002
BAE125 800B,H25B,TFE731-5R-1H,2,H25B,,J,1AS002
BAE125 800XP,H25B,TFE731-5BR,2,H25B,,J,1AS002
BAE125 800XPI,H25B,TFE731-5BR,2,H25B,,J,1AS002
BAE125 800XPR,H25B,TFE731-50R,2,H25B,,J,1AS002
BAE125 850XP,H25B,TFE731-5BR,2,H25B,,J,1AS002
BAE125 850XPI,H25B,TFE731-5BR,2,H25B,,J,1AS002
BAE125 900XP,H25B,TFE731-50R,2,H25B,,J,1AS002
BAE125 CC3,H25B,TFE731-3R-1H,2,H25B,,J,1AS002
BAE125 F3B RA,H25B,TFE731-3R-1H,2,H25B,,J,1AS002
BAE125 F400A,H25B,TFE731-3R-1H,2,H25B,,J,1AS002
BAE125 F400B,H25B,TFE731-3R-1H,2,H25B,,J,1AS002
BAE125 F600A,H25B,TFE731-3R1H,2,H25B,,J,1AS002
BAE125 F600B,H25B,TFE731-3R-1H,2,H25B,,J,1AS002
BAE146 100,B461,LF502R-5,4,B462,,J,1TL003
BAE146 200,B462,LF502R-5,4,B462,,J,1TL003
BAE146 200 QT,B462,LF502R-5,4,B462,,J,1TL003
BAE146 200A,B462,LF502R-5,4,B462,,J,1TL003
BAE146 200QC,B462,LF502R-5,4,B462,,J,1TL003
BAE146 200QT,B462,LF502R-5,4,B462,,J,1TL003
BAE146 300,B463,LF502R-5,4,B463,,J,1TL003
BAE146 300 QT,B463,LF502R-5,4,B463,,J,1TL003
BAE146 300A,B463,LF502R-5,4,B463,,J,1TL003
BAE146 300QT,B463,LF502R-5,4,B463,,J,1TL003
BAE146 301ARA,B463,LF502R-5,4,B463,,J,1TL003
BAE146 CC2,B461,LF502R-5,4,B462,,J,1TL003
BAE146 RJ100,RJ1H,LF507-1F,4,RJ1H,,J,1TL004
BAE146 RJ70,RJ70,LF507-1F,4,RJ85,,J,1TL004
BAE146 RJ70 ER,RJ70,LF507-1F,4,RJ85,,J,1TL004
BAE146 RJ85,RJ85,LF507-1F,4,RJ85,,J,1TL004
BD100 1A10 CHALLENGER 300,CL30,HTF7000,2,CL30,,J,11HN003
BD100 1A10 CHALLENGER 350,CL35,HTF7350,2,CL30,,J,01P14HN011
BD700 1A10 ASTOR,GLEX,BR710A2-20,2,GLEX,,J,01P04BR013
BD700 1A10 GLOBAL EXPRESS,GLEX,BR710A2-20,2,GLEX,,J,01P04BR013
BD700 1A10 GLOBAL EXPRESS 6000,GLEX,BR710A2-20,2,GLEX,,J,01P04BR013
BD700 1A10 GLOBAL EXPRESS XRS,GLEX,BR710A2-20,2,GLEX,,J,01P04BR013
BD700 1A11 GLOBAL 5000,GL5T,BR710A2-20,2,GL5T,,J,01P04BR013
BD700 1A11 GLOBAL 5000 GVFD,GL5T,BR710A2-20,2,GL5T,,J,01P04BR013
BD700 2A12 GLOBAL 7500,GL7T,GE PASSPORT,2,GLEX,,J,01P11BR016
BD700 E11A,GLEX,BR710A2-20,2,GLEX,,J,01P04BR013
BE400 T 1A JAYHAWK,BE40,JT15D-5,2,BE40,,J,1PW037
BEECH 400,BE40,JT15D-5,2,BE40,,J,1PW037
BEECH 400A,BE40,JT15D-5,2,BE40,,J,1PW037
BEECH 400NEXT,BE4W,FJ44-3A,2,BE40,,J,1AS001
C 20A G1159A,GLF3,SPEY 511-8,2,GLF2,,J,SPEY MK511-8
C 20B G1159A,GLF3,SPEY 511-8,2,GLF2,,J,SPEY MK511-8
C 20C G1159A,GLF3,SPEY 511-8,2,GLF2,,J,SPEY MK511-8
C 20D G1159A,GLF3,SPEY 511-8,2,GLF2,,J,SPEY MK511-8
C 20F G1159C,GLF4,TAY 611-8,2,CRJ9,,J,11RR048
C 20G G1159C,GLF4,TAY 611-8,2,CRJ9,,J,11RR048
C 20H G1159C,GLF4,TAY 611-8,2,CRJ9,,J,11RR048
C 32A B757 2G4,B752,PW2040,2,B752,B752WRR40,J,4PW073
C 38A IAI1125SPX ASTRA,ASTR,TFE731-3C-200G,2,G150,,J,1AS002
C 9A DC 9,DC93,JT8D-9,2,DC93,,J,1PW006
C 9B DC 9,DC93,JT8D-9,2,DC93,,J,1PW006
C 9C DC 9,DC93,JT8D-9,2,DC93,,J,1PW006
C135B B707,W135,JT3D-3B,4,B703,,J,1CM001
C40A B737 7AF,B737,CFM56-7B26,2,B737,B737W24,J,8CM051
C40B B737 7AN,B737,CFM56-7B22,2,B737,B737W24,J,3CM031
C40B B737 7DM,B737,CFM56-7B27,2,B737,B737W24,J,3CM034
C40B B737 7FD,B737,CFM56-7B26,2,B737,B737W24,J,8CM051
C40C B737 7BC,B737,CFM56-7B26,2,B737,B737W24,J,8CM051
C40C B737 7CP,B737,CFM56-7B26,2,B737,B737W24,J,8CM051
CC144 CL600 1A11 CL600S,CL60,ALF502L-2,2,CL60,,J,1TL001
CC144 CL600 2A12 CL601 1A,CL60,CF34-1A,2,CL60,,J,1GE034
CC150 A310 304,A310,CF6-80C2A2,2,A310,A310-308,J,2GE037
CC150 A310 304F,A310,CF6-80C2A2,2,A310,A310-308,J,2GE037
CC150 MRTT A310 304,A310,CF6-80C2A2,2,A310,A310-308,J,2GE037
CC150MRT A310 304,A310,CF6-80C2A2,2,A310,A310-308,J,2GE037
CE144 CL600 1A11 CL600S,CL60,ALF502L-2,2,CL60,,J,1TL001
CESSNA 5,C56X,0,2,C56X,,J,BIZLIGHTJET_F
CESSNA 500,C500,JT15D-1,2,C551,,J,1PW035
CESSNA 501,C501,JT15D-1A,2,C551,,J,1PW035
CESSNA 501 SIERRA EAGLE II,C501,FJ44-2A,2,C551,,J,1AS001
CESSNA 510 MUSTANG,C510,PW615F-A,2,C510,,J,PW610F
CESSNA 525,C525,FJ44-1A,2,C525,,J,1AS001
CESSNA 525 CJ1,C525,FJ44-1A,2,C525,,J,1AS001
CESSNA 525 CJ1 M2,C25M,FJ44-1AP-21,2,C525,,J,1AS001
CESSNA 525A CJ2,C25A,FJ44-3A-24,2,C25A,,J,1AS001
CESSNA 525B CJ3,C25B,FJ44-3A,2,C25B,,J,BIZLIGHTJET_F
CESSNA 525C CJ4,C25C,FJ44-4A,2,C25C,,J,BIZLIGHTJET_F
CESSNA 550,C550,JT15D-4,2,C550,,J,1PW036
CESSNA 550 BRAVO,C55B,PW530A,2,C55B,,J,PW530
CESSNA 550 SCD,C550,JT15D-4,2,C550,,J,1PW036
CESSNA 551,C551,JT15D-4,2,C551,,J,1PW036
CESSNA 560,C560,JT15D-5A,2,C560,,J,1PW037
CESSNA 560 ENCORE,C560,PW535B,2,C560,,J,PW530
CESSNA 560 EXCEL,C56X,PW545A,2,C56X,,J,PW530
CESSNA 560 UC 35A,C560,JT15D-5D,2,C560,,J,1PW037
CESSNA 560 UC 35B,C560,PW535A,2,C560,,J,PW530
CESSNA 560 UC 35C,C560,PW535A,2,C560,,J,PW530
CESSNA 560 UC 35D,C560,PW535A,2,C560,,J,PW530
CESSNA 560 XLS,C56X,PW545B,2,C56X,,J,PW530
CESSNA 650,C650,TFE731-3B-100S,2,C650,,J,1AS002
CESSNA 680 LATITUDE,C68A,PW306C,2,C680,,J,7PW078
CESSNA 680 SOVEREIGN,C680,PW306C,2,C680,,J,7PW078
CESSNA 700 LONGITUDE,C700,HTF7700L,2,C700,,J,01P18HN013
CESSNA 750,C750,AE3007C-1,2,C750,,J,6AL023
CESSNA F500,C500,JT15D-1,2,C551,,J,1PW035
CESSNA F550,C550,JT15D-4,2,C550,,J,1PW036
CESSNA M2,C25M,FJ44-1AP-21,2,C525,,J,1AS001
CESSNA S550,C550,JT15D-4B,2,C550,,J,1PW036
CHALLENGER 800,CRJ2,CF34-3B1,2,CRJ2,,J,01P05GE189
CL600 1A11 CL600S,CL60,ALF502L-2,2,CL60,,J,1TL001
CL600 1A12 CL600S,CL60,ALF502L-2,2,CL60,,J,1TL001
CL600 2A12 CL601 1A,CL60,CF34-1A,2,CL60,,J,1GE034
CL600 2B16 CL601 3A,CL60,CF34-3A,2,CL60,,J,1GE034
CL600 2B16 CL601 3R,CL60,CF34-3A1,2,CL60,,J,1GE035
CL600 2B19 CHALLENGER 800,CRJ2,CF34-3B1,2,CRJ2,,J,01P05GE189
CL600 2B19 CHALLENGER 850,CRJ2,CF34-3B1,2,CRJ2,,J,01P05GE189
CL600 2B19 PF RJ100ER,CRJ1,CF34-3A1,2,CRJ1,,J,1GE035
CL600 2B19 PF RJ100LR,CRJ1,CF34-3A1,2,CRJ1,,J,1GE035
CL600 2B19 PF RJ200ER,CRJ2,CF34-3B1,2,CRJ2,,J,01P05GE189
CL600 2B19 RJ100ER,CRJ1,CF34-3A1,2,CRJ1,,J,1GE035
CL600 2B19 RJ100LR,CRJ1,CF34-3A1,2,CRJ1,,J,1GE035
CL600 2B19 RJ200,CRJ2,CF34-3B1,2,CRJ2,,J,01P05GE189
CL600 2B19 RJ200ER,CRJ2,CF34-3B1,2,CRJ2,,J,01P05GE189
CL600 2B19 RJ200LR,CRJ2,CF34-3B1,2,CRJ2,,J,01P05GE189
CL600 2B19 RJ200LR PF,CRJ2,CF34-3A1,2,CRJ2,,J,1GE035
CL600 2B19 RJ440,CRJ2,CF34-3B1,2,CRJ2,,J,01P05GE189
CL600 2C10 RJ700,CRJ7,CF34-8C1,2,CRJ9,,J,5GE083
CL600 2C10 RJ700NG,CRJ7,CF34-8C1,2,CRJ9,,J,5GE083
CL600 2C10 RJ702,CRJ7,CF34-8C5B1,2,CRJ9,,J,01P08GE192
CL600 2C11 RJ550,CRJ7,CF34-8C1,2,CRJ9,,J,5GE083
CL600 2D15 RJ705,CRJ9,CF34-8C5,2,CRJ9,,J,01P08GE190
CL600 2D24 CHALLENGER 890,CRJ9,CF34-8C5,2,CRJ9,,J,01P08GE190
CL600 2D24 RJ900,CRJ9,CF34-8C5,2,CRJ9,,J,01P08GE190
CL600 2D24 RJ900ER,CRJ9,CF34-8C5,2,CRJ9,,J,01P08GE190
CL600 2D24 RJ900NG,CRJ9,CF34-8C5,2,CRJ9,,J,01P08GE190
CL600 2E25 RJ1000,CRJX,CF34-8C5A2,2,CRJX,,J,01P08GE193
CL604,CL60,CF34-7B,2,CL60,,J,01P05GE189
CL605,CL60,CF34-3B,2,CL60,,J,01P05GE189
CL650,CL60,CF34-3B,2,CL60,,J,01P05GE189
CS100,BCS1,PW1524G,2,B736,,J,04P20PW196
CS300,BCS3,PW1521G,2,A318,,J,04P20PW197
DC10 10,DC10,CF6-6D1A,3,DC10,,J,1GE002
DC10 10 F,DC10,CF6-6K,3,DC10,,J,1GE003
DC10 30,DC10,CF6-50C2,3,DC10,,J,3GE074
DC10 30 ER,DC10,CF6-50C2B,3,DC10,,J,3GE078
DC10 30 ER F,DC10,CF6-50C2B,3,DC10,,J,3GE078
DC10 30 F,DC10,CF6-50C2,3,DC10,,J,3GE074
DC10 30CF,DC10,CF6-50C2,3,DC10,,J,3GE074
DC10 40 F,DC10,JT9D-59A,3,DC10,,J,1PW033
DC10 40D F,DC10,JT9D-59A,3,DC10,,J,1PW033
DC10 40I,DC10,JT9D-59A,3,DC10,,J,1PW033
DC8 55F,DC85,JT3D-3B/Q,4,B703,,J,1PW001
DC8 62AF,DC86,JT3D-3B/Q,4,DC87,,J,1PW001
DC8 62CF,DC86,JT3D-7/Q,4,DC87,,J,1PW002
DC8 62F,DC86,JT3D-7/Q,4,DC87,,J,1PW002
DC8 62H,DC86,JT3D-7/Q,4,DC87,,J,1PW002
DC8 63CF,DC86,JT3D-7/Q,4,DC87,,J,1PW002
DC8 63F,DC86,JT3D-7/Q,4,DC87,,J,1PW002
DC8 71F,DC87,CFM56-2C1,4,DC87,,J,1CM003
DC8 72,DC87,CFM56-2C6,4,DC87,,J,1CM003
DC8 72CF,DC87,CFM56-1B,4,DC87,,J,1CM002
DC8 72H,DC87,CFM56-2C1,4,DC87,,J,1CM003
DC8 73AF,DC87,CFM56-2C5,4,DC87,,J,1CM003
DC8 73CF,DC87,CFM56-2C1,4,DC87,,J,1CM003
DC8 73F,DC87,CFM56-2C5,4,DC87,,J,1CM003
DC8F 54,DC85,JT3D-3B/Q,4,B703,,J,1PW001
DC8F 55,DC85,JT3D-3B/Q,4,B703,,J,1PW001
DC9 14,DC91,JT8D-7,2,BA11,,J,8PW085
DC9 15,DC91,JT8D-7,2,BA11,,J,8PW085
DC9 15F,DC91,JT8D-7,2,BA11,,J,8PW085
DC9 21,DC92,JT8D-11,2,A158,,J,1PW008
DC9 31,DC93,JT8D-9A,2,DC93,,J,1PW006
DC9 32,DC93,JT8D-9A,2,DC93,,J,1PW006
DC9 33F CF,DC93,JT8D-9A,2,DC93,,J,1PW006
DC9 33F RC,DC93,JT8D-7B,2,DC93,,J,8PW085
DC9 33RC,DC93,JT8D-9A,2,DC93,,J,1PW006
DC9 34CF,DC93,JT8D-17,2,DC93,,J,1PW012
DC9 51,DC95,JT8D-17,2,B712,,J,1PW012
DO328 300 JET,J328,PW306B,2,E135,,J,7PW078
DO328 310 JET,J328,PW306B,2,E135,,J,7PW078
ECLIPSE 500,EA50,PW610F,2,EA50,,J,PW610F
ELITE,E55P,FJ-33-4,2,E55P,,J,1AS001
EMB135BJ,E35L,AE3007A3,2,E35L,EMB-135BJ-Legacy600,J,01P06AL034
EMB135ER,E135,AE3007A3,2,E135,EMB-135ER,J,01P06AL034
EMB135KL,E135,AE3007A3,2,E135,EMB-135ER,J,01P06AL034
EMB135LR,E135,AE3007A3,2,E135,EMB-135LR,J,01P06AL034
EMB135SL,E135,AE3007A3,2,E135,EMB-135ER,J,01P06AL034
EMB145,E145,AE3007A1,2,E145,EMB-145ER,J,01P06AL028
EMB145EP,E145,AE3007A1,2,E145,EMB-145ER,J,01P06AL028
EMB145ER,E145,AE3007A,2,E145,EMB-145ER,J,4AL003
EMB145EU,E145,AE3007A,2,E145,EMB-145ER,J,4AL003
EMB145LI,E145,AE3007A,2,E145,EMB-145ER,J,4AL003
EMB145LR,E145,AE3007A1,2,E145,EMB-145LR,J,01P06AL028
EMB145LU,E145,AE3007A1,2,E145,EMB-145LR,J,01P06AL028
EMB145MP,E145,AE3007A1,2,E145,EMB-145ER,J,01P06AL028
EMB145MR,E145,AE3007A,2,E145,EMB-145ER,J,4AL003
EMB145RS,E145,AE3007A1,2,E145,EMB-145ER,J,01P06AL028
EMB145RS R99B,E145,AE3007A,2,E145,EMB-145ER,J,4AL003
EMB145SA,E145,AE3007A1,2,E145,EMB-145ER,J,01P06AL028
EMB145SA R99A,E145,AE3007A,2,E145,EMB-145ER,J,4AL003
EMB145XR,E145,AE3007A1,2,E145,EMB-145LR,J,01P06AL028
EMB170 100LR,E170,CF34-8E5,2,E170,EMB-170AR,J,01P08GE197
EMB170 100LR EMB 175,E75L,CF34-8E5,2,E75L,EMB-175LR,J,01P08GE197
EMB170 100SE,E170,CF34-8E5,2,E170,EMB-170AR,J,01P08GE197
EMB170 100ST,E170,CF34-8E5,2,E170,EMB-170AR,J,01P08GE197
EMB170 100STD,E170,CF34-8E5,2,E170,EMB-170STD,J,01P08GE197
EMB170 100SU,E170,CF34-8E5,2,E170,EMB-170AR,J,01P08GE197
EMB170 200LR EMB 175,E75L,CF34-8E5,2,E75L,EMB-175LR,J,01P08GE197
EMB170 200LR LW,E75L,CF34-8E5,2,E75L,EMB-175LR,J,01P08GE197
EMB170 200LR SW,E75L,CF34-8E5,2,E75L,EMB-175LR,J,01P08GE197
EMB170 200STD,E75S,CF34-8E5,2,E75S,EMB-175STD,J,01P08GE197
EMB170 200STD LW,E75L,CF34-8E5,2,E75L,EMB-175LR,J,01P08GE197
EMB170 200STD SW,E75S,CF34-8E5,2,E75S,EMB-175STD,J,01P08GE197
EMB170LR,E170,CF34-8E5,2,E170,EMB-170LR,J,01P08GE197
EMB190,E190,CF34-10E,2,E190,EMB-190STD,J,11GE142
EMB190 100BJ,E190,CF34-10E,2,E190,EMB-190STD,J,11GE142
EMB190 100BJ LINEAGE 1000,E190,CF34-10E,2,E190,EMB-190AR,J,11GE142
EMB190 100IGW,E190,CF34-10E,2,E190,EMB-190AR,J,11GE142
EMB190 100IGW F,E190,CF34-10E,2,E190,EMB-190STD,J,CF34-10E
EMB190 100LR,E190,CF34-10E,2,E190,EMB-190LR,J,11GE144
EMB190 100STD,E190,CF34-10E,2,E190,EMB-190STD,J,11GE142
EMB190 200,E195,CF34-10E,2,E195,EMB-195STD,J,11GE144
EMB190 200LR,E195,CF34-10E5A1,2,E195,EMB-195LR,J,11GE144
EMB190 200LR EMB 195,E195,CF34-10E5A1,2,E195,EMB-195LR,J,11GE144
EMB190 200STD,E195,CF34-10E5A1,2,E195,EMB-195STD,J,11GE144
EMB190 200STD EMB 195,E195,CF34-10E5A1,2,E195,EMB-195STD,J,11GE144
EMB190 300STD,E290,PW1919G,2,E290,,J,04P20PW200
EMB190 400STD,E295,PW1919G,2,B736,,J,04P20PW200
EMB190 LINEAGE 1000,E190,CF34-10E,2,E190,EMB-190STD,J,11GE142
EMB195,E195,CF34-10E,2,E195,EMB-195STD,J,11GE144
EMB195 E2,E295,PW1919G,2,B736,,J,04P20PW200
F28 1000,F28,SPEY 555-15,2,F28,,J,4RR035
F28 1000C,F28,SPEY 555-15,2,F28,,J,4RR035
F28 2000,F28,SPEY 555-15,2,F28,,J,4RR035
F28 3000,F28,SPEY 555-15H,2,F28,,J,4RR035
F28 3000C,F28,SPEY 555-15H,2,F28,,J,4RR035
F28 4000,F28,SPEY 555-15P,2,F28,,J,4RR035
FALCON 10,FA10,TFE731-2-1C,2,FA10,,J,1AS001
FALCON 100,FA10,TFE731-2-1C,2,FA10,,J,1AS001
FALCON 10MER,FA10,TFE731-2-1C,2,FA10,,J,1AS001
FALCON 20 5B,FA20,TFE731-5B,2,FA20,,J,1AS002
FALCON 200,FA20,ATF3-6A-4C,2,FA20,,J,BIZLIGHTJET_F
FALCON 2000,F2TH,CFE738-1-1B,2,F2TH,,J,BIZMEDIUMJET_F
FALCON 2000DX EASY,F2TH,PW308C,2,F2TH,,J,01P07PW146
FALCON 2000EX,F2TH,PW308C,2,F2TH,,J,01P07PW146
FALCON 2000EX EASY,F2TH,PW308C,2,F2TH,,J,01P07PW146
FALCON 2000LX,F2TH,PW308C,2,F2TH,,J,01P07PW146
FALCON 2000S,F2TH,PW308C,2,F2TH,,J,01P07PW146
FALCON 20C,FA20,CF700-2D2,2,FA20,,J,CF700-2D
FALCON 20C 5,FA20,TFE731-5AR-2C,2,FA20,,J,1AS002
FALCON 20D,FA20,CF700-2D,2,FA20,,J,CF700-2D
FALCON 20DC,FA20,CF700-2D2,2,FA20,,J,CF700-2D
FALCON 20E,FA20,CF700-2D2,2,FA20,,J,CF700-2D
FALCON 20E 5,FA20,TFE731-5BR-2C,2,FA20,,J,1AS002
FALCON 20ECM,FA20,TFE731-5AR-2C,2,FA20,,J,1AS002
FALCON 20EW,FA20,CF700-2D2,2,FA20,,J,CF700-2D
FALCON 20F,FA20,TFE731-5AR-2C,2,FA20,,J,1AS002
FALCON 20F 5,FA20,TFE731-5B,2,FA20,,J,1AS002
FALCON 20F 5B,FA20,TFE731-5BR-2C,2,FA20,,J,1AS002
FALCON 20G,FA20,ATF3-6-2C,2,FA20,,J,BIZLIGHTJET_F
FALCON 20G HU 25A,FA20,ATF3-6-2C,2,FA20,,J,BIZLIGHTJET_F
FALCON 20G HU 25C,FA20,ATF3-6-2C,2,FA20,,J,BIZLIGHTJET_F
FALCON 20G HU 25D,FA20,ATF3-6-2C,2,FA20,,J,BIZLIGHTJET_F
FALCON 20SNA,FA20,CF700-2C,2,FA20,,J,CF700-2D
FALCON 20SP,FA20,CF700-2C,2,FA20,,J,CF700-2D
FALCON 50,FA50,TFE731-3-1C,3,FA50,,J,1AS002
FALCON 50 40,FA50,TFE731-40,3,FA50,,J,1AS002
FALCON 50EX,FA50,TFE731-40,3,FA50,,J,1AS002
FALCON 5X,FA5X,SILVERCREST,2,GLF2,,J,01P22PW141
FALCON 6X,FA6X,PW814GA,2,GLF5,,J,01P22PW141
FALCON 7X,FA7X,PW307A,3,FA7X,,J,03P16PW192
FALCON 8X,FA8X,PW307D,3,FA7X,,J,03P15PW193
FALCON 900,F900,TFE731-5AR-1C,3,F900,,J,1AS002
FALCON 900B,F900,TFE731-5BR-1C,3,F900,,J,1AS002
FALCON 900C,F900,TFE731-5BR-1C,3,F900,,J,1AS002
FALCON 900DX,F900,TFE731-60,3,F900,,J,1AS001
FALCON 900EX,F900,TFE731-60-1C,3,F900,,J,1AS002
FALCON 900EX EASY,F900,TFE731-60-1C,3,F900,,J,1AS002
FALCON 900LX,F900,TFE731-60-1C,3,F900,,J,1AS002
FOKKER 100,F100,TAY 650-15,2,F100,F100-650,J,3RR031
FOKKER 70,F70,TAY 620-15,2,F70,F70-620,J,1RR020
FOKKER 70ER,F70,TAY 620-15,2,F70,F70-620,J,1RR020
G100,ASTR,TFE731-40R-200G,2,G150,,J,1AS002
G1159,GLF2,SPEY 511-8,2,GLF2,,J,SPEY MK511-8
G1159 SP,GLF2,SPEY 511-8,2,GLF2,,J,SPEY MK511-8
G1159 SRA 1,GLF3,SPEY 511-8,2,GLF2,,J,SPEY MK511-8
G1159A,GLF3,SPEY 511-8,2,GLF2,,J,SPEY MK511-8
G1159B,GLF3,SPEY 511-8,2,GLF2,,J,SPEY MK511-8
G1159C TP102,GLF4,TAY 611-8,2,CRJ9,,J,11RR048
G1159SP,GLF2,SPEY 511-8,2,GLF2,,J,SPEY MK511-8
G1159TT,GLF2,SPEY 511-8,2,GLF2,,J,SPEY MK511-8
G150,G150,TFE731-40R-200G,2,G150,,J,1AS002
G200,GALX,PW306A-5,2,HA4T,,J,7PW077
G280,G280,HTF7250G,2,G280,,J,01P11HN012
G300,GLF4,TAY 611-8,2,CRJ9,,J,11RR048
G300MPX,GLF4,TAY 611-8,2,CRJ9,,J,11RR048
G350,GLF4,TAY 611-8C,2,CRJ9,,J,11RR048
G400,GLF4,TAY 611-8,2,CRJ9,,J,11RR048
G450,GLF4,TAY 611-8C,2,CRJ9,,J,11RR048
G500,GA5C,PW814GA,2,GLF5,,J,01P22PW141
G500,GLF5,BR710-48,2,GLF5,,J,4BR008
G550,GLF5,BR710-48,2,GLF5,,J,4BR008
G550 AEW,GLF5,BR710-48,2,GLF5,,J,4BR008
G550 C 37B,GLF5,BR710-48,2,GLF5,,J,4BR008
G600,GA6C,PW815GA,2,GLF5,,J,01P22PW142
G650,GLF6,BR725,2,GLEX,,J,01P11BR016
G650 ER,GLF6,BR725,2,GLEX,,J,01P11BR016
G700,GA7C,Pearl,2,GLEX,,J,06P26RR149
G800,GA8C,Pearl,2,GLEX,,J,06P26RR149
GIV,GLF4,TAY 611-8,2,CRJ9,,J,11RR048
GIV SP,GLF4,TAY 611-8,2,CRJ9,,J,11RR048
GIV SP ECM TP102B,GLF4,TAY 611-8,2,CRJ9,,J,11RR048
GLOBAL 5500,GL5T,BR710A2-20,2,GL5T,,J,01P04BR013
GLOBAL 6500,GLEX,BR710A2-20,2,GLEX,,J,01P04BR013
GV,GLF5,BR710-48,2,GLF5,,J,4BR008
GV C 37A,GLF5,BR710-48,2,GLF5,,J,4BR008
GV ECM,GLF5,BR710-48,2,GLF5,,J,4BR008
HAWKER 4000 HORIZON,HA4T,PW308A,2,HA4T,,J,01P07PW145
HAWKER 400XP,BE40,JT15D-5,2,BE40,,J,1PW037
HONDA JET,HDJT,HF120,2,HDJT,,J,BIZLIGHTJET_F
IAI1121,JCOM,CJ610-1,2,H25A,,J,1AS002
IAI1121B,JCOM,CJ610-5,2,H25A,,J,1AS002
IAI1123,WW23,CJ610-9,2,SBR1,,J,1AS002
IAI1124,WW24,TFE731-3-1G,2,SBR1,,J,1AS002
IAI1124A,WW24,TFE731-3-1G,2,SBR1,,J,1AS002
IAI1125 ASTRA,ASTR,TFE731-3B-100G,2,G150,,J,1AS002
IAI1125SP ASTRA,ASTR,TFE731-3C-200G,2,G150,,J,1AS002
IAI1125SPX ASTRA,ASTR,TFE731-3C-200G,2,G150,,J,1AS002
IAI1126 GALAXY,GALX,PW306A-5,2,HA4T,,J,7PW077
IL62M,IL62,D30KU,4,DC87,,J,1AA003
IL62M F,IL62,D30KU,4,DC87,,J,1AA003
IL76 A50,IL76,D30KP,4,IL76,,J,1AA002
IL76M,IL76,D30KP,4,IL76,,J,1AA002
IL76MD,IL76,D30KP,4,IL76,,J,1AA002
IL76MDK,IL76,D30KP,4,IL76,,J,1AA002
IL76T,IL76,D30KP,4,IL76,,J,1AA002
IL76TD,IL76,D30KP,4,IL76,,J,1AA002
IL76TD 90,IL76,D30KP,4,IL76,,J,1AA002
IL76TD 90VD,IL76,PS-90A-76,4,IL76,,J,13AA006
IL78,IL76,D30KP2,4,IL76,,J,1AA002
IL78M,IL76,D30KP,4,IL76,,J,1AA002
IL78MD,IL76,D30KP,4,IL76,,J,1AA002
IL86,IL86,NK-86,4,IL86,,J,1KK003
IL86VKP,IL86,NK-86,4,IL86,,J,1KK003
IL96,IL96,PW2337,4,IL96,,J,4PW072
IL96 300,IL96,PS-90A,4,IL96,,J,13AA006
IL96 300T,IL96,PS-90A,4,IL96,,J,13AA006
IL96 400T,IL96,PS-90A,4,IL96,,J,13AA006
KC 10A,DC10,CF6-50C1,3,DC10,,J,3GE073
KC 46A PEGASUS B767 2C,B762,PW4062,2,B762,B762GE50,J,12PW102
KC 46A PEGASUS B767 2LK,B762,CF6-80C2B6F,2,B762,B762GE50,J,01P02GE188
KDC10 30CF,DC10,CF6-50C,3,DC10,,J,3GE070
L1011 1 F,L101,RB211-22B,3,L101,,J,1RR002
L1011 100,L101,RB211-22B,3,L101,,J,1RR002
L1011 200,L101,RB211-524B4,3,L101,,J,1RR005
L1011 200 F,L101,RB211-524B-02,3,L101,,J,1RR005
L1011 250,L101,RB211-524B4,3,L101,,J,1RR005
L1011 500,L101,RB211-524B4,3,L101,,J,1RR005
L1011 KC1,L101,RB211-524,3,L101,,J,1RR005
L1011 KC2,L101,RB211-524,3,L101,,J,1RR005
L1329 731,L29B,TFE731-3,4,CL60,,J,1AS002
L1329 8,L29A,JT12A-8,4,CL60,,J,1AS002
L1329 II,L29B,TFE731-3,4,CL60,,J,1AS002
LEARJET 24,LJ24,CJ610-4,2,LJ25,,J,1AS002
LEARJET 24D,LJ24,CJ610-6,2,LJ25,,J,CJ610-6
LEARJET 24E,LJ24,CJ610-6,2,LJ25,,J,CJ610-6
LEARJET 24F,LJ24,CJ610-6,2,LJ25,,J,CJ610-6
LEARJET 24XR,LJ24,CJ610-6,2,LJ25,,J,CJ610-6
LEARJET 25,LJ25,CJ610-6,2,LJ25,,J,CJ610-6
LEARJET 25B,LJ25,CJ610-6,2,LJ25,,J,CJ610-6
LEARJET 25C,LJ25,CJ610-6,2,LJ25,,J,CJ610-6
LEARJET 25D,LJ25,CJ610-8A,2,LJ25,,J,1AS002
LEARJET 31,LJ31,TFE731-2-3B,2,BE40,,J,1AS001
LEARJET 31A,LJ31,TFE731-2-3B,2,BE40,,J,1AS001
LEARJET 35,LJ35,TFE731-2-2B,2,LJ35,,J,1AS001
LEARJET 35A,LJ35,TFE731-2-2B,2,LJ35,,J,1AS001
LEARJET 35A C 21A,LJ35,TFE731-2-2B,2,LJ35,,J,1AS001
LEARJET 35A C 35A,LJ35,TFE731-2-2B,2,LJ35,,J,1AS001
LEARJET 36,LJ35,TFE731-2-2B,2,LJ35,,J,1AS001
LEARJET 36A,LJ35,TFE731-2-2B,2,LJ35,,J,1AS001
LEARJET 40,LJ40,TFE731-20AR,2,LJ45,,J,1AS002
LEARJET 45,LJ45,TFE731-20AR,2,LJ45,,J,1AS002
LEARJET 45XR,LJ45,TFE731-20AR,2,LJ45,,J,1AS002
LEARJET 55,LJ55,TFE731-3AR-2B,2,LJ60,,J,1AS002
LEARJET 55B,LJ55,TFE731-3AR-2B,2,LJ60,,J,1AS002
LEARJET 55C,LJ55,TFE731-3AR-2B,2,LJ60,,J,1AS002
LEARJET 55ER,LJ55,TFE731-3AR-2B,2,LJ60,,J,1AS002
LEARJET 60,LJ60,PW305A,2,LJ60,,J,03P16PW192
LEARJET 60XR,LJ60,PW305A,2,LJ60,,J,03P16PW192
LEARJET 70,LJ70,TFE731-40BR,2,LJ75,,J,1AS002
LEARJET 75,LJ75,TFE731-40BR,2,LJ75,,J,1AS002
LEGACY 450,E545,HTF7500E,2,E545,,J,01P14HN016
LEGACY 500,E550,HTF7500E,2,E550,,J,01P14HN016
LEGACY 600,E35L,AE3007A3,2,E35L,EMB-135BJ-Legacy600,J,01P06AL034
LEGACY 650,E35L,AE3007A3,2,E35L,EMB-135BJ-Legacy600,J,01P06AL034
LJ45,LJ45,UNKNOWN,2,LJ45,,J,1AS002
MC 21 300,A20N,PW1431G,2,A20N,,J,01P22PW175
MC 21 310,A20N,PW1431G,2,A20N,,J,01P22PW175
MD 11 F,MD11,CF6-80C2D1F,3,MD11,,J,2GE049
MD10 10 F,DC10,CF6-6D,3,DC10,,J,1GE001
MD10 10CF,DC10,CF6-6D,3,DC10,,J,1GE001
MD10 30CF,DC10,CF6-50C2,3,DC10,,J,3GE074
MD10 30F,DC10,CF6-50C2,3,DC10,,J,3GE074
MD11,MD11,CF6-80C2D1F,3,MD11,,J,2GE049
MD11 F,MD11,CF6-80C2D1F,3,MD11,,J,2GE049
MD11C F,MD11,CF6-80C2D1F,3,MD11,,J,2GE049
MD11CF,MD11,PW4462,3,MD11,,J,1PW052
MD11ER,MD11,PW4462,3,MD11,,J,1PW052
MD11ER F,MD11,CF6-80C2D1F,3,MD11,,J,2GE049
MD11F,MD11,CF6-80C2D1F,3,MD11,,J,2GE049
MD81,MD81,JT8D-217C,2,MD82,MD808120,J,4PW070
MD82,MD82,JT8D-217C,2,MD82,MD808221,J,4PW070
MD82 F,MD82,JT8D-217C,2,MD82,MD808221,J,4PW070
MD82 SF,MD82,JT8D-219,2,MD82,MD808221,J,4PW071
MD83,MD83,JT8D-219,2,MD83,MD808321,J,4PW071
MD87,MD87,JT8D-217C,2,MD82,MD808720,J,4PW070
MD88,MD88,JT8D-219,2,MD82,MD808821,J,4PW071
MD90 30,MD90,V2525-D5,2,MD83,,J,1IA002
MD90 30ER,MD90,V2528-D5,2,MD83,,J,1IA004
MDC SAIC MD82,MD82,JT8D-217A,2,MD82,MD808221,J,4PW069
MRJ 90 STD,MRJ9,PW1217G,2,A148,,J,01P22PW169
MS760 PARIS II,MS76,MARBORE VI-C2,2,EA50,,J,BIZLIGHTJET_F
MU300 1,MU30,JT15D-4,2,BE40,,J,1PW036
MU300 1A,MU30,JT15D-4D,2,BE40,,J,1PW036
PC24,PC24,FJ44-4A,2,C560,,J,1AS001
PHENOM 100,E50P,PW617F,2,E50P,EMB-500,J,PW610F
PHENOM 300,E55P,PW535,2,E55P,EMB-505,J,PW530
PRAETOR 500,E545,HTF7500E,2,E545,,J,01P14HN016
PRAETOR 600,E550,HTF7500E,2,E550,,J,01P14HN016
RA 390,PRM1,FJ44-2A,2,PRM1,,J,1AS001
ROMBAC1 11 561RC,BA11,SPEY 512-14DW,2,BA11,,J,8RR043
SABRE 40 TP86,SBR1,JT12A-8A,2,SBR1,,J,1PW037
SABRE 40A,SBR1,JT12A-8A,2,SBR1,,J,1PW037
SABRE 60,SBR1,JT12A-8A,2,SBR1,,J,1PW037
SABRE 65,SBR1,TFE731-3R-1D,2,SBR1,,J,1AS002
SABRE 75A,SBR2,CF700-2D2,2,SBR1,,J,CF700-2D
SABRE CT39A,SBR1,J60-P-3,2,SBR1,,J,1PW037
SABRE CT39G,SBR1,JT12A-8A,2,SBR1,,J,1PW037
SABRE T 39N SABRE 40,SBR1,JT12A-8A,2,SBR1,,J,1PW037
SF50,SF50,FJ33,1,SF50,,J,1AS001
SJ30 2,SJ30,FJ44-2A,2,LJ25,,J,1AS001
SN601 CORVETTE,S601,JT15D-4,2,C550,,J,1PW036
SPN GROB 180,GSPN,FJ44-3A,2,C550,,J,1AS001
SSJ100 95,SU95,SaM146-1S17,2,SU95,,J,01P11PJ003
SSJ100 95B,SU95,SaM146-1S17,2,SU95,,J,01P11PJ003
SSJ100 95LR,SU95,SaM146-1S18,2,SU95,,J,01P11PJ004
SSJ100 95SBJ,SU95,SaM146-1S18,2,SU95,,J,01P11PJ004
TU134A,T134,D-30-II,2,T134,,J,1AA001
TU134A 1,T134,D-30-III,2,T134,,J,1AA001
TU134A 3,T134,D-30-III,2,T134,,J,1AA001
TU134A 3 TU135,T134,D-30-III,2,T134,,J,1AA001
TU134A 3CX,T134,D-30-III,2,T134,,J,1AA001
TU134A 3M,T134,D-30-III,2,T134,,J,1AA001
TU134A TU135,T134,D-30-II,2,T134,,J,1AA001
TU134AK,T134,D-30-II,2,T134,,J,1AA001
TU134B 3,T134,D-30-III,2,T134,,J,1AA001
TU134B 3M,T134,D-30-III,2,T134,,J,1AA001
TU154B1,T154,NK8-2U,3,T154,,J,1KK001
TU154B2,T154,NK8-2U,3,T154,,J,1KK001
TU154M,T154,D30KU-154-II,3,T154,,J,1AA004
TU154M LK1,T154,D30KU-154-II,3,T154,,J,1AA004
TU204,T204,PS-90AT,2,T204,,J,13AA006
TU204 100,T204,PS-90AT,2,T204,,J,13AA006
TU204 100C,T204,PS-90AT,2,T204,,J,13AA006
TU204 100CE,T204,PS-90A2,2,T204,,J,13AA008
TU204 120,T204,PS-90AT,2,T204,,J,13AA006
TU204 120C,T204,PS-90AT,2,T204,,J,13AA006
TU204 120E,T204,PS-90AT,2,T204,,J,13AA006
TU204 200C3 TU 214,T204,PS-90AT,2,T204,,J,13AA006
TU204 300,T204,PS-90AT,2,T204,,J,13AA006
TU214,T204,PS-90AT,2,T204,,J,13AA006
TU234,T204,PS-90AT,2,T204,,J,13AA006
VC 135B,R135,UNKNOWN,4,DC87,,J,1CM001
VC 99C EMB135BJ,E35L,AE3007A3,2,E35L,EMB-135BJ-Legacy600,J,01P06AL034
VC10 C1 1106,VC10,UNKNOWN,4,B703,,J,1PW002
VC10 C1K,VC10,UNKNOWN,4,B703,,J,1PW002
VC25A B747,B74R,CF6-80C2B1,4,B742,,J,2GE041
VFW614,VF14,M45H MK.501,2,E135,,J,1RR001
YAK 40,YK40,AI-25,3,YK40,,J,AI-24VT
YAK 40D,YK40,AI-25,3,YK40,,J,AI-24VT
YAK 40K,YK40,AI-25,3,YK40,,J,AI-24VT
YAK 42,YK42,D-36,3,YK42,,J,1ZM001
YAK 42 100,YK42,D-36,3,YK42,,J,1ZM001
YAK 42D,YK42,D-36,3,YK42,,J,1ZM001